Year,Series,Units,Material category,Observation status,Unit multiplier,Value
2000,Domestic material consumption,Tonnes,Biomass,Normal value,Millions,175.26270000000002
2001,Domestic material consumption,Tonnes,Biomass,Normal value,Millions,168.8858
2002,Domestic material consumption,Tonnes,Biomass,Normal value,Millions,175.2722
2003,Domestic material consumption,Tonnes,Biomass,Normal value,Millions,170.6331
2004,Domestic material consumption,Tonnes,Biomass,Normal value,Millions,173.85979999999998
2005,Domestic material consumption,Tonnes,Biomass,Normal value,Millions,172.35
2006,Domestic material consumption,Tonnes,Biomass,Normal value,Millions,167.6474
2007,Domestic material consumption,Tonnes,Biomass,Normal value,Millions,161.9503
2008,Domestic material consumption,Tonnes,Biomass,Normal value,Millions,169.2388
2009,Domestic material consumption,Tonnes,Biomass,Normal value,Millions,163.6012
2010,Domestic material consumption,Tonnes,Biomass,Normal value,Millions,160.5664
2011,Domestic material consumption,Tonnes,Biomass,Normal value,Millions,165.00920000000002
2012,Domestic material consumption,Tonnes,Biomass,Normal value,Millions,159.18079999999998
2013,Domestic material consumption,Tonnes,Biomass,Normal value,Millions,169.7735
2014,Domestic material consumption,Tonnes,Biomass,Normal value,Millions,181.1643
2015,Domestic material consumption,Tonnes,Biomass,Normal value,Millions,174.8206
2016,Domestic material consumption,Tonnes,Biomass,Normal value,Millions,168.5528
2017,Domestic material consumption,Tonnes,Biomass,Normal value,Millions,182.7068
2018,Domestic material consumption,Tonnes,Biomass,Normal value,Millions,174.939
2019,Domestic material consumption,Tonnes,Biomass,Normal value,Millions,187.0352
2020,Domestic material consumption,Tonnes,Biomass,Normal value,Millions,170.1276
2021,Domestic material consumption,Tonnes,Biomass,Normal value,Millions,186.1061
2000,Domestic material consumption,Tonnes,Fossil fuels,Normal value,Millions,240.5941
2001,Domestic material consumption,Tonnes,Fossil fuels,Normal value,Millions,242.2288
2002,Domestic material consumption,Tonnes,Fossil fuels,Normal value,Millions,231.5079
2003,Domestic material consumption,Tonnes,Fossil fuels,Normal value,Millions,244.3175
2004,Domestic material consumption,Tonnes,Fossil fuels,Normal value,Millions,254.1597
2005,Domestic material consumption,Tonnes,Fossil fuels,Normal value,Millions,250.8314
2006,Domestic material consumption,Tonnes,Fossil fuels,Normal value,Millions,245.6987
2007,Domestic material consumption,Tonnes,Fossil fuels,Normal value,Millions,239.3952
2008,Domestic material consumption,Tonnes,Fossil fuels,Normal value,Millions,226.3067
2009,Domestic material consumption,Tonnes,Fossil fuels,Normal value,Millions,208.7317
2010,Domestic material consumption,Tonnes,Fossil fuels,Normal value,Millions,193.3395
2011,Domestic material consumption,Tonnes,Fossil fuels,Normal value,Millions,192.7129
2012,Domestic material consumption,Tonnes,Fossil fuels,Normal value,Millions,194.1826
2013,Domestic material consumption,Tonnes,Fossil fuels,Normal value,Millions,183.2874
2014,Domestic material consumption,Tonnes,Fossil fuels,Normal value,Millions,170.6576
2015,Domestic material consumption,Tonnes,Fossil fuels,Normal value,Millions,160.86970000000002
2016,Domestic material consumption,Tonnes,Fossil fuels,Normal value,Millions,149.0338
2017,Domestic material consumption,Tonnes,Fossil fuels,Normal value,Millions,145.56529999999998
2018,Domestic material consumption,Tonnes,Fossil fuels,Normal value,Millions,148.5287
2019,Domestic material consumption,Tonnes,Fossil fuels,Normal value,Millions,141.0641
2020,Domestic material consumption,Tonnes,Fossil fuels,Normal value,Millions,120.8941
2021,Domestic material consumption,Tonnes,Fossil fuels,Normal value,Millions,122.7676
2000,Domestic material consumption,Tonnes,Metal ores,Normal value,Millions,16.9655
2001,Domestic material consumption,Tonnes,Metal ores,Normal value,Millions,20.3047
2002,Domestic material consumption,Tonnes,Metal ores,Normal value,Millions,18.8867
2003,Domestic material consumption,Tonnes,Metal ores,Normal value,Millions,17.4026
2004,Domestic material consumption,Tonnes,Metal ores,Normal value,Millions,19.2925
2005,Domestic material consumption,Tonnes,Metal ores,Normal value,Millions,17.2714
2006,Domestic material consumption,Tonnes,Metal ores,Normal value,Millions,18.0786
2007,Domestic material consumption,Tonnes,Metal ores,Normal value,Millions,20.529400000000003
2008,Domestic material consumption,Tonnes,Metal ores,Normal value,Millions,15.4364
2009,Domestic material consumption,Tonnes,Metal ores,Normal value,Millions,6.2533
2010,Domestic material consumption,Tonnes,Metal ores,Normal value,Millions,9.4369
2011,Domestic material consumption,Tonnes,Metal ores,Normal value,Millions,8.9764
2012,Domestic material consumption,Tonnes,Metal ores,Normal value,Millions,9.8519
2013,Domestic material consumption,Tonnes,Metal ores,Normal value,Millions,12.6563
2014,Domestic material consumption,Tonnes,Metal ores,Normal value,Millions,14.8839
2015,Domestic material consumption,Tonnes,Metal ores,Normal value,Millions,13.634
2016,Domestic material consumption,Tonnes,Metal ores,Normal value,Millions,12.1943
2017,Domestic material consumption,Tonnes,Metal ores,Normal value,Millions,11.5625
2018,Domestic material consumption,Tonnes,Metal ores,Normal value,Millions,11.2525
2019,Domestic material consumption,Tonnes,Metal ores,Normal value,Millions,13.3967
2020,Domestic material consumption,Tonnes,Metal ores,Normal value,Millions,7.860600000000001
2021,Domestic material consumption,Tonnes,Metal ores,Normal value,Millions,7.4811
2000,Domestic material consumption,Tonnes,Non-metallic minerals,Normal value,Millions,295.27259999999995
2001,Domestic material consumption,Tonnes,Non-metallic minerals,Normal value,Millions,303.8595
2002,Domestic material consumption,Tonnes,Non-metallic minerals,Normal value,Millions,289.6793
2003,Domestic material consumption,Tonnes,Non-metallic minerals,Normal value,Millions,283.7565
2004,Domestic material consumption,Tonnes,Non-metallic minerals,Normal value,Millions,295.0295
2005,Domestic material consumption,Tonnes,Non-metallic minerals,Normal value,Millions,284.6635
2006,Domestic material consumption,Tonnes,Non-metallic minerals,Normal value,Millions,284.1127
2007,Domestic material consumption,Tonnes,Non-metallic minerals,Normal value,Millions,289.537
2008,Domestic material consumption,Tonnes,Non-metallic minerals,Normal value,Millions,256.2833
2009,Domestic material consumption,Tonnes,Non-metallic minerals,Normal value,Millions,205.8602
2010,Domestic material consumption,Tonnes,Non-metallic minerals,Normal value,Millions,203.1571
2011,Domestic material consumption,Tonnes,Non-metallic minerals,Normal value,Millions,206.7767
2012,Domestic material consumption,Tonnes,Non-metallic minerals,Normal value,Millions,184.7587
2013,Domestic material consumption,Tonnes,Non-metallic minerals,Normal value,Millions,189.1032
2014,Domestic material consumption,Tonnes,Non-metallic minerals,Normal value,Millions,211.4004
2015,Domestic material consumption,Tonnes,Non-metallic minerals,Normal value,Millions,209.4201
2016,Domestic material consumption,Tonnes,Non-metallic minerals,Normal value,Millions,219.7402
2017,Domestic material consumption,Tonnes,Non-metallic minerals,Normal value,Millions,219.3873
2018,Domestic material consumption,Tonnes,Non-metallic minerals,Normal value,Millions,227.2599
2019,Domestic material consumption,Tonnes,Non-metallic minerals,Normal value,Millions,221.0995
2020,Domestic material consumption,Tonnes,Non-metallic minerals,Normal value,Millions,196.387
2021,Domestic material consumption,Tonnes,Non-metallic minerals,Normal value,Millions,217.5626
2000,Domestic material consumption,Tonnes,,Normal value,Millions,736.0925
2001,Domestic material consumption,Tonnes,,Normal value,Millions,743.2284000000001
2002,Domestic material consumption,Tonnes,,Normal value,Millions,721.9182
2003,Domestic material consumption,Tonnes,,Normal value,Millions,722.968
2004,Domestic material consumption,Tonnes,,Normal value,Millions,751.9122
2005,Domestic material consumption,Tonnes,,Normal value,Millions,732.608
2006,Domestic material consumption,Tonnes,,Normal value,Millions,724.2121
2007,Domestic material consumption,Tonnes,,Normal value,Millions,718.9167
2008,Domestic material consumption,Tonnes,,Normal value,Millions,674.9923
2009,Domestic material consumption,Tonnes,,Normal value,Millions,591.5994000000001
2010,Domestic material consumption,Tonnes,,Normal value,Millions,575.3452
2011,Domestic material consumption,Tonnes,,Normal value,Millions,581.3488000000001
2012,Domestic material consumption,Tonnes,,Normal value,Millions,555.3701
2013,Domestic material consumption,Tonnes,,Normal value,Millions,562.9723
2014,Domestic material consumption,Tonnes,,Normal value,Millions,586.39
2015,Domestic material consumption,Tonnes,,Normal value,Millions,566.4305
2016,Domestic material consumption,Tonnes,,Normal value,Millions,558.2432
2017,Domestic material consumption,Tonnes,,Normal value,Millions,567.8934
2018,Domestic material consumption,Tonnes,,Normal value,Millions,570.8358000000001
2019,Domestic material consumption,Tonnes,,Normal value,Millions,577.3412
2020,Domestic material consumption,Tonnes,,Normal value,Millions,509.5677
2021,Domestic material consumption,Tonnes,,Normal value,Millions,544.1757
2000,Domestic material consumption per capita,Tonnes,Biomass,Normal value,Units,2.976300009679704
2001,Domestic material consumption per capita,Tonnes,Biomass,Normal value,Units,2.856995923062609
2002,Domestic material consumption per capita,Tonnes,Biomass,Normal value,Units,2.952415283572838
2003,Domestic material consumption per capita,Tonnes,Biomass,Normal value,Units,2.8612114474146795
2004,Domestic material consumption per capita,Tonnes,Biomass,Normal value,Units,2.9000624583363663
2005,Domestic material consumption per capita,Tonnes,Biomass,Normal value,Units,2.8528497610359684
2006,Domestic material consumption per capita,Tonnes,Biomass,Normal value,Units,2.756131575438283
2007,Domestic material consumption per capita,Tonnes,Biomass,Normal value,Units,2.641108007581653
2008,Domestic material consumption per capita,Tonnes,Biomass,Normal value,Units,2.7374389255964515
2009,Domestic material consumption per capita,Tonnes,Biomass,Normal value,Units,2.6276890932075285
2010,Domestic material consumption per capita,Tonnes,Biomass,Normal value,Units,2.558441551819697
2011,Domestic material consumption per capita,Tonnes,Biomass,Normal value,Units,2.607392303517674
2012,Domestic material consumption per capita,Tonnes,Biomass,Normal value,Units,2.498716349399725
2013,Domestic material consumption per capita,Tonnes,Biomass,Normal value,Units,2.6483389437069
2014,Domestic material consumption per capita,Tonnes,Biomass,Normal value,Units,2.8045419373407503
2015,Domestic material consumption per capita,Tonnes,Biomass,Normal value,Units,2.685002437565921
2016,Domestic material consumption per capita,Tonnes,Biomass,Normal value,Units,2.567521651136833
2017,Domestic material consumption per capita,Tonnes,Biomass,Normal value,Units,2.766598522848853
2018,Domestic material consumption per capita,Tonnes,Biomass,Normal value,Units,2.633213693572192
2019,Domestic material consumption per capita,Tonnes,Biomass,Normal value,Units,2.8000619849987745
2020,Domestic material consumption per capita,Tonnes,Biomass,Normal value,Units,2.5361429695822237
2021,Domestic material consumption per capita,Tonnes,Biomass,Normal value,Units,2.776613392249119
2000,Domestic material consumption per capita,Tonnes,Fossil fuels,Normal value,Units,4.085753683806535
2001,Domestic material consumption per capita,Tonnes,Fossil fuels,Normal value,Units,4.097719621741411
2002,Domestic material consumption per capita,Tonnes,Fossil fuels,Normal value,Units,3.8996912358483096
2003,Domestic material consumption per capita,Tonnes,Fossil fuels,Normal value,Units,4.096766851236577
2004,Domestic material consumption per capita,Tonnes,Fossil fuels,Normal value,Units,4.239502198852371
2005,Domestic material consumption per capita,Tonnes,Fossil fuels,Normal value,Units,4.151925149697228
2006,Domestic material consumption per capita,Tonnes,Fossil fuels,Normal value,Units,4.039298820704277
2007,Domestic material consumption per capita,Tonnes,Fossil fuels,Normal value,Units,3.9040902035785767
2008,Domestic material consumption per capita,Tonnes,Fossil fuels,Normal value,Units,3.660512658464127
2009,Domestic material consumption per capita,Tonnes,Fossil fuels,Normal value,Units,3.352554941508166
2010,Domestic material consumption per capita,Tonnes,Fossil fuels,Normal value,Units,3.080643337635049
2011,Domestic material consumption per capita,Tonnes,Fossil fuels,Normal value,Units,3.0451522233219186
2012,Domestic material consumption per capita,Tonnes,Fossil fuels,Normal value,Units,3.048151770747145
2013,Domestic material consumption per capita,Tonnes,Fossil fuels,Normal value,Units,2.859145622319055
2014,Domestic material consumption per capita,Tonnes,Fossil fuels,Normal value,Units,2.6418913446298355
2015,Domestic material consumption per capita,Tonnes,Fossil fuels,Normal value,Units,2.470735923744104
2016,Domestic material consumption per capita,Tonnes,Fossil fuels,Normal value,Units,2.2701937212030683
2017,Domestic material consumption per capita,Tonnes,Fossil fuels,Normal value,Units,2.2041913270773184
2018,Domestic material consumption per capita,Tonnes,Fossil fuels,Normal value,Units,2.2356810472706257
2019,Domestic material consumption per capita,Tonnes,Fossil fuels,Normal value,Units,2.11183896859022
2020,Domestic material consumption per capita,Tonnes,Fossil fuels,Normal value,Units,1.802204473459746
2021,Domestic material consumption per capita,Tonnes,Fossil fuels,Normal value,Units,1.8316334730257795
2000,Domestic material consumption per capita,Tonnes,Metal ores,Normal value,Units,0.2881070405409766
2001,Domestic material consumption per capita,Tonnes,Metal ores,Normal value,Units,0.3434878960634716
2002,Domestic material consumption per capita,Tonnes,Metal ores,Normal value,Units,0.3181416204980317
2003,Domestic material consumption per capita,Tonnes,Metal ores,Normal value,Units,0.291810430302085
2004,Domestic material consumption per capita,Tonnes,Metal ores,Normal value,Units,0.3218078876051528
2005,Domestic material consumption per capita,Tonnes,Metal ores,Normal value,Units,0.2858874926762786
2006,Domestic material consumption per capita,Tonnes,Metal ores,Normal value,Units,0.2972130811436297
2007,Domestic material consumption per capita,Tonnes,Metal ores,Normal value,Units,0.3347963093050572
2008,Domestic material consumption per capita,Tonnes,Metal ores,Normal value,Units,0.2496838918207708
2009,Domestic material consumption per capita,Tonnes,Metal ores,Normal value,Units,0.1004376997635386
2010,Domestic material consumption per capita,Tonnes,Metal ores,Normal value,Units,0.1503661854557821
2011,Domestic material consumption per capita,Tonnes,Metal ores,Normal value,Units,0.1418405535769887
2012,Domestic material consumption per capita,Tonnes,Metal ores,Normal value,Units,0.1546486988547058
2013,Domestic material consumption per capita,Tonnes,Metal ores,Normal value,Units,0.1974287634597722
2014,Domestic material consumption per capita,Tonnes,Metal ores,Normal value,Units,0.2304125136198798
2015,Domestic material consumption per capita,Tonnes,Metal ores,Normal value,Units,0.2093993684598598
2016,Domestic material consumption per capita,Tonnes,Metal ores,Normal value,Units,0.1857526500328555
2017,Domestic material consumption per capita,Tonnes,Metal ores,Normal value,Units,0.1750826757429929
2018,Domestic material consumption per capita,Tonnes,Metal ores,Normal value,Units,0.1693746796707485
2019,Domestic material consumption per capita,Tonnes,Metal ores,Normal value,Units,0.2005589877971263
2020,Domestic material consumption per capita,Tonnes,Metal ores,Normal value,Units,0.1171803130514862
2021,Domestic material consumption per capita,Tonnes,Metal ores,Normal value,Units,0.111614409461887
2000,Domestic material consumption per capita,Tonnes,Non-metallic minerals,Normal value,Units,5.01430048857031
2001,Domestic material consumption per capita,Tonnes,Non-metallic minerals,Normal value,Units,5.139470167306683
2002,Domestic material consumption per capita,Tonnes,Non-metallic minerals,Normal value,Units,4.879573558468947
2003,Domestic material consumption per capita,Tonnes,Non-metallic minerals,Normal value,Units,4.758088237735372
2004,Domestic material consumption per capita,Tonnes,Non-metallic minerals,Normal value,Units,4.921229502459735
2005,Domestic material consumption per capita,Tonnes,Non-metallic minerals,Normal value,Units,4.711936164494705
2006,Domestic material consumption per capita,Tonnes,Non-metallic minerals,Normal value,Units,4.670826886984375
2007,Domestic material consumption per capita,Tonnes,Non-metallic minerals,Normal value,Units,4.721809648955077
2008,Domestic material consumption per capita,Tonnes,Non-metallic minerals,Normal value,Units,4.145384400033048
2009,Domestic material consumption per capita,Tonnes,Non-metallic minerals,Normal value,Units,3.30643419648218
2010,Domestic material consumption per capita,Tonnes,Non-metallic minerals,Normal value,Units,3.237075541253895
2011,Domestic material consumption per capita,Tonnes,Non-metallic minerals,Normal value,Units,3.267381310416529
2012,Domestic material consumption per capita,Tonnes,Non-metallic minerals,Normal value,Units,2.900221536666728
2013,Domestic material consumption per capita,Tonnes,Non-metallic minerals,Normal value,Units,2.9498677292957654
2014,Domestic material consumption per capita,Tonnes,Non-metallic minerals,Normal value,Units,3.2726165550862367
2015,Domestic material consumption per capita,Tonnes,Non-metallic minerals,Normal value,Units,3.216402866568923
2016,Domestic material consumption per capita,Tonnes,Non-metallic minerals,Normal value,Units,3.3472462108320835
2017,Domestic material consumption per capita,Tonnes,Non-metallic minerals,Normal value,Units,3.3220251250188726
2018,Domestic material consumption per capita,Tonnes,Non-metallic minerals,Normal value,Units,3.42075741075373
2019,Domestic material consumption per capita,Tonnes,Non-metallic minerals,Normal value,Units,3.3100309719894248
2020,Domestic material consumption per capita,Tonnes,Non-metallic minerals,Normal value,Units,2.9275996920390583
2021,Domestic material consumption per capita,Tonnes,Non-metallic minerals,Normal value,Units,3.2459292243109616
2000,Domestic material consumption per capita,Tonnes,,Normal value,Units,12.500275956465108
2001,Domestic material consumption per capita,Tonnes,,Normal value,Units,12.573011012805985
2002,Domestic material consumption per capita,Tonnes,,Normal value,Units,12.16052703834032
2003,Domestic material consumption per capita,Tonnes,,Normal value,Units,12.122878373038382
2004,Domestic material consumption per capita,Tonnes,,Normal value,Units,12.542245781860473
2005,Domestic material consumption per capita,Tonnes,,Normal value,Units,12.126606079100892
2006,Domestic material consumption per capita,Tonnes,,Normal value,Units,11.906082862749242
2007,Domestic material consumption per capita,Tonnes,,Normal value,Units,11.724193491177092
2008,Domestic material consumption per capita,Tonnes,,Normal value,Units,10.91800577939502
2009,Domestic material consumption per capita,Tonnes,,Normal value,Units,9.502004208576206
2010,Domestic material consumption per capita,Tonnes,,Normal value,Units,9.167466333678863
2011,Domestic material consumption per capita,Tonnes,,Normal value,Units,9.186181054021446
2012,Domestic material consumption per capita,Tonnes,,Normal value,Units,8.71783750827839
2013,Domestic material consumption per capita,Tonnes,,Normal value,Units,8.7819445691951
2014,Domestic material consumption per capita,Tonnes,,Normal value,Units,9.07770099648354
2015,Domestic material consumption per capita,Tonnes,,Normal value,Units,8.699588453601484
2016,Domestic material consumption per capita,Tonnes,,Normal value,Units,8.503575749556871
2017,Domestic material consumption per capita,Tonnes,,Normal value,Units,8.599203979138233
2018,Domestic material consumption per capita,Tonnes,,Normal value,Units,8.592324440754988
2019,Domestic material consumption per capita,Tonnes,,Normal value,Units,8.643245477287559
2020,Domestic material consumption per capita,Tonnes,,Normal value,Units,7.596277969483984
2021,Domestic material consumption per capita,Tonnes,,Normal value,Units,8.118839395143624
2000,Domestic material consumption per unit of GDP,Tonnes per $m,Biomass,Normal value,Units,49.822022282617496
2001,Domestic material consumption per unit of GDP,Tonnes per $m,Biomass,Normal value,Units,47.848555564014745
2002,Domestic material consumption per unit of GDP,Tonnes per $m,Biomass,Normal value,Units,49.87865148926764
2003,Domestic material consumption per unit of GDP,Tonnes per $m,Biomass,Normal value,Units,48.27390282768092
2004,Domestic material consumption per unit of GDP,Tonnes per $m,Biomass,Normal value,Units,49.33492489540994
2005,Domestic material consumption per unit of GDP,Tonnes per $m,Biomass,Normal value,Units,49.06966649336848
2006,Domestic material consumption per unit of GDP,Tonnes per $m,Biomass,Normal value,Units,48.12501035727235
2007,Domestic material consumption per unit of GDP,Tonnes per $m,Biomass,Normal value,Units,46.38385176025747
2008,Domestic material consumption per unit of GDP,Tonnes per $m,Biomass,Normal value,Units,50.16082348572618
2009,Domestic material consumption per unit of GDP,Tonnes per $m,Biomass,Normal value,Units,51.74989370267052
2010,Domestic material consumption per unit of GDP,Tonnes per $m,Biomass,Normal value,Units,50.29579286974099
2011,Domestic material consumption per unit of GDP,Tonnes per $m,Biomass,Normal value,Units,52.22781585058154
2012,Domestic material consumption per unit of GDP,Tonnes per $m,Biomass,Normal value,Units,50.39687052754153
2013,Domestic material consumption per unit of GDP,Tonnes per $m,Biomass,Normal value,Units,53.93605042912259
2014,Domestic material consumption per unit of GDP,Tonnes per $m,Biomass,Normal value,Units,56.482987873481605
2015,Domestic material consumption per unit of GDP,Tonnes per $m,Biomass,Normal value,Units,53.610595011156455
2016,Domestic material consumption per unit of GDP,Tonnes per $m,Biomass,Normal value,Units,51.54350919123104
2017,Domestic material consumption per unit of GDP,Tonnes per $m,Biomass,Normal value,Units,55.51599148674996
2018,Domestic material consumption per unit of GDP,Tonnes per $m,Biomass,Normal value,Units,53.17288183280033
2019,Domestic material consumption per unit of GDP,Tonnes per $m,Biomass,Normal value,Units,57.13438767966678
2020,Domestic material consumption per unit of GDP,Tonnes per $m,Biomass,Normal value,Units,61.87874241726195
2021,Domestic material consumption per unit of GDP,Tonnes per $m,Biomass,Normal value,Units,63.14310695007977
2000,Domestic material consumption per unit of GDP,Tonnes per $m,Fossil fuels,Normal value,Units,68.39381460668073
2001,Domestic material consumption per unit of GDP,Tonnes per $m,Fossil fuels,Normal value,Units,68.62801708042572
2002,Domestic material consumption per unit of GDP,Tonnes per $m,Fossil fuels,Normal value,Units,65.88210715168876
2003,Domestic material consumption per unit of GDP,Tonnes per $m,Fossil fuels,Normal value,Units,69.11999637879131
2004,Domestic material consumption per unit of GDP,Tonnes per $m,Fossil fuels,Normal value,Units,72.12104069451318
2005,Domestic material consumption per unit of GDP,Tonnes per $m,Fossil fuels,Normal value,Units,71.41405943756719
2006,Domestic material consumption per unit of GDP,Tonnes per $m,Fossil fuels,Normal value,Units,70.53048530587623
2007,Domestic material consumption per unit of GDP,Tonnes per $m,Fossil fuels,Normal value,Units,68.56468601118486
2008,Domestic material consumption per unit of GDP,Tonnes per $m,Fossil fuels,Normal value,Units,67.07522407590452
2009,Domestic material consumption per unit of GDP,Tonnes per $m,Fossil fuels,Normal value,Units,66.02545267013758
2010,Domestic material consumption per unit of GDP,Tonnes per $m,Fossil fuels,Normal value,Units,60.56163335255252
2011,Domestic material consumption per unit of GDP,Tonnes per $m,Fossil fuels,Normal value,Units,60.99644052108328
2012,Domestic material consumption per unit of GDP,Tonnes per $m,Fossil fuels,Normal value,Units,61.47849081611216
2013,Domestic material consumption per unit of GDP,Tonnes per $m,Fossil fuels,Normal value,Units,58.229337614072655
2014,Domestic material consumption per unit of GDP,Tonnes per $m,Fossil fuels,Normal value,Units,53.20723316523993
2015,Domestic material consumption per unit of GDP,Tonnes per $m,Fossil fuels,Normal value,Units,49.33240325377122
2016,Domestic material consumption per unit of GDP,Tonnes per $m,Fossil fuels,Normal value,Units,45.57459170125971
2017,Domestic material consumption per unit of GDP,Tonnes per $m,Fossil fuels,Normal value,Units,44.23043890849275
2018,Domestic material consumption per unit of GDP,Tonnes per $m,Fossil fuels,Normal value,Units,45.145445063018826
2019,Domestic material consumption per unit of GDP,Tonnes per $m,Fossil fuels,Normal value,Units,43.09141261689395
2020,Domestic material consumption per unit of GDP,Tonnes per $m,Fossil fuels,Normal value,Units,43.971553549610455
2021,Domestic material consumption per unit of GDP,Tonnes per $m,Fossil fuels,Normal value,Units,41.65327034849805
2000,Domestic material consumption per unit of GDP,Tonnes per $m,Metal ores,Normal value,Units,4.822791837828283
2001,Domestic material consumption per unit of GDP,Tonnes per $m,Metal ores,Normal value,Units,5.75268573108124
2002,Domestic material consumption per unit of GDP,Tonnes per $m,Metal ores,Normal value,Units,5.374743553640287
2003,Domestic material consumption per unit of GDP,Tonnes per $m,Metal ores,Normal value,Units,4.923379000610081
2004,Domestic material consumption per unit of GDP,Tonnes per $m,Metal ores,Normal value,Units,5.474491737277372
2005,Domestic material consumption per unit of GDP,Tonnes per $m,Metal ores,Normal value,Units,4.917330071793237
2006,Domestic material consumption per unit of GDP,Tonnes per $m,Metal ores,Normal value,Units,5.189658844962605
2007,Domestic material consumption per unit of GDP,Tonnes per $m,Metal ores,Normal value,Units,5.879783157715854
2008,Domestic material consumption per unit of GDP,Tonnes per $m,Metal ores,Normal value,Units,4.575206959958731
2009,Domestic material consumption per unit of GDP,Tonnes per $m,Metal ores,Normal value,Units,1.9780271189386724
2010,Domestic material consumption per unit of GDP,Tonnes per $m,Metal ores,Normal value,Units,2.9560130122644512
2011,Domestic material consumption per unit of GDP,Tonnes per $m,Metal ores,Normal value,Units,2.8411613788877235
2012,Domestic material consumption per unit of GDP,Tonnes per $m,Metal ores,Normal value,Units,3.119125728418794
2013,Domestic material consumption per unit of GDP,Tonnes per $m,Metal ores,Normal value,Units,4.02083266850306
2014,Domestic material consumption per unit of GDP,Tonnes per $m,Metal ores,Normal value,Units,4.640468034872836
2015,Domestic material consumption per unit of GDP,Tonnes per $m,Metal ores,Normal value,Units,4.181011004321613
2016,Domestic material consumption per unit of GDP,Tonnes per $m,Metal ores,Normal value,Units,3.729021494336663
2017,Domestic material consumption per unit of GDP,Tonnes per $m,Metal ores,Normal value,Units,3.513299185172892
2018,Domestic material consumption per unit of GDP,Tonnes per $m,Metal ores,Normal value,Units,3.420208488808017
2019,Domestic material consumption per unit of GDP,Tonnes per $m,Metal ores,Normal value,Units,4.092343320552452
2020,Domestic material consumption per unit of GDP,Tonnes per $m,Metal ores,Normal value,Units,2.859054278348306
2021,Domestic material consumption per unit of GDP,Tonnes per $m,Metal ores,Normal value,Units,2.538228985531596
2000,Domestic material consumption per unit of GDP,Tonnes per $m,Non-metallic minerals,Normal value,Units,83.93730130054142
2001,Domestic material consumption per unit of GDP,Tonnes per $m,Non-metallic minerals,Normal value,Units,86.07510493272096
2002,Domestic material consumption per unit of GDP,Tonnes per $m,Non-metallic minerals,Normal value,Units,82.43642088337458
2003,Domestic material consumption per unit of GDP,Tonnes per $m,Non-metallic minerals,Normal value,Units,80.27770525017034
2004,Domestic material consumption per unit of GDP,Tonnes per $m,Non-metallic minerals,Normal value,Units,83.71836516797067
2005,Domestic material consumption per unit of GDP,Tonnes per $m,Non-metallic minerals,Normal value,Units,81.04637660478677
2006,Domestic material consumption per unit of GDP,Tonnes per $m,Non-metallic minerals,Normal value,Units,81.55764199225645
2007,Domestic material consumption per unit of GDP,Tonnes per $m,Non-metallic minerals,Normal value,Units,82.92569564310574
2008,Domestic material consumption per unit of GDP,Tonnes per $m,Non-metallic minerals,Normal value,Units,75.96001256000048
2009,Domestic material consumption per unit of GDP,Tonnes per $m,Non-metallic minerals,Normal value,Units,65.11714747575503
2010,Domestic material consumption per unit of GDP,Tonnes per $m,Non-metallic minerals,Normal value,Units,63.63689677054016
2011,Domestic material consumption per unit of GDP,Tonnes per $m,Non-metallic minerals,Normal value,Units,65.44783811927422
2012,Domestic material consumption per unit of GDP,Tonnes per $m,Non-metallic minerals,Normal value,Units,58.49487050408647
2013,Domestic material consumption per unit of GDP,Tonnes per $m,Non-metallic minerals,Normal value,Units,60.07698334256204
2014,Domestic material consumption per unit of GDP,Tonnes per $m,Non-metallic minerals,Normal value,Units,65.90992943780404
2015,Domestic material consumption per unit of GDP,Tonnes per $m,Non-metallic minerals,Normal value,Units,64.22089941514835
2016,Domestic material consumption per unit of GDP,Tonnes per $m,Non-metallic minerals,Normal value,Units,67.19663522874107
2017,Domestic material consumption per unit of GDP,Tonnes per $m,Non-metallic minerals,Normal value,Units,66.66146787695399
2018,Domestic material consumption per unit of GDP,Tonnes per $m,Non-metallic minerals,Normal value,Units,69.07587106382235
2019,Domestic material consumption per unit of GDP,Tonnes per $m,Non-metallic minerals,Normal value,Units,67.54014511054862
2020,Domestic material consumption per unit of GDP,Tonnes per $m,Non-metallic minerals,Normal value,Units,71.42980085006091
2021,Domestic material consumption per unit of GDP,Tonnes per $m,Non-metallic minerals,Normal value,Units,73.81584225416267
2000,Domestic material consumption per unit of GDP,Tonnes per $m,,Normal value,Units,209.24941209434533
2001,Domestic material consumption per unit of GDP,Tonnes per $m,,Normal value,Units,210.5709746369956
2002,Domestic material consumption per unit of GDP,Tonnes per $m,,Normal value,Units,205.44219962754732
2003,Domestic material consumption per unit of GDP,Tonnes per $m,,Normal value,Units,204.53526882839745
2004,Domestic material consumption per unit of GDP,Tonnes per $m,,Normal value,Units,213.36463009242192
2005,Domestic material consumption per unit of GDP,Tonnes per $m,,Normal value,Units,208.58039008049724
2006,Domestic material consumption per unit of GDP,Tonnes per $m,,Normal value,Units,207.8929635256017
2007,Domestic material consumption per unit of GDP,Tonnes per $m,,Normal value,Units,205.90345087828484
2008,Domestic material consumption per unit of GDP,Tonnes per $m,,Normal value,Units,200.06150843969783
2009,Domestic material consumption per unit of GDP,Tonnes per $m,,Normal value,Units,187.13313878237847
2010,Domestic material consumption per unit of GDP,Tonnes per $m,,Normal value,Units,180.22103633013944
2011,Domestic material consumption per unit of GDP,Tonnes per $m,,Normal value,Units,184.0053649818105
2012,Domestic material consumption per unit of GDP,Tonnes per $m,,Normal value,Units,175.83097348780626
2013,Domestic material consumption per unit of GDP,Tonnes per $m,,Normal value,Units,178.85301512308538
2014,Domestic material consumption per unit of GDP,Tonnes per $m,,Normal value,Units,182.82332258138536
2015,Domestic material consumption per unit of GDP,Tonnes per $m,,Normal value,Units,173.70193293849152
2016,Domestic material consumption per unit of GDP,Tonnes per $m,,Normal value,Units,170.7109790531052
2017,Domestic material consumption per unit of GDP,Tonnes per $m,,Normal value,Units,172.55605790141084
2018,Domestic material consumption per unit of GDP,Tonnes per $m,,Normal value,Units,173.50610520999916
2019,Domestic material consumption per unit of GDP,Tonnes per $m,,Normal value,Units,176.36271645253956
2020,Domestic material consumption per unit of GDP,Tonnes per $m,,Normal value,Units,185.3397594068018
2021,Domestic material consumption per unit of GDP,Tonnes per $m,,Normal value,Units,184.6309413003363
