Year,Units,Series,Country,Unit measure,Unit multiplier,Observation status,GeoCode,Value
2004,Area (000s hectares),1) Woodland area,England,Hectares,Thousands,Normal value,E92000001,1271.74554858367
2005,Area (000s hectares),1) Woodland area,England,Hectares,Thousands,Normal value,E92000001,1276.695301466355
2006,Area (000s hectares),1) Woodland area,England,Hectares,Thousands,Normal value,E92000001,1280.0813269511734
2007,Area (000s hectares),1) Woodland area,England,Hectares,Thousands,Normal value,E92000001,1283.0203452145342
2008,Area (000s hectares),1) Woodland area,England,Hectares,Thousands,Normal value,E92000001,1285.4143899966346
2009,Area (000s hectares),1) Woodland area,England,Hectares,Thousands,Normal value,E92000001,1287.737978952719
2010,Area (000s hectares),1) Woodland area,England,Hectares,Thousands,Normal value,E92000001,1289.8530000000003
2011,Area (000s hectares),1) Woodland area,England,Hectares,Thousands,Normal value,E92000001,1292.385
2012,Area (000s hectares),1) Woodland area,England,Hectares,Thousands,Normal value,E92000001,1297.6843200000003
2013,Area (000s hectares),1) Woodland area,England,Hectares,Thousands,Normal value,E92000001,1298.224190199
2014,Area (000s hectares),1) Woodland area,England,Hectares,Thousands,Normal value,E92000001,1301.9131370081127
2015,Area (000s hectares),1) Woodland area,England,Hectares,Thousands,Normal value,E92000001,1305.0382400361796
2016,Area (000s hectares),1) Woodland area,England,Hectares,Thousands,Normal value,E92000001,1305.2808116413396
2017,Area (000s hectares),1) Woodland area,England,Hectares,Thousands,Normal value,E92000001,1306.1742485117677
2018,Area (000s hectares),1) Woodland area,England,Hectares,Thousands,Normal value,E92000001,1307.4834495674045
2019,Area (000s hectares),1) Woodland area,England,Hectares,Thousands,Normal value,E92000001,1308.986095455461
2020,Area (000s hectares),1) Woodland area,England,Hectares,Thousands,Normal value,E92000001,1311.3253589350738
2021,Area (000s hectares),1) Woodland area,England,Hectares,Thousands,Normal value,E92000001,1320.0
2022,Area (000s hectares),1) Woodland area,England,Hectares,Thousands,Normal value,E92000001,1320.0
2023,Area (000s hectares),1) Woodland area,England,Hectares,Thousands,Normal value,E92000001,1330.0
2005,Growth rate (%),1) Woodland area,England,Percentage (%),Units,Normal value,E92000001,0.3892093735415314
2006,Growth rate (%),1) Woodland area,England,Percentage (%),Units,Normal value,E92000001,0.265217979648665
2007,Growth rate (%),1) Woodland area,England,Percentage (%),Units,Normal value,E92000001,0.2295962140437547
2008,Growth rate (%),1) Woodland area,England,Percentage (%),Units,Normal value,E92000001,0.1865944519921027
2009,Growth rate (%),1) Woodland area,England,Percentage (%),Units,Normal value,E92000001,0.1807657494864686
2010,Growth rate (%),1) Woodland area,England,Percentage (%),Units,Normal value,E92000001,0.1642431210269515
2011,Growth rate (%),1) Woodland area,England,Percentage (%),Units,Normal value,E92000001,0.1963014390011704
2012,Growth rate (%),1) Woodland area,England,Percentage (%),Units,Normal value,E92000001,0.4100418992792625
2013,Growth rate (%),1) Woodland area,England,Percentage (%),Units,Normal value,E92000001,0.0416025832075835
2014,Growth rate (%),1) Woodland area,England,Percentage (%),Units,Normal value,E92000001,0.2841532947053694
2015,Growth rate (%),1) Woodland area,England,Percentage (%),Units,Normal value,E92000001,0.2400392882776056
2016,Growth rate (%),1) Woodland area,England,Percentage (%),Units,Normal value,E92000001,0.0185873178056
2017,Growth rate (%),1) Woodland area,England,Percentage (%),Units,Normal value,E92000001,0.0684478667317832
2018,Growth rate (%),1) Woodland area,England,Percentage (%),Units,Normal value,E92000001,0.1002317307303199
2019,Growth rate (%),1) Woodland area,England,Percentage (%),Units,Normal value,E92000001,0.1149265704704362
2020,Growth rate (%),1) Woodland area,England,Percentage (%),Units,Normal value,E92000001,0.1787080464593518
2021,Growth rate (%),1) Woodland area,England,Percentage (%),Units,Normal value,E92000001,0.6615170678900557
2022,Growth rate (%),1) Woodland area,England,Percentage (%),Units,Normal value,E92000001,0.0
2023,Growth rate (%),1) Woodland area,England,Percentage (%),Units,Normal value,E92000001,0.7575757575757576
2004,Area (000s hectares),1) Woodland area,Northern Ireland,Hectares,Thousands,Missing value,N92000002,
2005,Area (000s hectares),1) Woodland area,Northern Ireland,Hectares,Thousands,Missing value,N92000002,
2006,Area (000s hectares),1) Woodland area,Northern Ireland,Hectares,Thousands,Missing value,N92000002,
2007,Area (000s hectares),1) Woodland area,Northern Ireland,Hectares,Thousands,Missing value,N92000002,
2008,Area (000s hectares),1) Woodland area,Northern Ireland,Hectares,Thousands,Missing value,N92000002,
2009,Area (000s hectares),1) Woodland area,Northern Ireland,Hectares,Thousands,Missing value,N92000002,
2010,Area (000s hectares),1) Woodland area,Northern Ireland,Hectares,Thousands,Missing value,N92000002,
2011,Area (000s hectares),1) Woodland area,Northern Ireland,Hectares,Thousands,Missing value,N92000002,
2012,Area (000s hectares),1) Woodland area,Northern Ireland,Hectares,Thousands,Missing value,N92000002,
2013,Area (000s hectares),1) Woodland area,Northern Ireland,Hectares,Thousands,Normal value,N92000002,111.016
2014,Area (000s hectares),1) Woodland area,Northern Ireland,Hectares,Thousands,Normal value,N92000002,111.463
2015,Area (000s hectares),1) Woodland area,Northern Ireland,Hectares,Thousands,Normal value,N92000002,111.912
2016,Area (000s hectares),1) Woodland area,Northern Ireland,Hectares,Thousands,Normal value,N92000002,112.087
2017,Area (000s hectares),1) Woodland area,Northern Ireland,Hectares,Thousands,Normal value,N92000002,112.378
2018,Area (000s hectares),1) Woodland area,Northern Ireland,Hectares,Thousands,Normal value,N92000002,112.617
2019,Area (000s hectares),1) Woodland area,Northern Ireland,Hectares,Thousands,Normal value,N92000002,113.005
2020,Area (000s hectares),1) Woodland area,Northern Ireland,Hectares,Thousands,Normal value,N92000002,118.381
2021,Area (000s hectares),1) Woodland area,Northern Ireland,Hectares,Thousands,Normal value,N92000002,118.506
2022,Area (000s hectares),1) Woodland area,Northern Ireland,Hectares,Thousands,Normal value,N92000002,120.0
2023,Area (000s hectares),1) Woodland area,Northern Ireland,Hectares,Thousands,Normal value,N92000002,120.0
2005,Growth rate (%),1) Woodland area,Northern Ireland,Percentage (%),Units,Missing value,N92000002,
2006,Growth rate (%),1) Woodland area,Northern Ireland,Percentage (%),Units,Missing value,N92000002,
2007,Growth rate (%),1) Woodland area,Northern Ireland,Percentage (%),Units,Missing value,N92000002,
2008,Growth rate (%),1) Woodland area,Northern Ireland,Percentage (%),Units,Missing value,N92000002,
2009,Growth rate (%),1) Woodland area,Northern Ireland,Percentage (%),Units,Missing value,N92000002,
2010,Growth rate (%),1) Woodland area,Northern Ireland,Percentage (%),Units,Missing value,N92000002,
2011,Growth rate (%),1) Woodland area,Northern Ireland,Percentage (%),Units,Missing value,N92000002,
2012,Growth rate (%),1) Woodland area,Northern Ireland,Percentage (%),Units,Missing value,N92000002,
2013,Growth rate (%),1) Woodland area,Northern Ireland,Percentage (%),Units,Normal value,N92000002,
2014,Growth rate (%),1) Woodland area,Northern Ireland,Percentage (%),Units,Normal value,N92000002,0.4026446638322404
2015,Growth rate (%),1) Woodland area,Northern Ireland,Percentage (%),Units,Normal value,N92000002,0.40282425558257
2016,Growth rate (%),1) Woodland area,Northern Ireland,Percentage (%),Units,Normal value,N92000002,0.156372864393452
2017,Growth rate (%),1) Woodland area,Northern Ireland,Percentage (%),Units,Normal value,N92000002,0.2596197596509854
2018,Growth rate (%),1) Woodland area,Northern Ireland,Percentage (%),Units,Normal value,N92000002,0.2126750787520689
2019,Growth rate (%),1) Woodland area,Northern Ireland,Percentage (%),Units,Normal value,N92000002,0.3445305770887166
2020,Growth rate (%),1) Woodland area,Northern Ireland,Percentage (%),Units,Normal value,N92000002,4.757311623379497
2021,Growth rate (%),1) Woodland area,Northern Ireland,Percentage (%),Units,Normal value,N92000002,0.1055912688691597
2022,Growth rate (%),1) Woodland area,Northern Ireland,Percentage (%),Units,Normal value,N92000002,1.2606956609791908
2023,Growth rate (%),1) Woodland area,Northern Ireland,Percentage (%),Units,Normal value,N92000002,0.0
2004,Area (000s hectares),1) Woodland area,Scotland,Hectares,Thousands,Normal value,S92000003,1352.2063694393214
2005,Area (000s hectares),1) Woodland area,Scotland,Hectares,Thousands,Normal value,S92000003,1357.7842821920185
2006,Area (000s hectares),1) Woodland area,Scotland,Hectares,Thousands,Normal value,S92000003,1361.700956363034
2007,Area (000s hectares),1) Woodland area,Scotland,Hectares,Thousands,Normal value,S92000003,1368.1683248607983
2008,Area (000s hectares),1) Woodland area,Scotland,Hectares,Thousands,Normal value,S92000003,1372.271613615094
2009,Area (000s hectares),1) Woodland area,Scotland,Hectares,Thousands,Normal value,S92000003,1375.6423592803974
2010,Area (000s hectares),1) Woodland area,Scotland,Hectares,Thousands,Normal value,S92000003,1378.304
2011,Area (000s hectares),1) Woodland area,Scotland,Hectares,Thousands,Normal value,S92000003,1383.406
2012,Area (000s hectares),1) Woodland area,Scotland,Hectares,Thousands,Normal value,S92000003,1403.02642
2013,Area (000s hectares),1) Woodland area,Scotland,Hectares,Thousands,Normal value,S92000003,1410.6633639950005
2014,Area (000s hectares),1) Woodland area,Scotland,Hectares,Thousands,Normal value,S92000003,1424.254544886537
2015,Area (000s hectares),1) Woodland area,Scotland,Hectares,Thousands,Normal value,S92000003,1431.6393400000002
2016,Area (000s hectares),1) Woodland area,Scotland,Hectares,Thousands,Normal value,S92000003,1435.0176547551662
2017,Area (000s hectares),1) Woodland area,Scotland,Hectares,Thousands,Normal value,S92000003,1437.6561487574545
2018,Area (000s hectares),1) Woodland area,Scotland,Hectares,Thousands,Normal value,S92000003,1445.9364286372102
2019,Area (000s hectares),1) Woodland area,Scotland,Hectares,Thousands,Normal value,S92000003,1456.10552695637
2020,Area (000s hectares),1) Woodland area,Scotland,Hectares,Thousands,Normal value,S92000003,1467.1506549563696
2021,Area (000s hectares),1) Woodland area,Scotland,Hectares,Thousands,Normal value,S92000003,1480.0
2022,Area (000s hectares),1) Woodland area,Scotland,Hectares,Thousands,Normal value,S92000003,1490.0
2023,Area (000s hectares),1) Woodland area,Scotland,Hectares,Thousands,Normal value,S92000003,1490.0
2005,Growth rate (%),1) Woodland area,Scotland,Percentage (%),Units,Normal value,S92000003,0.412504546551562
2006,Growth rate (%),1) Woodland area,Scotland,Percentage (%),Units,Normal value,S92000003,0.288460709288261
2007,Growth rate (%),1) Woodland area,Scotland,Percentage (%),Units,Normal value,S92000003,0.4749477825908376
2008,Growth rate (%),1) Woodland area,Scotland,Percentage (%),Units,Normal value,S92000003,0.2999111059462125
2009,Growth rate (%),1) Woodland area,Scotland,Percentage (%),Units,Normal value,S92000003,0.2456325432851701
2010,Growth rate (%),1) Woodland area,Scotland,Percentage (%),Units,Normal value,S92000003,0.1934834807641909
2011,Growth rate (%),1) Woodland area,Scotland,Percentage (%),Units,Normal value,S92000003,0.3701650724368668
2012,Growth rate (%),1) Woodland area,Scotland,Percentage (%),Units,Normal value,S92000003,1.4182691126104647
2013,Growth rate (%),1) Woodland area,Scotland,Percentage (%),Units,Normal value,S92000003,0.5443193289974061
2014,Growth rate (%),1) Woodland area,Scotland,Percentage (%),Units,Normal value,S92000003,0.9634602583741998
2015,Growth rate (%),1) Woodland area,Scotland,Percentage (%),Units,Normal value,S92000003,0.5185024783650405
2016,Growth rate (%),1) Woodland area,Scotland,Percentage (%),Units,Normal value,S92000003,0.2359752670086715
2017,Growth rate (%),1) Woodland area,Scotland,Percentage (%),Units,Normal value,S92000003,0.1838649157761317
2018,Growth rate (%),1) Woodland area,Scotland,Percentage (%),Units,Normal value,S92000003,0.5759569064488821
2019,Growth rate (%),1) Woodland area,Scotland,Percentage (%),Units,Normal value,S92000003,0.7032880642438866
2020,Growth rate (%),1) Woodland area,Scotland,Percentage (%),Units,Normal value,S92000003,0.7585389791828422
2021,Growth rate (%),1) Woodland area,Scotland,Percentage (%),Units,Normal value,S92000003,0.8758026996220408
2022,Growth rate (%),1) Woodland area,Scotland,Percentage (%),Units,Normal value,S92000003,0.6756756756756757
2023,Growth rate (%),1) Woodland area,Scotland,Percentage (%),Units,Normal value,S92000003,0.0
2004,Area (000s hectares),1) Woodland area,Wales,Hectares,Thousands,Normal value,W92000004,301.2878791958369
2005,Area (000s hectares),1) Woodland area,Wales,Hectares,Thousands,Normal value,W92000004,301.8041438756852
2006,Area (000s hectares),1) Woodland area,Wales,Hectares,Thousands,Normal value,W92000004,302.2763121157883
2007,Area (000s hectares),1) Woodland area,Wales,Hectares,Thousands,Normal value,W92000004,302.7707268907538
2008,Area (000s hectares),1) Woodland area,Wales,Hectares,Thousands,Normal value,W92000004,302.9311792227956
2009,Area (000s hectares),1) Woodland area,Wales,Hectares,Thousands,Normal value,W92000004,303.0879561170254
2010,Area (000s hectares),1) Woodland area,Wales,Hectares,Thousands,Normal value,W92000004,303.26928
2011,Area (000s hectares),1) Woodland area,Wales,Hectares,Thousands,Normal value,W92000004,303.5659999999999
2012,Area (000s hectares),1) Woodland area,Wales,Hectares,Thousands,Normal value,W92000004,304.56394
2013,Area (000s hectares),1) Woodland area,Wales,Hectares,Thousands,Normal value,W92000004,306.40639358
2014,Area (000s hectares),1) Woodland area,Wales,Hectares,Thousands,Normal value,W92000004,305.8319742788516
2015,Area (000s hectares),1) Woodland area,Wales,Hectares,Thousands,Normal value,W92000004,305.99434999999994
2016,Area (000s hectares),1) Woodland area,Wales,Hectares,Thousands,Normal value,W92000004,306.5950179131377
2017,Area (000s hectares),1) Woodland area,Wales,Hectares,Thousands,Normal value,W92000004,307.6674916261585
2018,Area (000s hectares),1) Woodland area,Wales,Hectares,Thousands,Normal value,W92000004,308.54062177624746
2019,Area (000s hectares),1) Woodland area,Wales,Hectares,Thousands,Normal value,W92000004,309.187805472486
2020,Area (000s hectares),1) Woodland area,Wales,Hectares,Thousands,Normal value,W92000004,309.2638054724861
2021,Area (000s hectares),1) Woodland area,Wales,Hectares,Thousands,Normal value,W92000004,310.0
2022,Area (000s hectares),1) Woodland area,Wales,Hectares,Thousands,Normal value,W92000004,310.0
2023,Area (000s hectares),1) Woodland area,Wales,Hectares,Thousands,Normal value,W92000004,310.0
2005,Growth rate (%),1) Woodland area,Wales,Percentage (%),Units,Normal value,W92000004,0.1713526216939855
2006,Growth rate (%),1) Woodland area,Wales,Percentage (%),Units,Normal value,W92000004,0.1564485609904689
2007,Growth rate (%),1) Woodland area,Wales,Percentage (%),Units,Normal value,W92000004,0.1635638504072085
2008,Growth rate (%),1) Woodland area,Wales,Percentage (%),Units,Normal value,W92000004,0.0529946648705253
2009,Growth rate (%),1) Woodland area,Wales,Percentage (%),Units,Normal value,W92000004,0.0517533040448469
2010,Growth rate (%),1) Woodland area,Wales,Percentage (%),Units,Normal value,W92000004,0.0598254992701052
2011,Growth rate (%),1) Woodland area,Wales,Percentage (%),Units,Normal value,W92000004,0.0978404406802997
2012,Growth rate (%),1) Woodland area,Wales,Percentage (%),Units,Normal value,W92000004,0.328739055098417
2013,Growth rate (%),1) Woodland area,Wales,Percentage (%),Units,Normal value,W92000004,0.6049480381689218
2014,Growth rate (%),1) Woodland area,Wales,Percentage (%),Units,Normal value,W92000004,-0.1874697503655098
2015,Growth rate (%),1) Woodland area,Wales,Percentage (%),Units,Normal value,W92000004,0.05309311478344
2016,Growth rate (%),1) Woodland area,Wales,Percentage (%),Units,Normal value,W92000004,0.1963003281393329
2017,Growth rate (%),1) Woodland area,Wales,Percentage (%),Units,Normal value,W92000004,0.3498014156657429
2018,Growth rate (%),1) Woodland area,Wales,Percentage (%),Units,Normal value,W92000004,0.2837901870860797
2019,Growth rate (%),1) Woodland area,Wales,Percentage (%),Units,Normal value,W92000004,0.2097563985295564
2020,Growth rate (%),1) Woodland area,Wales,Percentage (%),Units,Normal value,W92000004,0.0245805295858861
2021,Growth rate (%),1) Woodland area,Wales,Percentage (%),Units,Normal value,W92000004,0.238047425688606
2022,Growth rate (%),1) Woodland area,Wales,Percentage (%),Units,Normal value,W92000004,0.0
2023,Growth rate (%),1) Woodland area,Wales,Percentage (%),Units,Normal value,W92000004,0.0
2004,Area (000s hectares),1) Woodland area,,Hectares,Thousands,Missing value,,
2005,Area (000s hectares),1) Woodland area,,Hectares,Thousands,Missing value,,
2006,Area (000s hectares),1) Woodland area,,Hectares,Thousands,Missing value,,
2007,Area (000s hectares),1) Woodland area,,Hectares,Thousands,Missing value,,
2008,Area (000s hectares),1) Woodland area,,Hectares,Thousands,Missing value,,
2009,Area (000s hectares),1) Woodland area,,Hectares,Thousands,Missing value,,
2010,Area (000s hectares),1) Woodland area,,Hectares,Thousands,Missing value,,
2011,Area (000s hectares),1) Woodland area,,Hectares,Thousands,Missing value,,
2012,Area (000s hectares),1) Woodland area,,Hectares,Thousands,Missing value,,
2013,Area (000s hectares),1) Woodland area,,Hectares,Thousands,Normal value,,3126.3099477740006
2014,Area (000s hectares),1) Woodland area,,Hectares,Thousands,Normal value,,3143.4626561735013
2015,Area (000s hectares),1) Woodland area,,Hectares,Thousands,Normal value,,3154.58393003618
2016,Area (000s hectares),1) Woodland area,,Hectares,Thousands,Normal value,,3158.9804843096435
2017,Area (000s hectares),1) Woodland area,,Hectares,Thousands,Normal value,,3163.8758888953803
2018,Area (000s hectares),1) Woodland area,,Hectares,Thousands,Normal value,,3174.5774999808623
2019,Area (000s hectares),1) Woodland area,,Hectares,Thousands,Normal value,,3187.284427884317
2020,Area (000s hectares),1) Woodland area,,Hectares,Thousands,Normal value,,3206.120819363929
2021,Area (000s hectares),1) Woodland area,,Hectares,Thousands,Normal value,,3228.846380775888
2022,Area (000s hectares),1) Woodland area,,Hectares,Thousands,Normal value,,3240.0
2023,Area (000s hectares),1) Woodland area,,Hectares,Thousands,Normal value,,3250.0
2005,Growth rate (%),1) Woodland area,,Percentage (%),Units,Missing value,,
2006,Growth rate (%),1) Woodland area,,Percentage (%),Units,Missing value,,
2007,Growth rate (%),1) Woodland area,,Percentage (%),Units,Missing value,,
2008,Growth rate (%),1) Woodland area,,Percentage (%),Units,Missing value,,
2009,Growth rate (%),1) Woodland area,,Percentage (%),Units,Missing value,,
2010,Growth rate (%),1) Woodland area,,Percentage (%),Units,Missing value,,
2011,Growth rate (%),1) Woodland area,,Percentage (%),Units,Missing value,,
2012,Growth rate (%),1) Woodland area,,Percentage (%),Units,Missing value,,
2013,Growth rate (%),1) Woodland area,,Percentage (%),Units,Normal value,,
2014,Growth rate (%),1) Woodland area,,Percentage (%),Units,Normal value,,0.5486566810726426
2015,Growth rate (%),1) Woodland area,,Percentage (%),Units,Normal value,,0.353790551347486
2016,Growth rate (%),1) Woodland area,,Percentage (%),Units,Normal value,,0.1393703376094153
2017,Growth rate (%),1) Woodland area,,Percentage (%),Units,Normal value,,0.1549678641590796
2018,Growth rate (%),1) Woodland area,,Percentage (%),Units,Normal value,,0.3382437068104542
2019,Growth rate (%),1) Woodland area,,Percentage (%),Units,Normal value,,0.4002714661567202
2020,Growth rate (%),1) Woodland area,,Percentage (%),Units,Normal value,,0.5909855836780689
2021,Growth rate (%),1) Woodland area,,Percentage (%),Units,Normal value,,0.7088179982084155
2022,Growth rate (%),1) Woodland area,,Percentage (%),Units,Normal value,,0.3454366640209068
2023,Growth rate (%),1) Woodland area,,Percentage (%),Units,Normal value,,0.3086419753086419
1990,Tonnes per hectare,2) Above-ground biomass stock,,Tonnes per hectare,Units,Undefined,,74.0
2000,Tonnes per hectare,2) Above-ground biomass stock,,Tonnes per hectare,Units,Undefined,,89.0
2010,Tonnes per hectare,2) Above-ground biomass stock,,Tonnes per hectare,Units,Undefined,,104.0
2015,Tonnes per hectare,2) Above-ground biomass stock,,Tonnes per hectare,Units,Undefined,,109.0
2016,Tonnes per hectare,2) Above-ground biomass stock,,Tonnes per hectare,Units,Undefined,,110.0
2017,Tonnes per hectare,2) Above-ground biomass stock,,Tonnes per hectare,Units,Undefined,,112.0
2018,Tonnes per hectare,2) Above-ground biomass stock,,Tonnes per hectare,Units,Undefined,,113.0
2019,Tonnes per hectare,2) Above-ground biomass stock,,Tonnes per hectare,Units,Undefined,,114.0
2020,Tonnes per hectare,2) Above-ground biomass stock,,Tonnes per hectare,Units,Undefined,,115.0
2000,Percentage (%),3) Percentage of woodland within protected areas,,Percentage (%),Units,Undefined,,9.19
2010,Percentage (%),3) Percentage of woodland within protected areas,,Percentage (%),Units,Undefined,,9.19
2015,Percentage (%),3) Percentage of woodland within protected areas,,Percentage (%),Units,Undefined,,9.19
2016,Percentage (%),3) Percentage of woodland within protected areas,,Percentage (%),Units,Undefined,,9.19
2017,Percentage (%),3) Percentage of woodland within protected areas,,Percentage (%),Units,Undefined,,9.19
2018,Percentage (%),3) Percentage of woodland within protected areas,,Percentage (%),Units,Undefined,,9.19
2019,Percentage (%),3) Percentage of woodland within protected areas,,Percentage (%),Units,Undefined,,9.19
2020,Percentage (%),3) Percentage of woodland within protected areas,,Percentage (%),Units,Undefined,,9.19
2000,Percentage (%),4) Percentage of woodland under long-term management plan,,Percentage (%),Units,Undefined,,33.76
2010,Percentage (%),4) Percentage of woodland under long-term management plan,,Percentage (%),Units,Undefined,,52.87
2015,Percentage (%),4) Percentage of woodland under long-term management plan,,Percentage (%),Units,Undefined,,57.34
2016,Percentage (%),4) Percentage of woodland under long-term management plan,,Percentage (%),Units,Undefined,,57.27
2017,Percentage (%),4) Percentage of woodland under long-term management plan,,Percentage (%),Units,Undefined,,59.3
2018,Percentage (%),4) Percentage of woodland under long-term management plan,,Percentage (%),Units,Undefined,,59.94
2019,Percentage (%),4) Percentage of woodland under long-term management plan,,Percentage (%),Units,Undefined,,60.51
2020,Percentage (%),4) Percentage of woodland under long-term management plan,,Percentage (%),Units,Undefined,,61.05
2004,Area (000s hectares),5) Woodland area under certification schemes,England,Hectares,Thousands,Normal value,E92000001,300.0
2005,Area (000s hectares),5) Woodland area under certification schemes,England,Hectares,Thousands,Normal value,E92000001,340.0
2006,Area (000s hectares),5) Woodland area under certification schemes,England,Hectares,Thousands,Normal value,E92000001,350.0
2007,Area (000s hectares),5) Woodland area under certification schemes,England,Hectares,Thousands,Normal value,E92000001,360.0
2008,Area (000s hectares),5) Woodland area under certification schemes,England,Hectares,Thousands,Normal value,E92000001,350.0
2009,Area (000s hectares),5) Woodland area under certification schemes,England,Hectares,Thousands,Normal value,E92000001,350.0
2010,Area (000s hectares),5) Woodland area under certification schemes,England,Hectares,Thousands,Normal value,E92000001,360.0
2011,Area (000s hectares),5) Woodland area under certification schemes,England,Hectares,Thousands,Normal value,E92000001,340.0
2012,Area (000s hectares),5) Woodland area under certification schemes,England,Hectares,Thousands,Normal value,E92000001,350.0
2013,Area (000s hectares),5) Woodland area under certification schemes,England,Hectares,Thousands,Normal value,E92000001,350.0
2014,Area (000s hectares),5) Woodland area under certification schemes,England,Hectares,Thousands,Normal value,E92000001,350.0
2015,Area (000s hectares),5) Woodland area under certification schemes,England,Hectares,Thousands,Normal value,E92000001,360.0
2016,Area (000s hectares),5) Woodland area under certification schemes,England,Hectares,Thousands,Normal value,E92000001,340.0
2017,Area (000s hectares),5) Woodland area under certification schemes,England,Hectares,Thousands,Normal value,E92000001,340.0
2018,Area (000s hectares),5) Woodland area under certification schemes,England,Hectares,Thousands,Normal value,E92000001,330.0
2019,Area (000s hectares),5) Woodland area under certification schemes,England,Hectares,Thousands,Normal value,E92000001,320.0
2020,Area (000s hectares),5) Woodland area under certification schemes,England,Hectares,Thousands,Normal value,E92000001,330.0
2021,Area (000s hectares),5) Woodland area under certification schemes,England,Hectares,Thousands,Normal value,E92000001,320.0
2022,Area (000s hectares),5) Woodland area under certification schemes,England,Hectares,Thousands,Normal value,E92000001,320.0
2023,Area (000s hectares),5) Woodland area under certification schemes,England,Hectares,Thousands,Normal value,E92000001,320.0
2004,Percentage (%),5) Woodland area under certification schemes,England,Percentage (%),Units,Normal value,E92000001,23.589624538816505
2005,Percentage (%),5) Woodland area under certification schemes,England,Percentage (%),Units,Normal value,E92000001,26.63125646420812
2006,Percentage (%),5) Woodland area under certification schemes,England,Percentage (%),Units,Normal value,E92000001,27.34201277926697
2007,Percentage (%),5) Woodland area under certification schemes,England,Percentage (%),Units,Normal value,E92000001,28.058791222036643
2008,Percentage (%),5) Woodland area under certification schemes,England,Percentage (%),Units,Normal value,E92000001,27.228573347534745
2009,Percentage (%),5) Woodland area under certification schemes,England,Percentage (%),Units,Normal value,E92000001,27.179442225090323
2010,Percentage (%),5) Woodland area under certification schemes,England,Percentage (%),Units,Normal value,E92000001,27.910157203960445
2011,Percentage (%),5) Woodland area under certification schemes,England,Percentage (%),Units,Normal value,E92000001,26.307950030370208
2012,Percentage (%),5) Woodland area under certification schemes,England,Percentage (%),Units,Normal value,E92000001,26.971120372325984
2013,Percentage (%),5) Woodland area under certification schemes,England,Percentage (%),Units,Normal value,E92000001,26.95990435568373
2014,Percentage (%),5) Woodland area under certification schemes,England,Percentage (%),Units,Normal value,E92000001,26.883513965019542
2015,Percentage (%),5) Woodland area under certification schemes,England,Percentage (%),Units,Normal value,E92000001,27.585398569625035
2016,Percentage (%),5) Woodland area under certification schemes,England,Percentage (%),Units,Normal value,E92000001,26.04803479585847
2017,Percentage (%),5) Woodland area under certification schemes,England,Percentage (%),Units,Normal value,E92000001,26.03021766715966
2018,Percentage (%),5) Woodland area under certification schemes,England,Percentage (%),Units,Normal value,E92000001,25.239325217400204
2019,Percentage (%),5) Woodland area under certification schemes,England,Percentage (%),Units,Normal value,E92000001,24.446401769352345
2020,Percentage (%),5) Woodland area under certification schemes,England,Percentage (%),Units,Normal value,E92000001,25.165379266972515
2021,Percentage (%),5) Woodland area under certification schemes,England,Percentage (%),Units,Normal value,E92000001,24.24242424242424
2022,Percentage (%),5) Woodland area under certification schemes,England,Percentage (%),Units,Normal value,E92000001,24.24242424242424
2023,Percentage (%),5) Woodland area under certification schemes,England,Percentage (%),Units,Normal value,E92000001,24.06015037593985
2004,Area (000s hectares),5) Woodland area under certification schemes,Northern Ireland,Hectares,Thousands,Normal value,N92000002,60.0
2005,Area (000s hectares),5) Woodland area under certification schemes,Northern Ireland,Hectares,Thousands,Normal value,N92000002,60.0
2006,Area (000s hectares),5) Woodland area under certification schemes,Northern Ireland,Hectares,Thousands,Normal value,N92000002,60.0
2007,Area (000s hectares),5) Woodland area under certification schemes,Northern Ireland,Hectares,Thousands,Normal value,N92000002,60.0
2008,Area (000s hectares),5) Woodland area under certification schemes,Northern Ireland,Hectares,Thousands,Normal value,N92000002,60.0
2009,Area (000s hectares),5) Woodland area under certification schemes,Northern Ireland,Hectares,Thousands,Normal value,N92000002,70.0
2010,Area (000s hectares),5) Woodland area under certification schemes,Northern Ireland,Hectares,Thousands,Normal value,N92000002,60.0
2011,Area (000s hectares),5) Woodland area under certification schemes,Northern Ireland,Hectares,Thousands,Normal value,N92000002,60.0
2012,Area (000s hectares),5) Woodland area under certification schemes,Northern Ireland,Hectares,Thousands,Normal value,N92000002,60.0
2013,Area (000s hectares),5) Woodland area under certification schemes,Northern Ireland,Hectares,Thousands,Normal value,N92000002,60.0
2014,Area (000s hectares),5) Woodland area under certification schemes,Northern Ireland,Hectares,Thousands,Normal value,N92000002,60.0
2015,Area (000s hectares),5) Woodland area under certification schemes,Northern Ireland,Hectares,Thousands,Normal value,N92000002,70.0
2016,Area (000s hectares),5) Woodland area under certification schemes,Northern Ireland,Hectares,Thousands,Normal value,N92000002,70.0
2017,Area (000s hectares),5) Woodland area under certification schemes,Northern Ireland,Hectares,Thousands,Normal value,N92000002,70.0
2018,Area (000s hectares),5) Woodland area under certification schemes,Northern Ireland,Hectares,Thousands,Normal value,N92000002,70.0
2019,Area (000s hectares),5) Woodland area under certification schemes,Northern Ireland,Hectares,Thousands,Normal value,N92000002,70.0
2020,Area (000s hectares),5) Woodland area under certification schemes,Northern Ireland,Hectares,Thousands,Normal value,N92000002,70.0
2021,Area (000s hectares),5) Woodland area under certification schemes,Northern Ireland,Hectares,Thousands,Normal value,N92000002,70.0
2022,Area (000s hectares),5) Woodland area under certification schemes,Northern Ireland,Hectares,Thousands,Normal value,N92000002,70.0
2023,Area (000s hectares),5) Woodland area under certification schemes,Northern Ireland,Hectares,Thousands,Normal value,N92000002,70.0
2004,Percentage (%),5) Woodland area under certification schemes,Northern Ireland,Percentage (%),Units,Missing value,N92000002,
2005,Percentage (%),5) Woodland area under certification schemes,Northern Ireland,Percentage (%),Units,Missing value,N92000002,
2006,Percentage (%),5) Woodland area under certification schemes,Northern Ireland,Percentage (%),Units,Missing value,N92000002,
2007,Percentage (%),5) Woodland area under certification schemes,Northern Ireland,Percentage (%),Units,Missing value,N92000002,
2008,Percentage (%),5) Woodland area under certification schemes,Northern Ireland,Percentage (%),Units,Missing value,N92000002,
2009,Percentage (%),5) Woodland area under certification schemes,Northern Ireland,Percentage (%),Units,Missing value,N92000002,
2010,Percentage (%),5) Woodland area under certification schemes,Northern Ireland,Percentage (%),Units,Missing value,N92000002,
2011,Percentage (%),5) Woodland area under certification schemes,Northern Ireland,Percentage (%),Units,Missing value,N92000002,
2012,Percentage (%),5) Woodland area under certification schemes,Northern Ireland,Percentage (%),Units,Missing value,N92000002,
2013,Percentage (%),5) Woodland area under certification schemes,Northern Ireland,Percentage (%),Units,Normal value,N92000002,54.046263601643005
2014,Percentage (%),5) Woodland area under certification schemes,Northern Ireland,Percentage (%),Units,Normal value,N92000002,53.82952190412962
2015,Percentage (%),5) Woodland area under certification schemes,Northern Ireland,Percentage (%),Units,Normal value,N92000002,62.5491457573808
2016,Percentage (%),5) Woodland area under certification schemes,Northern Ireland,Percentage (%),Units,Normal value,N92000002,62.45148857583841
2017,Percentage (%),5) Woodland area under certification schemes,Northern Ireland,Percentage (%),Units,Normal value,N92000002,62.28977201943441
2018,Percentage (%),5) Woodland area under certification schemes,Northern Ireland,Percentage (%),Units,Normal value,N92000002,62.15757834074785
2019,Percentage (%),5) Woodland area under certification schemes,Northern Ireland,Percentage (%),Units,Normal value,N92000002,61.94416176275386
2020,Percentage (%),5) Woodland area under certification schemes,Northern Ireland,Percentage (%),Units,Normal value,N92000002,59.13111056672946
2021,Percentage (%),5) Woodland area under certification schemes,Northern Ireland,Percentage (%),Units,Normal value,N92000002,59.06873913557119
2022,Percentage (%),5) Woodland area under certification schemes,Northern Ireland,Percentage (%),Units,Normal value,N92000002,58.333333333333336
2023,Percentage (%),5) Woodland area under certification schemes,Northern Ireland,Percentage (%),Units,Normal value,N92000002,58.333333333333336
2004,Area (000s hectares),5) Woodland area under certification schemes,Scotland,Hectares,Thousands,Normal value,S92000003,660.0
2005,Area (000s hectares),5) Woodland area under certification schemes,Scotland,Hectares,Thousands,Normal value,S92000003,710.0
2006,Area (000s hectares),5) Woodland area under certification schemes,Scotland,Hectares,Thousands,Normal value,S92000003,720.0
2007,Area (000s hectares),5) Woodland area under certification schemes,Scotland,Hectares,Thousands,Normal value,S92000003,760.0
2008,Area (000s hectares),5) Woodland area under certification schemes,Scotland,Hectares,Thousands,Normal value,S92000003,770.0
2009,Area (000s hectares),5) Woodland area under certification schemes,Scotland,Hectares,Thousands,Normal value,S92000003,780.0
2010,Area (000s hectares),5) Woodland area under certification schemes,Scotland,Hectares,Thousands,Normal value,S92000003,790.0
2011,Area (000s hectares),5) Woodland area under certification schemes,Scotland,Hectares,Thousands,Normal value,S92000003,790.0
2012,Area (000s hectares),5) Woodland area under certification schemes,Scotland,Hectares,Thousands,Normal value,S92000003,810.0
2013,Area (000s hectares),5) Woodland area under certification schemes,Scotland,Hectares,Thousands,Normal value,S92000003,800.0
2014,Area (000s hectares),5) Woodland area under certification schemes,Scotland,Hectares,Thousands,Normal value,S92000003,820.0
2015,Area (000s hectares),5) Woodland area under certification schemes,Scotland,Hectares,Thousands,Normal value,S92000003,810.0
2016,Area (000s hectares),5) Woodland area under certification schemes,Scotland,Hectares,Thousands,Normal value,S92000003,810.0
2017,Area (000s hectares),5) Woodland area under certification schemes,Scotland,Hectares,Thousands,Normal value,S92000003,840.0
2018,Area (000s hectares),5) Woodland area under certification schemes,Scotland,Hectares,Thousands,Normal value,S92000003,830.0
2019,Area (000s hectares),5) Woodland area under certification schemes,Scotland,Hectares,Thousands,Normal value,S92000003,860.0
2020,Area (000s hectares),5) Woodland area under certification schemes,Scotland,Hectares,Thousands,Normal value,S92000003,860.0
2021,Area (000s hectares),5) Woodland area under certification schemes,Scotland,Hectares,Thousands,Normal value,S92000003,890.0
2022,Area (000s hectares),5) Woodland area under certification schemes,Scotland,Hectares,Thousands,Normal value,S92000003,900.0
2023,Area (000s hectares),5) Woodland area under certification schemes,Scotland,Hectares,Thousands,Normal value,S92000003,900.0
2004,Percentage (%),5) Woodland area under certification schemes,Scotland,Percentage (%),Units,Normal value,S92000003,48.80911781784184
2005,Percentage (%),5) Woodland area under certification schemes,Scotland,Percentage (%),Units,Normal value,S92000003,52.29107519596339
2006,Percentage (%),5) Woodland area under certification schemes,Scotland,Percentage (%),Units,Normal value,S92000003,52.8750454815753
2007,Percentage (%),5) Woodland area under certification schemes,Scotland,Percentage (%),Units,Normal value,S92000003,55.54872059162199
2008,Percentage (%),5) Woodland area under certification schemes,Scotland,Percentage (%),Units,Normal value,S92000003,56.11134066757544
2009,Percentage (%),5) Woodland area under certification schemes,Scotland,Percentage (%),Units,Normal value,S92000003,56.70078380023281
2010,Percentage (%),5) Woodland area under certification schemes,Scotland,Percentage (%),Units,Normal value,S92000003,57.316818350668655
2011,Percentage (%),5) Woodland area under certification schemes,Scotland,Percentage (%),Units,Normal value,S92000003,57.10543397961264
2012,Percentage (%),5) Woodland area under certification schemes,Scotland,Percentage (%),Units,Normal value,S92000003,57.73234120566312
2013,Percentage (%),5) Woodland area under certification schemes,Scotland,Percentage (%),Units,Normal value,S92000003,56.71090781959482
2014,Percentage (%),5) Woodland area under certification schemes,Scotland,Percentage (%),Units,Normal value,S92000003,57.57397811676461
2015,Percentage (%),5) Woodland area under certification schemes,Scotland,Percentage (%),Units,Normal value,S92000003,56.57849553086464
2016,Percentage (%),5) Woodland area under certification schemes,Scotland,Percentage (%),Units,Normal value,S92000003,56.445298586810566
2017,Percentage (%),5) Woodland area under certification schemes,Scotland,Percentage (%),Units,Normal value,S92000003,58.42843580685131
2018,Percentage (%),5) Woodland area under certification schemes,Scotland,Percentage (%),Units,Normal value,S92000003,57.40224698414107
2019,Percentage (%),5) Woodland area under certification schemes,Scotland,Percentage (%),Units,Normal value,S92000003,59.06165343645239
2020,Percentage (%),5) Woodland area under certification schemes,Scotland,Percentage (%),Units,Normal value,S92000003,58.61702048761821
2021,Percentage (%),5) Woodland area under certification schemes,Scotland,Percentage (%),Units,Normal value,S92000003,60.13513513513513
2022,Percentage (%),5) Woodland area under certification schemes,Scotland,Percentage (%),Units,Normal value,S92000003,60.40268456375839
2023,Percentage (%),5) Woodland area under certification schemes,Scotland,Percentage (%),Units,Normal value,S92000003,60.40268456375839
2004,Area (000s hectares),5) Woodland area under certification schemes,Wales,Hectares,Thousands,Normal value,W92000004,130.0
2005,Area (000s hectares),5) Woodland area under certification schemes,Wales,Hectares,Thousands,Normal value,W92000004,130.0
2006,Area (000s hectares),5) Woodland area under certification schemes,Wales,Hectares,Thousands,Normal value,W92000004,130.0
2007,Area (000s hectares),5) Woodland area under certification schemes,Wales,Hectares,Thousands,Normal value,W92000004,130.0
2008,Area (000s hectares),5) Woodland area under certification schemes,Wales,Hectares,Thousands,Normal value,W92000004,130.0
2009,Area (000s hectares),5) Woodland area under certification schemes,Wales,Hectares,Thousands,Normal value,W92000004,130.0
2010,Area (000s hectares),5) Woodland area under certification schemes,Wales,Hectares,Thousands,Normal value,W92000004,130.0
2011,Area (000s hectares),5) Woodland area under certification schemes,Wales,Hectares,Thousands,Normal value,W92000004,130.0
2012,Area (000s hectares),5) Woodland area under certification schemes,Wales,Hectares,Thousands,Normal value,W92000004,140.0
2013,Area (000s hectares),5) Woodland area under certification schemes,Wales,Hectares,Thousands,Normal value,W92000004,140.0
2014,Area (000s hectares),5) Woodland area under certification schemes,Wales,Hectares,Thousands,Normal value,W92000004,140.0
2015,Area (000s hectares),5) Woodland area under certification schemes,Wales,Hectares,Thousands,Normal value,W92000004,140.0
2016,Area (000s hectares),5) Woodland area under certification schemes,Wales,Hectares,Thousands,Normal value,W92000004,140.0
2017,Area (000s hectares),5) Woodland area under certification schemes,Wales,Hectares,Thousands,Normal value,W92000004,150.0
2018,Area (000s hectares),5) Woodland area under certification schemes,Wales,Hectares,Thousands,Normal value,W92000004,140.0
2019,Area (000s hectares),5) Woodland area under certification schemes,Wales,Hectares,Thousands,Normal value,W92000004,150.0
2020,Area (000s hectares),5) Woodland area under certification schemes,Wales,Hectares,Thousands,Normal value,W92000004,150.0
2021,Area (000s hectares),5) Woodland area under certification schemes,Wales,Hectares,Thousands,Normal value,W92000004,140.0
2022,Area (000s hectares),5) Woodland area under certification schemes,Wales,Hectares,Thousands,Normal value,W92000004,140.0
2023,Area (000s hectares),5) Woodland area under certification schemes,Wales,Hectares,Thousands,Normal value,W92000004,150.0
2004,Percentage (%),5) Woodland area under certification schemes,Wales,Percentage (%),Units,Normal value,W92000004,43.14810152568405
2005,Percentage (%),5) Woodland area under certification schemes,Wales,Percentage (%),Units,Normal value,W92000004,43.074292596044586
2006,Percentage (%),5) Woodland area under certification schemes,Wales,Percentage (%),Units,Normal value,W92000004,43.00700874973059
2007,Percentage (%),5) Woodland area under certification schemes,Wales,Percentage (%),Units,Normal value,W92000004,42.93677969961304
2008,Percentage (%),5) Woodland area under certification schemes,Wales,Percentage (%),Units,Normal value,W92000004,42.91403754923141
2009,Percentage (%),5) Woodland area under certification schemes,Wales,Percentage (%),Units,Normal value,W92000004,42.89183960507017
2010,Percentage (%),5) Woodland area under certification schemes,Wales,Percentage (%),Units,Normal value,W92000004,42.866194690078736
2011,Percentage (%),5) Woodland area under certification schemes,Wales,Percentage (%),Units,Normal value,W92000004,42.82429521092613
2012,Percentage (%),5) Woodland area under certification schemes,Wales,Percentage (%),Units,Normal value,W92000004,45.96735910364176
2013,Percentage (%),5) Woodland area under certification schemes,Wales,Percentage (%),Units,Normal value,W92000004,45.69095258237399
2014,Percentage (%),5) Woodland area under certification schemes,Wales,Percentage (%),Units,Normal value,W92000004,45.77677017915424
2015,Percentage (%),5) Woodland area under certification schemes,Wales,Percentage (%),Units,Normal value,W92000004,45.75247876308829
2016,Percentage (%),5) Woodland area under certification schemes,Wales,Percentage (%),Units,Normal value,W92000004,45.66284245351429
2017,Percentage (%),5) Woodland area under certification schemes,Wales,Percentage (%),Units,Normal value,W92000004,48.7539321126141
2018,Percentage (%),5) Woodland area under certification schemes,Wales,Percentage (%),Units,Normal value,W92000004,45.37490045687647
2019,Percentage (%),5) Woodland area under certification schemes,Wales,Percentage (%),Units,Normal value,W92000004,48.51420312996406
2020,Percentage (%),5) Woodland area under certification schemes,Wales,Percentage (%),Units,Normal value,W92000004,48.50228101242997
2021,Percentage (%),5) Woodland area under certification schemes,Wales,Percentage (%),Units,Normal value,W92000004,45.16129032258064
2022,Percentage (%),5) Woodland area under certification schemes,Wales,Percentage (%),Units,Normal value,W92000004,45.16129032258064
2023,Percentage (%),5) Woodland area under certification schemes,Wales,Percentage (%),Units,Normal value,W92000004,48.38709677419355
2004,Area (000s hectares),5) Woodland area under certification schemes,,Hectares,Thousands,Normal value,,1150.0
2005,Area (000s hectares),5) Woodland area under certification schemes,,Hectares,Thousands,Normal value,,1250.0
2006,Area (000s hectares),5) Woodland area under certification schemes,,Hectares,Thousands,Normal value,,1270.0
2007,Area (000s hectares),5) Woodland area under certification schemes,,Hectares,Thousands,Normal value,,1320.0
2008,Area (000s hectares),5) Woodland area under certification schemes,,Hectares,Thousands,Normal value,,1310.0
2009,Area (000s hectares),5) Woodland area under certification schemes,,Hectares,Thousands,Normal value,,1330.0
2010,Area (000s hectares),5) Woodland area under certification schemes,,Hectares,Thousands,Normal value,,1350.0
2011,Area (000s hectares),5) Woodland area under certification schemes,,Hectares,Thousands,Normal value,,1320.0
2012,Area (000s hectares),5) Woodland area under certification schemes,,Hectares,Thousands,Normal value,,1370.0
2013,Area (000s hectares),5) Woodland area under certification schemes,,Hectares,Thousands,Normal value,,1360.0
2014,Area (000s hectares),5) Woodland area under certification schemes,,Hectares,Thousands,Normal value,,1380.0
2015,Area (000s hectares),5) Woodland area under certification schemes,,Hectares,Thousands,Normal value,,1380.0
2016,Area (000s hectares),5) Woodland area under certification schemes,,Hectares,Thousands,Normal value,,1350.0
2017,Area (000s hectares),5) Woodland area under certification schemes,,Hectares,Thousands,Normal value,,1390.0
2018,Area (000s hectares),5) Woodland area under certification schemes,,Hectares,Thousands,Normal value,,1380.0
2019,Area (000s hectares),5) Woodland area under certification schemes,,Hectares,Thousands,Normal value,,1400.0
2020,Area (000s hectares),5) Woodland area under certification schemes,,Hectares,Thousands,Normal value,,1400.0
2021,Area (000s hectares),5) Woodland area under certification schemes,,Hectares,Thousands,Normal value,,1420.0
2022,Area (000s hectares),5) Woodland area under certification schemes,,Hectares,Thousands,Normal value,,1430.0
2023,Area (000s hectares),5) Woodland area under certification schemes,,Hectares,Thousands,Normal value,,1440.0
2004,Percentage (%),5) Woodland area under certification schemes,,Percentage (%),Units,Missing value,,
2005,Percentage (%),5) Woodland area under certification schemes,,Percentage (%),Units,Missing value,,
2006,Percentage (%),5) Woodland area under certification schemes,,Percentage (%),Units,Missing value,,
2007,Percentage (%),5) Woodland area under certification schemes,,Percentage (%),Units,Missing value,,
2008,Percentage (%),5) Woodland area under certification schemes,,Percentage (%),Units,Missing value,,
2009,Percentage (%),5) Woodland area under certification schemes,,Percentage (%),Units,Missing value,,
2010,Percentage (%),5) Woodland area under certification schemes,,Percentage (%),Units,Missing value,,
2011,Percentage (%),5) Woodland area under certification schemes,,Percentage (%),Units,Missing value,,
2012,Percentage (%),5) Woodland area under certification schemes,,Percentage (%),Units,Missing value,,
2013,Percentage (%),5) Woodland area under certification schemes,,Percentage (%),Units,Normal value,,43.50176478721661
2014,Percentage (%),5) Woodland area under certification schemes,,Percentage (%),Units,Normal value,,43.90063286706441
2015,Percentage (%),5) Woodland area under certification schemes,,Percentage (%),Units,Normal value,,43.745864133156
2016,Percentage (%),5) Woodland area under certification schemes,,Percentage (%),Units,Normal value,,42.73530674549343
2017,Percentage (%),5) Woodland area under certification schemes,,Percentage (%),Units,Normal value,,43.933455319111694
2018,Percentage (%),5) Woodland area under certification schemes,,Percentage (%),Units,Normal value,,43.47035156673035
2019,Percentage (%),5) Woodland area under certification schemes,,Percentage (%),Units,Normal value,,43.92453926458342
2020,Percentage (%),5) Woodland area under certification schemes,,Percentage (%),Units,Normal value,,43.666476682489765
2021,Percentage (%),5) Woodland area under certification schemes,,Percentage (%),Units,Normal value,,43.97855557497213
2022,Percentage (%),5) Woodland area under certification schemes,,Percentage (%),Units,Normal value,,44.13580246913581
2023,Percentage (%),5) Woodland area under certification schemes,,Percentage (%),Units,Normal value,,44.30769230769231
