Year,Units,Sustainably managed status,Country,Unit measure,Unit multiplier,Observation status,GeoCode,Value
2001,Hectares,,,Hectares,Units,Undefined,,2971293.7283
2001,Hectares,,England,Hectares,Units,Undefined,E92000001,1257011.1096022853
2001,Hectares,,Wales,Hectares,Units,Undefined,W92000004,300229.9367911936
2001,Hectares,,Scotland,Hectares,Units,Undefined,S92000003,1331052.681904263
2001,Hectares,,Northern Ireland,Hectares,Units,Undefined,N92000002,83000.0
2002,Hectares,,,Hectares,Units,Undefined,,2985420.7548196
2002,Hectares,,England,Hectares,Units,Undefined,E92000001,1261985.4240391506
2002,Hectares,,Wales,Hectares,Units,Undefined,W92000004,300500.9343055829
2002,Hectares,,Scotland,Hectares,Units,Undefined,S92000003,1338934.3964748662
2002,Hectares,,Northern Ireland,Hectares,Units,Undefined,N92000002,84000.0
2003,Hectares,,,Hectares,Units,Undefined,,
2003,Hectares,,England,Hectares,Units,Undefined,E92000001,
2003,Hectares,,Wales,Hectares,Units,Undefined,W92000004,
2003,Hectares,,Scotland,Hectares,Units,Undefined,S92000003,
2003,Hectares,,Northern Ireland,Hectares,Units,Undefined,N92000002,
2004,Hectares,,,Hectares,Units,Undefined,,3011039.7972188303
2004,Hectares,,England,Hectares,Units,Undefined,E92000001,1271745.548583672
2004,Hectares,,Wales,Hectares,Units,Undefined,W92000004,301287.8791958369
2004,Hectares,,Scotland,Hectares,Units,Undefined,S92000003,1352206.369439321
2004,Hectares,,Northern Ireland,Hectares,Units,Undefined,N92000002,85800.0
2005,Hectares,,,Hectares,Units,Undefined,,3021343.7275340585
2005,Hectares,,England,Hectares,Units,Undefined,E92000001,1276695.3014663549
2005,Hectares,,Wales,Hectares,Units,Undefined,W92000004,301804.1438756852
2005,Hectares,,Scotland,Hectares,Units,Undefined,S92000003,1357784.2821920183
2005,Hectares,,Northern Ireland,Hectares,Units,Undefined,N92000002,85060.0
2006,Hectares,,,Hectares,Units,Undefined,,3029698.595429996
2006,Hectares,,England,Hectares,Units,Undefined,E92000001,1280081.3269511734
2006,Hectares,,Wales,Hectares,Units,Undefined,W92000004,302276.3121157883
2006,Hectares,,Scotland,Hectares,Units,Undefined,S92000003,1361700.956363034
2006,Hectares,,Northern Ireland,Hectares,Units,Undefined,N92000002,85640.0
2007,Hectares,,,Hectares,Units,Undefined,,3040799.3969660867
2007,Hectares,,England,Hectares,Units,Undefined,E92000001,1283020.3452145343
2007,Hectares,,Wales,Hectares,Units,Undefined,W92000004,302770.7268907538
2007,Hectares,,Scotland,Hectares,Units,Undefined,S92000003,1368168.3248607984
2007,Hectares,,Northern Ireland,Hectares,Units,Undefined,N92000002,86840.0
2008,Hectares,,,Hectares,Units,Undefined,,3047972.1828345247
2008,Hectares,,England,Hectares,Units,Undefined,E92000001,1285414.3899966346
2008,Hectares,,Wales,Hectares,Units,Undefined,W92000004,302931.1792227956
2008,Hectares,,Scotland,Hectares,Units,Undefined,S92000003,1372271.6136150942
2008,Hectares,,Northern Ireland,Hectares,Units,Undefined,N92000002,87355.0
2009,Hectares,,,Hectares,Units,Undefined,,3054145.2943501417
2009,Hectares,,England,Hectares,Units,Undefined,E92000001,1287737.978952719
2009,Hectares,,Wales,Hectares,Units,Undefined,W92000004,303087.9561170254
2009,Hectares,,Scotland,Hectares,Units,Undefined,S92000003,1375642.3592803974
2009,Hectares,,Northern Ireland,Hectares,Units,Undefined,N92000002,87677.0
2010,Hectares,,,Hectares,Units,Undefined,,3059238.2800000003
2010,Hectares,,England,Hectares,Units,Undefined,E92000001,1289853.0000000002
2010,Hectares,,Wales,Hectares,Units,Undefined,W92000004,303269.28
2010,Hectares,,Scotland,Hectares,Units,Undefined,S92000003,1378303.9999999998
2010,Hectares,,Northern Ireland,Hectares,Units,Undefined,N92000002,87812.0
2011,Hectares,,,Hectares,Units,Undefined,,3067314.0
2011,Hectares,,England,Hectares,Units,Undefined,E92000001,1292385.0
2011,Hectares,,Wales,Hectares,Units,Undefined,W92000004,303565.99999999994
2011,Hectares,,Scotland,Hectares,Units,Undefined,S92000003,1383406.0
2011,Hectares,,Northern Ireland,Hectares,Units,Undefined,N92000002,87957.0
2012,Hectares,,,Hectares,Units,Undefined,,3110492.68
2012,Hectares,,England,Hectares,Units,Undefined,E92000001,1297684.3200000003
2012,Hectares,,Wales,Hectares,Units,Undefined,W92000004,304563.94
2012,Hectares,,Scotland,Hectares,Units,Undefined,S92000003,1403026.42
2012,Hectares,,Northern Ireland,Hectares,Units,Undefined,N92000002,105218.0
2013,Hectares,,,Hectares,Units,Undefined,,3125309.9477740005
2013,Hectares,,England,Hectares,Units,Undefined,E92000001,1298224.190199
2013,Hectares,,Wales,Hectares,Units,Undefined,W92000004,305406.39358
2013,Hectares,,Scotland,Hectares,Units,Undefined,S92000003,1410663.3639950005
2013,Hectares,,Northern Ireland,Hectares,Units,Undefined,N92000002,111016.0
2014,Hectares,,,Hectares,Units,Undefined,,3143462.656173501
2014,Hectares,,England,Hectares,Units,Undefined,E92000001,1301913.1370081126
2014,Hectares,,Wales,Hectares,Units,Undefined,W92000004,305831.9742788516
2014,Hectares,,Scotland,Hectares,Units,Undefined,S92000003,1424254.544886537
2014,Hectares,,Northern Ireland,Hectares,Units,Undefined,N92000002,111463.0
2015,Hectares,,,Hectares,Units,Undefined,,3154583.93003618
2015,Hectares,,England,Hectares,Units,Undefined,E92000001,1305038.2400361795
2015,Hectares,,Wales,Hectares,Units,Undefined,W92000004,305994.3499999999
2015,Hectares,,Scotland,Hectares,Units,Undefined,S92000003,1431639.34
2015,Hectares,,Northern Ireland,Hectares,Units,Undefined,N92000002,111912.0
2016,Hectares,,,Hectares,Units,Undefined,,3158980.4843096435
2016,Hectares,,England,Hectares,Units,Undefined,E92000001,1305280.8116413397
2016,Hectares,,Wales,Hectares,Units,Undefined,W92000004,306595.01791313774
2016,Hectares,,Scotland,Hectares,Units,Undefined,S92000003,1435017.6547551665
2016,Hectares,,Northern Ireland,Hectares,Units,Undefined,N92000002,112087.0
2017,Hectares,,,Hectares,Units,Undefined,,3163875.88889538
2017,Hectares,,England,Hectares,Units,Undefined,E92000001,1306174.24851177
2017,Hectares,,Wales,Hectares,Units,Undefined,W92000004,307667.491626159
2017,Hectares,,Scotland,Hectares,Units,Undefined,S92000003,1437656.14875745
2017,Hectares,,Northern Ireland,Hectares,Units,Undefined,N92000002,112378.0
2018,Hectares,,,Hectares,Units,Undefined,,3173620.39
2018,Hectares,,England,Hectares,Units,Undefined,E92000001,1306584.8099999998
2018,Hectares,,Wales,Hectares,Units,Undefined,W92000004,308788.07
2018,Hectares,,Scotland,Hectares,Units,Undefined,S92000003,1445630.51
2018,Hectares,,Northern Ireland,Hectares,Units,Undefined,N92000002,112617.0
2019,Hectares,,,Hectares,Units,Undefined,,3187167.38143817
2019,Hectares,,England,Hectares,Units,Undefined,E92000001,1308007.31943817
2019,Hectares,,Wales,Hectares,Units,Undefined,W92000004,309312.08
2019,Hectares,,Scotland,Hectares,Units,Undefined,S92000003,1456842.9819999998
2019,Hectares,,Northern Ireland,Hectares,Units,Undefined,N92000002,113005.0
2001,Hectares,Certified,,Hectares,Units,Undefined,,1061061.7115524411
2001,Hectares,Certified,England,Hectares,Units,Undefined,E92000001,289526.73783831194
2001,Hectares,Certified,Wales,Hectares,Units,Undefined,W92000004,124344.11990758427
2001,Hectares,Certified,Scotland,Hectares,Units,Undefined,S92000003,584718.853806545
2001,Hectares,Certified,Northern Ireland,Hectares,Units,Undefined,N92000002,62472.0
2002,Hectares,Certified,,Hectares,Units,Undefined,,1075355.564654228
2002,Hectares,Certified,England,Hectares,Units,Undefined,E92000001,296575.9254952799
2002,Hectares,Certified,Wales,Hectares,Units,Undefined,W92000004,123941.23991785268
2002,Hectares,Certified,Scotland,Hectares,Units,Undefined,S92000003,592366.3992410954
2002,Hectares,Certified,Northern Ireland,Hectares,Units,Undefined,N92000002,62472.0
2003,Hectares,Certified,,Hectares,Units,Undefined,,
2003,Hectares,Certified,England,Hectares,Units,Undefined,E92000001,
2003,Hectares,Certified,Wales,Hectares,Units,Undefined,W92000004,
2003,Hectares,Certified,Scotland,Hectares,Units,Undefined,S92000003,
2003,Hectares,Certified,Northern Ireland,Hectares,Units,Undefined,N92000002,
2004,Hectares,Certified,,Hectares,Units,Undefined,,1159944.465802931
2004,Hectares,Certified,England,Hectares,Units,Undefined,E92000001,298262.5968890956
2004,Hectares,Certified,Wales,Hectares,Units,Undefined,W92000004,126652.97993838952
2004,Hectares,Certified,Scotland,Hectares,Units,Undefined,S92000003,669908.8889754459
2004,Hectares,Certified,Northern Ireland,Hectares,Units,Undefined,N92000002,65120.0
2005,Hectares,Certified,,Hectares,Units,Undefined,,1257091.0681601362
2005,Hectares,Certified,England,Hectares,Units,Undefined,E92000001,343700.23285589967
2005,Hectares,Certified,Wales,Hectares,Units,Undefined,W92000004,131240.5999486579
2005,Hectares,Certified,Scotland,Hectares,Units,Undefined,S92000003,718699.2353555786
2005,Hectares,Certified,Northern Ireland,Hectares,Units,Undefined,N92000002,63451.0
2006,Hectares,Certified,,Hectares,Units,Undefined,,1272510.0960396756
2006,Hectares,Certified,England,Hectares,Units,Undefined,E92000001,353577.48598752485
2006,Hectares,Certified,Wales,Hectares,Units,Undefined,W92000004,131131.71995892635
2006,Hectares,Certified,Scotland,Hectares,Units,Undefined,S92000003,724369.8900932246
2006,Hectares,Certified,Northern Ireland,Hectares,Units,Undefined,N92000002,63431.0
2007,Hectares,Certified,,Hectares,Units,Undefined,,1324920.361082941
2007,Hectares,Certified,England,Hectares,Units,Undefined,E92000001,363862.4693352801
2007,Hectares,Certified,Wales,Hectares,Units,Undefined,W92000004,132587.84602268925
2007,Hectares,Certified,Scotland,Hectares,Units,Undefined,S92000003,764313.621433838
2007,Hectares,Certified,Northern Ireland,Hectares,Units,Undefined,N92000002,64156.424291133546
2008,Hectares,Certified,,Hectares,Units,Undefined,,1309679.6327061246
2008,Hectares,Certified,England,Hectares,Units,Undefined,E92000001,345266.07780629105
2008,Hectares,Certified,Wales,Hectares,Units,Undefined,W92000004,129962.57144027458
2008,Hectares,Certified,Scotland,Hectares,Units,Undefined,S92000003,770012.0893555275
2008,Hectares,Certified,Northern Ireland,Hectares,Units,Undefined,N92000002,64438.89410403138
2009,Hectares,Certified,,Hectares,Units,Undefined,,1332049.7231684956
2009,Hectares,Certified,England,Hectares,Units,Undefined,E92000001,352498.0708486472
2009,Hectares,Certified,Wales,Hectares,Units,Undefined,W92000004,133737.8899897316
2009,Hectares,Certified,Scotland,Hectares,Units,Undefined,S92000003,780754.2623301167
2009,Hectares,Certified,Northern Ireland,Hectares,Units,Undefined,N92000002,65059.5
2010,Hectares,Certified,,Hectares,Units,Undefined,,1347258.13
2010,Hectares,Certified,England,Hectares,Units,Undefined,E92000001,357169.73
2010,Hectares,Certified,Wales,Hectares,Units,Undefined,W92000004,133473.6
2010,Hectares,Certified,Scotland,Hectares,Units,Undefined,S92000003,792465.3
2010,Hectares,Certified,Northern Ireland,Hectares,Units,Undefined,N92000002,64149.5
2011,Hectares,Certified,,Hectares,Units,Undefined,,1324053.13
2011,Hectares,Certified,England,Hectares,Units,Undefined,E92000001,335218.63
2011,Hectares,Certified,Wales,Hectares,Units,Undefined,W92000004,133604.0
2011,Hectares,Certified,Scotland,Hectares,Units,Undefined,S92000003,791775.0
2011,Hectares,Certified,Northern Ireland,Hectares,Units,Undefined,N92000002,63455.5
2012,Hectares,Certified,,Hectares,Units,Undefined,,1365559.89
2012,Hectares,Certified,England,Hectares,Units,Undefined,E92000001,354973.7100000001
2012,Hectares,Certified,Wales,Hectares,Units,Undefined,W92000004,138294.93
2012,Hectares,Certified,Scotland,Hectares,Units,Undefined,S92000003,807736.75
2012,Hectares,Certified,Northern Ireland,Hectares,Units,Undefined,N92000002,64554.5
2013,Hectares,Certified,,Hectares,Units,Undefined,,1362561.439289
2013,Hectares,Certified,England,Hectares,Units,Undefined,E92000001,354739.172379
2013,Hectares,Certified,Wales,Hectares,Units,Undefined,W92000004,139440.96560000005
2013,Hectares,Certified,Scotland,Hectares,Units,Undefined,S92000003,803698.3813100001
2013,Hectares,Certified,Northern Ireland,Hectares,Units,Undefined,N92000002,64682.92
2014,Hectares,Certified,,Hectares,Units,Undefined,,1376969.9976506294
2014,Hectares,Certified,England,Hectares,Units,Undefined,E92000001,349241.3157383818
2014,Hectares,Certified,Wales,Hectares,Units,Undefined,W92000004,141120.85099921853
2014,Hectares,Certified,Scotland,Hectares,Units,Undefined,S92000003,821768.830913029
2014,Hectares,Certified,Northern Ireland,Hectares,Units,Undefined,N92000002,64839.0
2015,Hectares,Certified,,Hectares,Units,Undefined,,1375485.2982358837
2015,Hectares,Certified,England,Hectares,Units,Undefined,E92000001,355674.8382358834
2015,Hectares,Certified,Wales,Hectares,Units,Undefined,W92000004,141361.83
2015,Hectares,Certified,Scotland,Hectares,Units,Undefined,S92000003,813327.63
2015,Hectares,Certified,Northern Ireland,Hectares,Units,Undefined,N92000002,65121.0
2016,Hectares,Certified,,Hectares,Units,Undefined,,1350013.472501021
2016,Hectares,Certified,England,Hectares,Units,Undefined,E92000001,337187.7943175705
2016,Hectares,Certified,Wales,Hectares,Units,Undefined,W92000004,141220.57878192698
2016,Hectares,Certified,Scotland,Hectares,Units,Undefined,S92000003,806343.7594015235
2016,Hectares,Certified,Northern Ireland,Hectares,Units,Undefined,N92000002,65261.34
2017,Hectares,Certified,,Hectares,Units,Undefined,,1388032.83848562
2017,Hectares,Certified,England,Hectares,Units,Undefined,E92000001,336879.15565857
2017,Hectares,Certified,Wales,Hectares,Units,Undefined,W92000004,145103.43812769098
2017,Hectares,Certified,Scotland,Hectares,Units,Undefined,S92000003,840705.384699358
2017,Hectares,Certified,Northern Ireland,Hectares,Units,Undefined,N92000002,65344.85999999999
2018,Hectares,Certified,,Hectares,Units,Undefined,,1375559.836
2018,Hectares,Certified,England,Hectares,Units,Undefined,E92000001,332189.651580319
2018,Hectares,Certified,Wales,Hectares,Units,Undefined,W92000004,144762.667165088
2018,Hectares,Certified,Scotland,Hectares,Units,Undefined,S92000003,833262.7673619151
2018,Hectares,Certified,Northern Ireland,Hectares,Units,Undefined,N92000002,65344.74989267777
2019,Hectares,Certified,,Hectares,Units,Undefined,,1400356.44530316
2019,Hectares,Certified,England,Hectares,Units,Undefined,E92000001,324925.544275548
2019,Hectares,Certified,Wales,Hectares,Units,Undefined,W92000004,146329.34815332602
2019,Hectares,Certified,Scotland,Hectares,Units,Undefined,S92000003,863589.142874287
2019,Hectares,Certified,Northern Ireland,Hectares,Units,Undefined,N92000002,65512.41
2001,Percentage (%),Certified,,Percentage (%),Units,Undefined,,35.7104281359731
2001,Percentage (%),Certified,England,Percentage (%),Units,Undefined,E92000001,23.032949798663065
2001,Percentage (%),Certified,Wales,Percentage (%),Units,Undefined,W92000004,41.416296201688965
2001,Percentage (%),Certified,Scotland,Percentage (%),Units,Undefined,S92000003,43.92905418063695
2001,Percentage (%),Certified,Northern Ireland,Percentage (%),Units,Undefined,N92000002,75.26746987951807
2002,Percentage (%),Certified,,Percentage (%),Units,Undefined,,36.02023476651313
2002,Percentage (%),Certified,England,Percentage (%),Units,Undefined,E92000001,23.500740963080982
2002,Percentage (%),Certified,Wales,Percentage (%),Units,Undefined,W92000004,41.24487672701057
2002,Percentage (%),Certified,Scotland,Percentage (%),Units,Undefined,S92000003,44.24162982149626
2002,Percentage (%),Certified,Northern Ireland,Percentage (%),Units,Undefined,N92000002,74.37142857142857
2003,Percentage (%),Certified,,Percentage (%),Units,Undefined,,
2003,Percentage (%),Certified,England,Percentage (%),Units,Undefined,E92000001,
2003,Percentage (%),Certified,Wales,Percentage (%),Units,Undefined,W92000004,
2003,Percentage (%),Certified,Scotland,Percentage (%),Units,Undefined,S92000003,
2003,Percentage (%),Certified,Northern Ireland,Percentage (%),Units,Undefined,N92000002,
2004,Percentage (%),Certified,,Percentage (%),Units,Undefined,,38.523053294557
2004,Percentage (%),Certified,England,Percentage (%),Units,Undefined,E92000001,23.45300891528711
2004,Percentage (%),Certified,Wales,Percentage (%),Units,Undefined,W92000004,42.03719720701581
2004,Percentage (%),Certified,Scotland,Percentage (%),Units,Undefined,S92000003,49.54191195336677
2004,Percentage (%),Certified,Northern Ireland,Percentage (%),Units,Undefined,N92000002,75.8974358974359
2005,Percentage (%),Certified,,Percentage (%),Units,Undefined,,41.60701931078001
2005,Percentage (%),Certified,England,Percentage (%),Units,Undefined,E92000001,26.92108543527504
2005,Percentage (%),Certified,Wales,Percentage (%),Units,Undefined,W92000004,43.48535386668404
2005,Percentage (%),Certified,Scotland,Percentage (%),Units,Undefined,S92000003,52.93176867501401
2005,Percentage (%),Certified,Northern Ireland,Percentage (%),Units,Undefined,N92000002,74.59557959087702
2006,Percentage (%),Certified,,Percentage (%),Units,Undefined,,42.00121087817556
2006,Percentage (%),Certified,England,Percentage (%),Units,Undefined,E92000001,27.621486115234266
2006,Percentage (%),Certified,Wales,Percentage (%),Units,Undefined,W92000004,43.38140790492897
2006,Percentage (%),Certified,Scotland,Percentage (%),Units,Undefined,S92000003,53.19595956133743
2006,Percentage (%),Certified,Northern Ireland,Percentage (%),Units,Undefined,N92000002,74.06702475478748
2007,Percentage (%),Certified,,Percentage (%),Units,Undefined,,43.571449086870416
2007,Percentage (%),Certified,England,Percentage (%),Units,Undefined,E92000001,28.359836279481488
2007,Percentage (%),Certified,Wales,Percentage (%),Units,Undefined,W92000004,43.79150104248018
2007,Percentage (%),Certified,Scotland,Percentage (%),Units,Undefined,S92000003,55.86400500184081
2007,Percentage (%),Certified,Northern Ireland,Percentage (%),Units,Undefined,N92000002,73.87888564156327
2008,Percentage (%),Certified,,Percentage (%),Units,Undefined,,42.96888403647309
2008,Percentage (%),Certified,England,Percentage (%),Units,Undefined,E92000001,26.860293497040672
2008,Percentage (%),Certified,Wales,Percentage (%),Units,Undefined,W92000004,42.901682082943175
2008,Percentage (%),Certified,Scotland,Percentage (%),Units,Undefined,S92000003,56.11222164153187
2008,Percentage (%),Certified,Northern Ireland,Percentage (%),Units,Undefined,N92000002,73.76669235193334
2009,Percentage (%),Certified,,Percentage (%),Units,Undefined,,43.61448440690271
2009,Percentage (%),Certified,England,Percentage (%),Units,Undefined,E92000001,27.373431288818857
2009,Percentage (%),Certified,Wales,Percentage (%),Units,Undefined,W92000004,44.12510866584682
2009,Percentage (%),Certified,Scotland,Percentage (%),Units,Undefined,S92000003,56.75561362755154
2009,Percentage (%),Certified,Northern Ireland,Percentage (%),Units,Undefined,N92000002,74.20361098121514
2010,Percentage (%),Certified,,Percentage (%),Units,Undefined,,44.03900601034581
2010,Percentage (%),Certified,England,Percentage (%),Units,Undefined,E92000001,27.69073142443363
2010,Percentage (%),Certified,Wales,Percentage (%),Units,Undefined,W92000004,44.01157941219764
2010,Percentage (%),Certified,Scotland,Percentage (%),Units,Undefined,S92000003,57.49568310039006
2010,Percentage (%),Certified,Northern Ireland,Percentage (%),Units,Undefined,N92000002,73.05322734933722
2011,Percentage (%),Certified,,Percentage (%),Units,Undefined,,43.16653365126622
2011,Percentage (%),Certified,England,Percentage (%),Units,Undefined,E92000001,25.93798519790929
2011,Percentage (%),Certified,Wales,Percentage (%),Units,Undefined,W92000004,44.0115164412352
2011,Percentage (%),Certified,Scotland,Percentage (%),Units,Undefined,S92000003,57.2337404926681
2011,Percentage (%),Certified,Northern Ireland,Percentage (%),Units,Undefined,N92000002,72.14377479904954
2012,Percentage (%),Certified,,Percentage (%),Units,Undefined,,43.901723311562336
2012,Percentage (%),Certified,England,Percentage (%),Units,Undefined,E92000001,27.354396175488965
2012,Percentage (%),Certified,Wales,Percentage (%),Units,Undefined,W92000004,45.4075193537357
2012,Percentage (%),Certified,Scotland,Percentage (%),Units,Undefined,S92000003,57.57102920414001
2012,Percentage (%),Certified,Northern Ireland,Percentage (%),Units,Undefined,N92000002,61.35309547796004
2013,Percentage (%),Certified,,Percentage (%),Units,Undefined,,43.59764189978928
2013,Percentage (%),Certified,England,Percentage (%),Units,Undefined,E92000001,27.32495473872069
2013,Percentage (%),Certified,Wales,Percentage (%),Units,Undefined,W92000004,45.657513572476674
2013,Percentage (%),Certified,Scotland,Percentage (%),Units,Undefined,S92000003,56.97308102153623
2013,Percentage (%),Certified,Northern Ireland,Percentage (%),Units,Undefined,N92000002,58.26450241406644
2014,Percentage (%),Certified,,Percentage (%),Units,Undefined,,43.80424227233538
2014,Percentage (%),Certified,England,Percentage (%),Units,Undefined,E92000001,26.82523939661311
2014,Percentage (%),Certified,Wales,Percentage (%),Units,Undefined,W92000004,46.143262597699255
2014,Percentage (%),Certified,Scotland,Percentage (%),Units,Undefined,S92000003,57.69817157076338
2014,Percentage (%),Certified,Northern Ireland,Percentage (%),Units,Undefined,N92000002,58.17087284569767
2015,Percentage (%),Certified,,Percentage (%),Units,Undefined,,43.60274853172501
2015,Percentage (%),Certified,England,Percentage (%),Units,Undefined,E92000001,27.253978260899316
2015,Percentage (%),Certified,Wales,Percentage (%),Units,Undefined,W92000004,46.197529464187824
2015,Percentage (%),Certified,Scotland,Percentage (%),Units,Undefined,S92000003,56.81093046800459
2015,Percentage (%),Certified,Northern Ireland,Percentage (%),Units,Undefined,N92000002,58.189470298091365
2016,Percentage (%),Certified,,Percentage (%),Units,Undefined,,42.73573322805918
2016,Percentage (%),Certified,England,Percentage (%),Units,Undefined,E92000001,25.832586468008365
2016,Percentage (%),Certified,Wales,Percentage (%),Units,Undefined,W92000004,46.0609502865231
2016,Percentage (%),Certified,Scotland,Percentage (%),Units,Undefined,S92000003,56.19051143583992
2016,Percentage (%),Certified,Northern Ireland,Percentage (%),Units,Undefined,N92000002,58.2238261350558
2017,Percentage (%),Certified,,Percentage (%),Units,Undefined,,43.873853133864
2017,Percentage (%),Certified,England,Percentage (%),Units,Undefined,E92000001,25.79370323688652
2017,Percentage (%),Certified,Wales,Percentage (%),Units,Undefined,W92000004,47.16379353669543
2017,Percentage (%),Certified,Scotland,Percentage (%),Units,Undefined,S92000003,58.478833132683896
2017,Percentage (%),Certified,Northern Ireland,Percentage (%),Units,Undefined,N92000002,58.14737760059797
2018,Percentage (%),Certified,,Percentage (%),Units,Undefined,,43.35698052599105
2018,Percentage (%),Certified,England,Percentage (%),Units,Undefined,E92000001,25.403918443599483
2018,Percentage (%),Certified,Wales,Percentage (%),Units,Undefined,W92000004,47.01541347618804
2018,Percentage (%),Certified,Scotland,Percentage (%),Units,Undefined,S92000003,57.68099332350292
2018,Percentage (%),Certified,Northern Ireland,Percentage (%),Units,Undefined,N92000002,58.02387729443846
2019,Percentage (%),Certified,,Percentage (%),Units,Undefined,,43.93733612670408
2019,Percentage (%),Certified,England,Percentage (%),Units,Undefined,E92000001,24.84126345830497
2019,Percentage (%),Certified,Wales,Percentage (%),Units,Undefined,W92000004,47.30799655588156
2019,Percentage (%),Certified,Scotland,Percentage (%),Units,Undefined,S92000003,59.27812080947287
2019,Percentage (%),Certified,Northern Ireland,Percentage (%),Units,Undefined,N92000002,57.97301889296934
2005,Growth rate (%),Certified,,Percentage (%),Units,Undefined,,8.375108052259977
2005,Growth rate (%),,,Percentage (%),Units,Undefined,,0.3422050523790978
2006,Growth rate (%),Certified,,Percentage (%),Units,Undefined,,1.226564110594352
2006,Growth rate (%),,,Percentage (%),Units,Undefined,,0.2765282155683783
2007,Growth rate (%),Certified,,Percentage (%),Units,Undefined,,4.11865219823225
2007,Growth rate (%),,,Percentage (%),Units,Undefined,,0.3663995340274314
2008,Growth rate (%),Certified,,Percentage (%),Units,Undefined,,-1.1503127904502335
2008,Growth rate (%),,,Percentage (%),Units,Undefined,,0.2358848753914679
2009,Growth rate (%),Certified,,Percentage (%),Units,Undefined,,1.7080582078037532
2009,Growth rate (%),,,Percentage (%),Units,Undefined,,0.2025317537470498
2010,Growth rate (%),Certified,,Percentage (%),Units,Undefined,,1.1417296642146857
2010,Growth rate (%),,,Percentage (%),Units,Undefined,,0.16675649515693
2011,Growth rate (%),Certified,,Percentage (%),Units,Undefined,,-1.722387082570435
2011,Growth rate (%),,,Percentage (%),Units,Undefined,,0.2639781298761644
2012,Growth rate (%),Certified,,Percentage (%),Units,Undefined,,3.1348258660889425
2012,Growth rate (%),,,Percentage (%),Units,Undefined,,1.4077032869800798
2013,Growth rate (%),Certified,,Percentage (%),Units,Undefined,,-0.2195766537196874
2013,Growth rate (%),,,Percentage (%),Units,Undefined,,0.4763640136263011
2014,Growth rate (%),Certified,,Percentage (%),Units,Undefined,,1.0574611864216588
2014,Growth rate (%),,,Percentage (%),Units,Undefined,,0.5808290602482468
2015,Growth rate (%),Certified,,Percentage (%),Units,Undefined,,-0.1078236575436706
2015,Growth rate (%),,,Percentage (%),Units,Undefined,,0.353790551347486
2016,Growth rate (%),Certified,,Percentage (%),Units,Undefined,,-1.851842819950968
2016,Growth rate (%),,,Percentage (%),Units,Undefined,,0.1393703376094153
2017,Growth rate (%),Certified,,Percentage (%),Units,Undefined,,2.816221227345575
2017,Growth rate (%),,,Percentage (%),Units,Undefined,,0.1549678641590648
2018,Growth rate (%),Certified,,Percentage (%),Units,Undefined,,-0.8986100429171735
2018,Growth rate (%),,,Percentage (%),Units,Undefined,,0.3079925207819208
2019,Growth rate (%),Certified,,Percentage (%),Units,Undefined,,1.8026558099621708
2019,Growth rate (%),,,Percentage (%),Units,Undefined,,0.4268623771405112
2005,Growth rate (%),Certified,England,Percentage (%),Units,Undefined,E92000001,15.234104591297248
2005,Growth rate (%),,England,Percentage (%),Units,Undefined,E92000001,0.3892093735413843
2006,Growth rate (%),Certified,England,Percentage (%),Units,Undefined,E92000001,2.87379878958835
2006,Growth rate (%),,England,Percentage (%),Units,Undefined,E92000001,0.265217979648665
2007,Growth rate (%),Certified,England,Percentage (%),Units,Undefined,E92000001,2.908834344763161
2007,Growth rate (%),,England,Percentage (%),Units,Undefined,E92000001,0.2295962140437547
2008,Growth rate (%),Certified,England,Percentage (%),Units,Undefined,E92000001,-5.110829804173476
2008,Growth rate (%),,England,Percentage (%),Units,Undefined,E92000001,0.1865944519921027
2009,Growth rate (%),Certified,England,Percentage (%),Units,Undefined,E92000001,2.0946144168885183
2009,Growth rate (%),,England,Percentage (%),Units,Undefined,E92000001,0.1807657494864686
2010,Growth rate (%),Certified,England,Percentage (%),Units,Undefined,E92000001,1.3253006293355591
2010,Growth rate (%),,England,Percentage (%),Units,Undefined,E92000001,0.1642431210269515
2011,Growth rate (%),Certified,England,Percentage (%),Units,Undefined,E92000001,-6.145845561996527
2011,Growth rate (%),,England,Percentage (%),Units,Undefined,E92000001,0.1963014390011704
2012,Growth rate (%),Certified,England,Percentage (%),Units,Undefined,E92000001,5.893192750056904
2012,Growth rate (%),,England,Percentage (%),Units,Undefined,E92000001,0.4100418992792625
2013,Growth rate (%),Certified,England,Percentage (%),Units,Undefined,E92000001,-0.0660718285306489
2013,Growth rate (%),,England,Percentage (%),Units,Undefined,E92000001,0.0416025832075835
2014,Growth rate (%),Certified,England,Percentage (%),Units,Undefined,E92000001,-1.5498307118854977
2014,Growth rate (%),,England,Percentage (%),Units,Undefined,E92000001,0.2841532947053694
2015,Growth rate (%),Certified,England,Percentage (%),Units,Undefined,E92000001,1.842142440650107
2015,Growth rate (%),,England,Percentage (%),Units,Undefined,E92000001,0.2400392882776056
2016,Growth rate (%),Certified,England,Percentage (%),Units,Undefined,E92000001,-5.197737351904628
2016,Growth rate (%),,England,Percentage (%),Units,Undefined,E92000001,0.0185873178056
2017,Growth rate (%),Certified,England,Percentage (%),Units,Undefined,E92000001,-0.0915331646642674
2017,Growth rate (%),,England,Percentage (%),Units,Undefined,E92000001,0.0684478667319794
2018,Growth rate (%),Certified,England,Percentage (%),Units,Undefined,E92000001,-1.3920434076971722
2018,Growth rate (%),,England,Percentage (%),Units,Undefined,E92000001,0.0314323673658064
2019,Growth rate (%),Certified,England,Percentage (%),Units,Undefined,E92000001,-2.18673497811072
2019,Growth rate (%),,England,Percentage (%),Units,Undefined,E92000001,0.1088723385793931
2005,Growth rate (%),Certified,Wales,Percentage (%),Units,Undefined,W92000004,3.62219666090766
2005,Growth rate (%),,Wales,Percentage (%),Units,Undefined,W92000004,0.1713526216939855
2006,Growth rate (%),Certified,Wales,Percentage (%),Units,Undefined,W92000004,-0.0829621243534063
2006,Growth rate (%),,Wales,Percentage (%),Units,Undefined,W92000004,0.1564485609904689
2007,Growth rate (%),Certified,Wales,Percentage (%),Units,Undefined,W92000004,1.1104300806997698
2007,Growth rate (%),,Wales,Percentage (%),Units,Undefined,W92000004,0.1635638504072085
2008,Growth rate (%),Certified,Wales,Percentage (%),Units,Undefined,W92000004,-1.980026571941908
2008,Growth rate (%),,Wales,Percentage (%),Units,Undefined,W92000004,0.0529946648705253
2009,Growth rate (%),Certified,Wales,Percentage (%),Units,Undefined,W92000004,2.9049275553862066
2009,Growth rate (%),,Wales,Percentage (%),Units,Undefined,W92000004,0.0517533040448469
2010,Growth rate (%),Certified,Wales,Percentage (%),Units,Undefined,W92000004,-0.1976178850674905
2010,Growth rate (%),,Wales,Percentage (%),Units,Undefined,W92000004,0.0598254992701052
2011,Growth rate (%),Certified,Wales,Percentage (%),Units,Undefined,W92000004,0.0976972225219025
2011,Growth rate (%),,Wales,Percentage (%),Units,Undefined,W92000004,0.0978404406802997
2012,Growth rate (%),Certified,Wales,Percentage (%),Units,Undefined,W92000004,3.511070027843473
2012,Growth rate (%),,Wales,Percentage (%),Units,Undefined,W92000004,0.328739055098417
2013,Growth rate (%),Certified,Wales,Percentage (%),Units,Undefined,W92000004,0.8286895260730325
2013,Growth rate (%),,Wales,Percentage (%),Units,Undefined,W92000004,0.276609758857195
2014,Growth rate (%),Certified,Wales,Percentage (%),Units,Undefined,W92000004,1.2047287481050712
2014,Growth rate (%),,Wales,Percentage (%),Units,Undefined,W92000004,0.1393489814875579
2015,Growth rate (%),Certified,Wales,Percentage (%),Units,Undefined,W92000004,0.1707607338498784
2015,Growth rate (%),,Wales,Percentage (%),Units,Undefined,W92000004,0.05309311478344
2016,Growth rate (%),Certified,Wales,Percentage (%),Units,Undefined,W92000004,-0.0999217526209245
2016,Growth rate (%),,Wales,Percentage (%),Units,Undefined,W92000004,0.1963003281393329
2017,Growth rate (%),Certified,Wales,Percentage (%),Units,Undefined,W92000004,2.749499668713245
2017,Growth rate (%),,Wales,Percentage (%),Units,Undefined,W92000004,0.3498014156658948
2018,Growth rate (%),Certified,Wales,Percentage (%),Units,Undefined,W92000004,-0.2348469250625918
2018,Growth rate (%),,Wales,Percentage (%),Units,Undefined,W92000004,0.3642173464340535
2019,Growth rate (%),Certified,Wales,Percentage (%),Units,Undefined,W92000004,1.0822410355643477
2019,Growth rate (%),,Wales,Percentage (%),Units,Undefined,W92000004,0.1696989135623048
2005,Growth rate (%),Certified,Scotland,Percentage (%),Units,Undefined,S92000003,7.283131659105516
2005,Growth rate (%),,Scotland,Percentage (%),Units,Undefined,S92000003,0.412504546551562
2006,Growth rate (%),Certified,Scotland,Percentage (%),Units,Undefined,S92000003,0.7890163866447444
2006,Growth rate (%),,Scotland,Percentage (%),Units,Undefined,S92000003,0.288460709288261
2007,Growth rate (%),Certified,Scotland,Percentage (%),Units,Undefined,S92000003,5.514272733709678
2007,Growth rate (%),,Scotland,Percentage (%),Units,Undefined,S92000003,0.4749477825908376
2008,Growth rate (%),Certified,Scotland,Percentage (%),Units,Undefined,S92000003,0.7455667100370765
2008,Growth rate (%),,Scotland,Percentage (%),Units,Undefined,S92000003,0.2999111059462125
2009,Growth rate (%),Certified,Scotland,Percentage (%),Units,Undefined,S92000003,1.3950654961248694
2009,Growth rate (%),,Scotland,Percentage (%),Units,Undefined,S92000003,0.2456325432851701
2010,Growth rate (%),Certified,Scotland,Percentage (%),Units,Undefined,S92000003,1.4999646156182889
2010,Growth rate (%),,Scotland,Percentage (%),Units,Undefined,S92000003,0.1934834807641909
2011,Growth rate (%),Certified,Scotland,Percentage (%),Units,Undefined,S92000003,-0.0871079150090289
2011,Growth rate (%),,Scotland,Percentage (%),Units,Undefined,S92000003,0.3701650724368668
2012,Growth rate (%),Certified,Scotland,Percentage (%),Units,Undefined,S92000003,2.01594518644817
2012,Growth rate (%),,Scotland,Percentage (%),Units,Undefined,S92000003,1.4182691126104647
2013,Growth rate (%),Certified,Scotland,Percentage (%),Units,Undefined,S92000003,-0.4999609947176373
2013,Growth rate (%),,Scotland,Percentage (%),Units,Undefined,S92000003,0.5443193289974061
2014,Growth rate (%),Certified,Scotland,Percentage (%),Units,Undefined,S92000003,2.2484118449479453
2014,Growth rate (%),,Scotland,Percentage (%),Units,Undefined,S92000003,0.9634602583741998
2015,Growth rate (%),Certified,Scotland,Percentage (%),Units,Undefined,S92000003,-1.0271989634421157
2015,Growth rate (%),,Scotland,Percentage (%),Units,Undefined,S92000003,0.5185024783650405
2016,Growth rate (%),Certified,Scotland,Percentage (%),Units,Undefined,S92000003,-0.8586786358747578
2016,Growth rate (%),,Scotland,Percentage (%),Units,Undefined,S92000003,0.2359752670086715
2017,Growth rate (%),Certified,Scotland,Percentage (%),Units,Undefined,S92000003,4.261411451033993
2017,Growth rate (%),,Scotland,Percentage (%),Units,Undefined,S92000003,0.1838649157758234
2018,Growth rate (%),Certified,Scotland,Percentage (%),Units,Undefined,S92000003,-0.8852824631430741
2018,Growth rate (%),,Scotland,Percentage (%),Units,Undefined,S92000003,0.5546779213821128
2019,Growth rate (%),Certified,Scotland,Percentage (%),Units,Undefined,S92000003,3.6394732490429496
2019,Growth rate (%),,Scotland,Percentage (%),Units,Undefined,S92000003,0.775611189888337
2005,Growth rate (%),Certified,Northern Ireland,Percentage (%),Units,Undefined,N92000002,-2.562960687960688
2005,Growth rate (%),,Northern Ireland,Percentage (%),Units,Undefined,N92000002,-0.8624708624708625
2006,Growth rate (%),Certified,Northern Ireland,Percentage (%),Units,Undefined,N92000002,-0.0315203858095223
2006,Growth rate (%),,Northern Ireland,Percentage (%),Units,Undefined,N92000002,0.6818716200329179
2007,Growth rate (%),Certified,Northern Ireland,Percentage (%),Units,Undefined,N92000002,1.1436431573419084
2007,Growth rate (%),,Northern Ireland,Percentage (%),Units,Undefined,N92000002,1.4012143858010275
2008,Growth rate (%),Certified,Northern Ireland,Percentage (%),Units,Undefined,N92000002,0.4402829740261441
2008,Growth rate (%),,Northern Ireland,Percentage (%),Units,Undefined,N92000002,0.5930446798710272
2009,Growth rate (%),Certified,Northern Ireland,Percentage (%),Units,Undefined,N92000002,0.9630920961596604
2009,Growth rate (%),,Northern Ireland,Percentage (%),Units,Undefined,N92000002,0.3686108408219335
2010,Growth rate (%),Certified,Northern Ireland,Percentage (%),Units,Undefined,N92000002,-1.398719633566197
2010,Growth rate (%),,Northern Ireland,Percentage (%),Units,Undefined,N92000002,0.1539742463816052
2011,Growth rate (%),Certified,Northern Ireland,Percentage (%),Units,Undefined,N92000002,-1.081847870988862
2011,Growth rate (%),,Northern Ireland,Percentage (%),Units,Undefined,N92000002,0.1651254953764861
2012,Growth rate (%),Certified,Northern Ireland,Percentage (%),Units,Undefined,N92000002,1.7319223707952816
2012,Growth rate (%),,Northern Ireland,Percentage (%),Units,Undefined,N92000002,19.62436190411224
2013,Growth rate (%),Certified,Northern Ireland,Percentage (%),Units,Undefined,N92000002,0.198932684785721
2013,Growth rate (%),,Northern Ireland,Percentage (%),Units,Undefined,N92000002,5.510463989051303
2014,Growth rate (%),Certified,Northern Ireland,Percentage (%),Units,Undefined,N92000002,0.2413001763062053
2014,Growth rate (%),,Northern Ireland,Percentage (%),Units,Undefined,N92000002,0.4026446638322404
2015,Growth rate (%),Certified,Northern Ireland,Percentage (%),Units,Undefined,N92000002,0.4349234257160043
2015,Growth rate (%),,Northern Ireland,Percentage (%),Units,Undefined,N92000002,0.40282425558257
2016,Growth rate (%),Certified,Northern Ireland,Percentage (%),Units,Undefined,N92000002,0.2155065186345365
2016,Growth rate (%),,Northern Ireland,Percentage (%),Units,Undefined,N92000002,0.156372864393452
2017,Growth rate (%),Certified,Northern Ireland,Percentage (%),Units,Undefined,N92000002,0.1279777583481994
2017,Growth rate (%),,Northern Ireland,Percentage (%),Units,Undefined,N92000002,0.2596197596509854
2018,Growth rate (%),Certified,Northern Ireland,Percentage (%),Units,Undefined,N92000002,-0.0001685018871009
2018,Growth rate (%),,Northern Ireland,Percentage (%),Units,Undefined,N92000002,0.2126750787520689
2019,Growth rate (%),Certified,Northern Ireland,Percentage (%),Units,Undefined,N92000002,0.2565777780121565
2019,Growth rate (%),,Northern Ireland,Percentage (%),Units,Undefined,N92000002,0.3445305770887166
