Year,Series,Mechanism,Observation status,Unit multiplier,Units,Value
2020,Mechanisms in place to enhance policy coherence for sustainable development (Percent),Alignment across government levels,Normal value,Units,Percentage (%),100.0
2020,Mechanisms in place to enhance policy coherence for sustainable development (Percent),Financing for policy coherence,Normal value,Units,Percentage (%),50.0
2020,Mechanisms in place to enhance policy coherence for sustainable development (Percent),Institutionalization of Political Commitment,Normal value,Units,Percentage (%),100.0
2020,Mechanisms in place to enhance policy coherence for sustainable development (Percent),Inter-ministerial and cross-sectoral coordination,Normal value,Units,Percentage (%),30.0
2020,Mechanisms in place to enhance policy coherence for sustainable development (Percent),Long-term considerations in decision-making,Normal value,Units,Percentage (%),80.0
2020,Mechanisms in place to enhance policy coherence for sustainable development (Percent),Monitoring and reporting for policy coherence,Normal value,Units,Percentage (%),80.0
2020,Mechanisms in place to enhance policy coherence for sustainable development (Percent),Participatory processes,Normal value,Units,Percentage (%),80.0
2020,Mechanisms in place to enhance policy coherence for sustainable development (Percent),Policy linkages,Normal value,Units,Percentage (%),30.0
2020,Mechanisms in place to enhance policy coherence for sustainable development (Percent),,Normal value,Units,Percentage (%),68.75
