Year,Series,Source of revenue,Unit measure,Unit multiplier,Observation status,Value
1998,Central government,,Percentage (%),Units,Undefined,21.9737470571
1998,Central government,Taxes,Percentage (%),Units,Undefined,16.89232905946715
1998,Central government,National insurance contributions,Percentage (%),Units,Undefined,3.589912094984841
1998,Central government,Interest and dividends,Percentage (%),Units,Undefined,0.5751257600650396
1998,Central government,Other receipts,Percentage (%),Units,Undefined,0.8655002455920461
1998,Central government,Market output and output for own final use,Percentage (%),Units,Undefined,0.201961348893142
1998,Central government,Pension contributions,Percentage (%),Units,Undefined,0.6481597533917108
1998,Central government,Current grants to central government,Percentage (%),Units,Undefined,0.0004742467099134
1998,Central government,Capital transfers to central government,Percentage (%),Units,Undefined,0.001287241069765
1998,Central government,Less gross operating surplus,Percentage (%),Units,Undefined,-0.8010026930438171
1999,Central government,,Percentage (%),Units,Undefined,22.60173074425676
1999,Central government,Taxes,Percentage (%),Units,Undefined,17.402283260158647
1999,Central government,National insurance contributions,Percentage (%),Units,Undefined,3.721611740831739
1999,Central government,Interest and dividends,Percentage (%),Units,Undefined,0.5137532121873569
1999,Central government,Other receipts,Percentage (%),Units,Undefined,0.8676021308329321
1999,Central government,Market output and output for own final use,Percentage (%),Units,Undefined,0.2158511197891729
1999,Central government,Pension contributions,Percentage (%),Units,Undefined,0.6907104656638652
1999,Central government,Current grants to central government,Percentage (%),Units,Undefined,0.0003279415372062
1999,Central government,Capital transfers to central government,Percentage (%),Units,Undefined,0.0015741193785901
1999,Central government,Less gross operating surplus,Percentage (%),Units,Undefined,-0.8119832461227472
2000,Central government,,Percentage (%),Units,Undefined,23.5614379379021
2000,Central government,Taxes,Percentage (%),Units,Undefined,18.165780697424346
2000,Central government,National insurance contributions,Percentage (%),Units,Undefined,3.8179581920524472
2000,Central government,Interest and dividends,Percentage (%),Units,Undefined,0.5147260571274319
2000,Central government,Other receipts,Percentage (%),Units,Undefined,0.9174201471243332
2000,Central government,Market output and output for own final use,Percentage (%),Units,Undefined,0.2199451119400857
2000,Central government,Pension contributions,Percentage (%),Units,Undefined,0.7400573213334085
2000,Central government,Current grants to central government,Percentage (%),Units,Undefined,0.0
2000,Central government,Capital transfers to central government,Percentage (%),Units,Undefined,0.0018376284201274
2000,Central government,Less gross operating surplus,Percentage (%),Units,Undefined,-0.8162872175200762
2001,Central government,,Percentage (%),Units,Undefined,23.678022807684147
2001,Central government,Taxes,Percentage (%),Units,Undefined,18.03809258281479
2001,Central government,National insurance contributions,Percentage (%),Units,Undefined,3.893701486792565
2001,Central government,Interest and dividends,Percentage (%),Units,Undefined,0.5147396262540032
2001,Central government,Other receipts,Percentage (%),Units,Undefined,0.956694020754894
2001,Central government,Market output and output for own final use,Percentage (%),Units,Undefined,0.2672081558936299
2001,Central government,Pension contributions,Percentage (%),Units,Undefined,0.8059422356662439
2001,Central government,Current grants to central government,Percentage (%),Units,Undefined,0.0004934591983261
2001,Central government,Capital transfers to central government,Percentage (%),Units,Undefined,0.028003809505011
2001,Central government,Less gross operating surplus,Percentage (%),Units,Undefined,-0.826852569195316
2002,Central government,,Percentage (%),Units,Undefined,23.458178567138194
2002,Central government,Taxes,Percentage (%),Units,Undefined,17.903558701889672
2002,Central government,National insurance contributions,Percentage (%),Units,Undefined,3.827878862514496
2002,Central government,Interest and dividends,Percentage (%),Units,Undefined,0.4307797439347648
2002,Central government,Other receipts,Percentage (%),Units,Undefined,0.9736008562471816
2002,Central government,Market output and output for own final use,Percentage (%),Units,Undefined,0.281129661926037
2002,Central government,Pension contributions,Percentage (%),Units,Undefined,0.86005030995496
2002,Central government,Current grants to central government,Percentage (%),Units,Undefined,0.0007847725155762
2002,Central government,Capital transfers to central government,Percentage (%),Units,Undefined,0.027708506511499
2002,Central government,Less gross operating surplus,Percentage (%),Units,Undefined,-0.8473128483559921
2003,Central government,,Percentage (%),Units,Undefined,23.97720440837856
2003,Central government,Taxes,Percentage (%),Units,Undefined,18.03431841963964
2003,Central government,National insurance contributions,Percentage (%),Units,Undefined,4.179815010759197
2003,Central government,Interest and dividends,Percentage (%),Units,Undefined,0.4504080782491284
2003,Central government,Other receipts,Percentage (%),Units,Undefined,0.9938307706599656
2003,Central government,Market output and output for own final use,Percentage (%),Units,Undefined,0.2942930976963108
2003,Central government,Pension contributions,Percentage (%),Units,Undefined,0.8820613253764551
2003,Central government,Current grants to central government,Percentage (%),Units,Undefined,0.0005842626517695
2003,Central government,Capital transfers to central government,Percentage (%),Units,Undefined,0.0300895265661306
2003,Central government,Less gross operating surplus,Percentage (%),Units,Undefined,-0.8881960832200352
2004,Central government,,Percentage (%),Units,Undefined,25.582541740685095
2004,Central government,Taxes,Percentage (%),Units,Undefined,18.977146153802217
2004,Central government,National insurance contributions,Percentage (%),Units,Undefined,4.52530145257013
2004,Central government,Interest and dividends,Percentage (%),Units,Undefined,0.4111521742855674
2004,Central government,Other receipts,Percentage (%),Units,Undefined,0.9886958856222404
2004,Central government,Market output and output for own final use,Percentage (%),Units,Undefined,0.5734310471871091
2004,Central government,Pension contributions,Percentage (%),Units,Undefined,0.8989598386921729
2004,Central government,Current grants to central government,Percentage (%),Units,Undefined,0.0006854440249273
2004,Central government,Capital transfers to central government,Percentage (%),Units,Undefined,0.0957336821481815
2004,Central government,Less gross operating surplus,Percentage (%),Units,Undefined,-0.8885639376474418
2005,Central government,,Percentage (%),Units,Undefined,26.75769167820199
2005,Central government,Taxes,Percentage (%),Units,Undefined,19.758659812975225
2005,Central government,National insurance contributions,Percentage (%),Units,Undefined,4.685827782971369
2005,Central government,Interest and dividends,Percentage (%),Units,Undefined,0.3841470011401243
2005,Central government,Other receipts,Percentage (%),Units,Undefined,1.0239481590182171
2005,Central government,Market output and output for own final use,Percentage (%),Units,Undefined,0.707099007731208
2005,Central government,Pension contributions,Percentage (%),Units,Undefined,0.9834473920002662
2005,Central government,Current grants to central government,Percentage (%),Units,Undefined,0.0007212465359361
2005,Central government,Capital transfers to central government,Percentage (%),Units,Undefined,0.1386457764080258
2005,Central government,Less gross operating surplus,Percentage (%),Units,Undefined,-0.9248045005783844
2006,Central government,,Percentage (%),Units,Undefined,27.55159539035618
2006,Central government,Taxes,Percentage (%),Units,Undefined,20.463546784989
2006,Central government,National insurance contributions,Percentage (%),Units,Undefined,4.837954196378261
2006,Central government,Interest and dividends,Percentage (%),Units,Undefined,0.3541890308370282
2006,Central government,Other receipts,Percentage (%),Units,Undefined,1.0486285980089562
2006,Central government,Market output and output for own final use,Percentage (%),Units,Undefined,0.7564604651891502
2006,Central government,Pension contributions,Percentage (%),Units,Undefined,0.9815293337777804
2006,Central government,Current grants to central government,Percentage (%),Units,Undefined,0.0012966041397328
2006,Central government,Capital transfers to central government,Percentage (%),Units,Undefined,0.0650463076765988
2006,Central government,Less gross operating surplus,Percentage (%),Units,Undefined,-0.9570559306403223
2007,Central government,,Percentage (%),Units,Undefined,28.52848129659753
2007,Central government,Taxes,Percentage (%),Units,Undefined,21.156162353365897
2007,Central government,National insurance contributions,Percentage (%),Units,Undefined,4.919559060570586
2007,Central government,Interest and dividends,Percentage (%),Units,Undefined,0.4158481476047168
2007,Central government,Other receipts,Percentage (%),Units,Undefined,1.0830313477406763
2007,Central government,Market output and output for own final use,Percentage (%),Units,Undefined,0.8415132460222876
2007,Central government,Pension contributions,Percentage (%),Units,Undefined,1.020857325925934
2007,Central government,Current grants to central government,Percentage (%),Units,Undefined,0.0040640065192998
2007,Central government,Capital transfers to central government,Percentage (%),Units,Undefined,0.0828107302439142
2007,Central government,Less gross operating surplus,Percentage (%),Units,Undefined,-0.9953649213957804
2008,Central government,,Percentage (%),Units,Undefined,30.07773363092324
2008,Central government,Taxes,Percentage (%),Units,Undefined,21.132782294494397
2008,Central government,National insurance contributions,Percentage (%),Units,Undefined,5.20371271106557
2008,Central government,Interest and dividends,Percentage (%),Units,Undefined,0.5003172963283072
2008,Central government,Other receipts,Percentage (%),Units,Undefined,1.1835497070235488
2008,Central government,Market output and output for own final use,Percentage (%),Units,Undefined,0.8733985003712816
2008,Central government,Pension contributions,Percentage (%),Units,Undefined,1.0649936143783134
2008,Central government,Current grants to central government,Percentage (%),Units,Undefined,0.0020641462558768
2008,Central government,Capital transfers to central government,Percentage (%),Units,Undefined,1.2060965353569728
2008,Central government,Less gross operating surplus,Percentage (%),Units,Undefined,-1.0891811743510245
2009,Central government,,Percentage (%),Units,Undefined,28.66561938364119
2009,Central government,Taxes,Percentage (%),Units,Undefined,20.54218423644015
2009,Central government,National insurance contributions,Percentage (%),Units,Undefined,5.21314012691039
2009,Central government,Interest and dividends,Percentage (%),Units,Undefined,0.4583059185106355
2009,Central government,Other receipts,Percentage (%),Units,Undefined,1.335672240891287
2009,Central government,Market output and output for own final use,Percentage (%),Units,Undefined,1.0284974322062714
2009,Central government,Pension contributions,Percentage (%),Units,Undefined,1.1950286806883366
2009,Central government,Current grants to central government,Percentage (%),Units,Undefined,0.0020975099245338
2009,Central government,Capital transfers to central government,Percentage (%),Units,Undefined,0.1194476704392406
2009,Central government,Less gross operating surplus,Percentage (%),Units,Undefined,-1.2287544323696564
2010,Central government,,Percentage (%),Units,Undefined,29.977715253830343
2010,Central government,Taxes,Percentage (%),Units,Undefined,21.96661668235774
2010,Central government,National insurance contributions,Percentage (%),Units,Undefined,5.264088572267523
2010,Central government,Interest and dividends,Percentage (%),Units,Undefined,0.4139522735470167
2010,Central government,Other receipts,Percentage (%),Units,Undefined,1.3600670975807991
2010,Central government,Market output and output for own final use,Percentage (%),Units,Undefined,1.0035976805694429
2010,Central government,Pension contributions,Percentage (%),Units,Undefined,1.194323959968571
2010,Central government,Current grants to central government,Percentage (%),Units,Undefined,0.0020548904500047
2010,Central government,Capital transfers to central government,Percentage (%),Units,Undefined,0.0116263538618691
2010,Central government,Less gross operating surplus,Percentage (%),Units,Undefined,-1.2386122567726214
2011,Central government,,Percentage (%),Units,Undefined,30.99931761316249
2011,Central government,Taxes,Percentage (%),Units,Undefined,22.902941952267096
2011,Central government,National insurance contributions,Percentage (%),Units,Undefined,5.416432174058835
2011,Central government,Interest and dividends,Percentage (%),Units,Undefined,0.4238487258374723
2011,Central government,Other receipts,Percentage (%),Units,Undefined,1.3960630871436823
2011,Central government,Market output and output for own final use,Percentage (%),Units,Undefined,0.9322215802968542
2011,Central government,Pension contributions,Percentage (%),Units,Undefined,1.1824834822873094
2011,Central government,Current grants to central government,Percentage (%),Units,Undefined,0.0024027705546341
2011,Central government,Capital transfers to central government,Percentage (%),Units,Undefined,0.0147369927350897
2011,Central government,Less gross operating surplus,Percentage (%),Units,Undefined,-1.2718131520184874
2012,Central government,,Percentage (%),Units,Undefined,31.640596622703622
2012,Central government,Taxes,Percentage (%),Units,Undefined,22.598290400320906
2012,Central government,National insurance contributions,Percentage (%),Units,Undefined,5.491554653389668
2012,Central government,Interest and dividends,Percentage (%),Units,Undefined,0.6181216723712983
2012,Central government,Other receipts,Percentage (%),Units,Undefined,1.475922102561241
2012,Central government,Market output and output for own final use,Percentage (%),Units,Undefined,0.8547998395473636
2012,Central government,Pension contributions,Percentage (%),Units,Undefined,1.1629657627343488
2012,Central government,Current grants to central government,Percentage (%),Units,Undefined,0.0063696748728433
2012,Central government,Capital transfers to central government,Percentage (%),Units,Undefined,0.7310912779673473
2012,Central government,Less gross operating surplus,Percentage (%),Units,Undefined,-1.298518761061388
2013,Central government,,Percentage (%),Units,Undefined,32.28897228711772
2013,Central government,Taxes,Percentage (%),Units,Undefined,23.01660609276436
2013,Central government,National insurance contributions,Percentage (%),Units,Undefined,5.465045295197962
2013,Central government,Interest and dividends,Percentage (%),Units,Undefined,1.3641363002954427
2013,Central government,Other receipts,Percentage (%),Units,Undefined,1.5234229105867385
2013,Central government,Market output and output for own final use,Percentage (%),Units,Undefined,0.91177675147013
2013,Central government,Pension contributions,Percentage (%),Units,Undefined,1.1998011493157423
2013,Central government,Current grants to central government,Percentage (%),Units,Undefined,0.0054091507375763
2013,Central government,Capital transfers to central government,Percentage (%),Units,Undefined,0.1043193356532579
2013,Central government,Less gross operating surplus,Percentage (%),Units,Undefined,-1.3015446989034878
2014,Central government,,Percentage (%),Units,Undefined,32.089696878638776
2014,Central government,Taxes,Percentage (%),Units,Undefined,23.2109579436327
2014,Central government,National insurance contributions,Percentage (%),Units,Undefined,5.464948853748012
2014,Central government,Interest and dividends,Percentage (%),Units,Undefined,0.8186405238578172
2014,Central government,Other receipts,Percentage (%),Units,Undefined,1.613191601247042
2014,Central government,Market output and output for own final use,Percentage (%),Units,Undefined,0.945247843343475
2014,Central government,Pension contributions,Percentage (%),Units,Undefined,1.2011168288071716
2014,Central government,Current grants to central government,Percentage (%),Units,Undefined,0.0061600871426961
2014,Central government,Capital transfers to central government,Percentage (%),Units,Undefined,0.1404299540497564
2014,Central government,Less gross operating surplus,Percentage (%),Units,Undefined,-1.3109967571898984
2015,Central government,,Percentage (%),Units,Undefined,32.52502924543118
2015,Central government,Taxes,Percentage (%),Units,Undefined,23.478393607543197
2015,Central government,National insurance contributions,Percentage (%),Units,Undefined,5.586011901704039
2015,Central government,Interest and dividends,Percentage (%),Units,Undefined,0.8201930712179456
2015,Central government,Other receipts,Percentage (%),Units,Undefined,1.5804519672842576
2015,Central government,Market output and output for own final use,Percentage (%),Units,Undefined,0.963594758866466
2015,Central government,Pension contributions,Percentage (%),Units,Undefined,1.2672286290632313
2015,Central government,Current grants to central government,Percentage (%),Units,Undefined,0.0054307701565969
2015,Central government,Capital transfers to central government,Percentage (%),Units,Undefined,0.1398301000680558
2015,Central government,Less gross operating surplus,Percentage (%),Units,Undefined,-1.3161055604726042
2016,Central government,,Percentage (%),Units,Undefined,33.6822481510144
2016,Central government,Taxes,Percentage (%),Units,Undefined,24.371979781762704
2016,Central government,National insurance contributions,Percentage (%),Units,Undefined,5.866107325575858
2016,Central government,Interest and dividends,Percentage (%),Units,Undefined,0.8466591281955334
2016,Central government,Other receipts,Percentage (%),Units,Undefined,1.5735556460856142
2016,Central government,Market output and output for own final use,Percentage (%),Units,Undefined,0.9974445833391452
2016,Central government,Pension contributions,Percentage (%),Units,Undefined,1.2909832221721471
2016,Central government,Current grants to central government,Percentage (%),Units,Undefined,0.0142849378557105
2016,Central government,Capital transfers to central government,Percentage (%),Units,Undefined,0.0594965256818652
2016,Central government,Less gross operating surplus,Percentage (%),Units,Undefined,-1.3382629996541795
2017,Central government,,Percentage (%),Units,Undefined,34.92419027880732
2017,Central government,Taxes,Percentage (%),Units,Undefined,25.14149320000605
2017,Central government,National insurance contributions,Percentage (%),Units,Undefined,6.166938338653314
2017,Central government,Interest and dividends,Percentage (%),Units,Undefined,0.9264424458799146
2017,Central government,Other receipts,Percentage (%),Units,Undefined,1.5910302860687109
2017,Central government,Market output and output for own final use,Percentage (%),Units,Undefined,1.0720012707441418
2017,Central government,Pension contributions,Percentage (%),Units,Undefined,1.300385383416789
2017,Central government,Current grants to central government,Percentage (%),Units,Undefined,0.0179171142005657
2017,Central government,Capital transfers to central government,Percentage (%),Units,Undefined,0.0613152958262106
2017,Central government,Less gross operating surplus,Percentage (%),Units,Undefined,-1.3533330559883818
2018,Central government,,Percentage (%),Units,Undefined,35.66957015433805
2018,Central government,Taxes,Percentage (%),Units,Undefined,25.641565567524765
2018,Central government,National insurance contributions,Percentage (%),Units,Undefined,6.320781849964889
2018,Central government,Interest and dividends,Percentage (%),Units,Undefined,0.8663306240755404
2018,Central government,Other receipts,Percentage (%),Units,Undefined,1.578537971941253
2018,Central government,Market output and output for own final use,Percentage (%),Units,Undefined,1.15286638478433
2018,Central government,Pension contributions,Percentage (%),Units,Undefined,1.32594575010085
2018,Central government,Current grants to central government,Percentage (%),Units,Undefined,0.0068634115731126
2018,Central government,Capital transfers to central government,Percentage (%),Units,Undefined,0.1269964590399067
2018,Central government,Less gross operating surplus,Percentage (%),Units,Undefined,-1.350317864666597
2019,Central government,,Percentage (%),Units,Undefined,36.32722688170509
2019,Central government,Taxes,Percentage (%),Units,Undefined,25.85455263517653
2019,Central government,National insurance contributions,Percentage (%),Units,Undefined,6.596330237223194
2019,Central government,Interest and dividends,Percentage (%),Units,Undefined,0.8460256357735358
2019,Central government,Other receipts,Percentage (%),Units,Undefined,1.6183577436431853
2019,Central government,Market output and output for own final use,Percentage (%),Units,Undefined,1.069868000668351
2019,Central government,Pension contributions,Percentage (%),Units,Undefined,1.5975062957103554
2019,Central government,Current grants to central government,Percentage (%),Units,Undefined,0.0052934139343828
2019,Central government,Capital transfers to central government,Percentage (%),Units,Undefined,0.1134171472549506
2019,Central government,Less gross operating surplus,Percentage (%),Units,Undefined,-1.3741242276793997
2020,Central government,,Percentage (%),Units,Undefined,38.48935280515432
2020,Central government,Taxes,Percentage (%),Units,Undefined,26.61316221712445
2020,Central government,National insurance contributions,Percentage (%),Units,Undefined,7.355440722437711
2020,Central government,Interest and dividends,Percentage (%),Units,Undefined,1.0105223602069038
2020,Central government,Other receipts,Percentage (%),Units,Undefined,1.831214378091189
2020,Central government,Market output and output for own final use,Percentage (%),Units,Undefined,1.1955533340038835
2020,Central government,Pension contributions,Percentage (%),Units,Undefined,1.98719385517446
2020,Central government,Current grants to central government,Percentage (%),Units,Undefined,0.0031144838304679
2020,Central government,Capital transfers to central government,Percentage (%),Units,Undefined,0.0509039406389593
2020,Central government,Less gross operating surplus,Percentage (%),Units,Undefined,-1.5577524863537104
1998,Local government,,Percentage (%),Units,Undefined,5.680730339933267
1998,Local government,Taxes,Percentage (%),Units,Undefined,0.7594044816314087
1998,Local government,Interest and dividends,Percentage (%),Units,Undefined,0.0233058383157466
1998,Local government,Other receipts,Percentage (%),Units,Undefined,0.3173387984620857
1998,Local government,Market output,Percentage (%),Units,Undefined,0.6545282092105486
1998,Local government,Pension contributions,Percentage (%),Units,Undefined,0.1142257075591538
1998,Local government,Current grants from central government,Percentage (%),Units,Undefined,4.090581121593469
1998,Local government,Capital grants from private sector,Percentage (%),Units,Undefined,0.0250673260954252
1998,Local government,Less gross operating surplus,Percentage (%),Units,Undefined,-0.3037211429345708
1999,Local government,,Percentage (%),Units,Undefined,5.878942349189526
1999,Local government,Taxes,Percentage (%),Units,Undefined,0.7974226418707884
1999,Local government,Interest and dividends,Percentage (%),Units,Undefined,-0.0022955907604439
1999,Local government,Other receipts,Percentage (%),Units,Undefined,0.317381819708237
1999,Local government,Market output,Percentage (%),Units,Undefined,0.7097966631292706
1999,Local government,Pension contributions,Percentage (%),Units,Undefined,0.1202889558472632
1999,Local government,Current grants from central government,Percentage (%),Units,Undefined,4.222837586297815
1999,Local government,Capital grants from private sector,Percentage (%),Units,Undefined,0.0180367845463453
1999,Local government,Less gross operating surplus,Percentage (%),Units,Undefined,-0.3045265114497508
2000,Local government,,Percentage (%),Units,Undefined,5.973559695359228
2000,Local government,Taxes,Percentage (%),Units,Undefined,0.8442952093027087
2000,Local government,Interest and dividends,Percentage (%),Units,Undefined,0.0041188223209753
2000,Local government,Other receipts,Percentage (%),Units,Undefined,0.3180998161737914
2000,Local government,Market output,Percentage (%),Units,Undefined,0.7756692927855342
2000,Local government,Pension contributions,Percentage (%),Units,Undefined,0.1208399102476932
2000,Local government,Current grants from central government,Percentage (%),Units,Undefined,4.185547242575189
2000,Local government,Capital grants from private sector,Percentage (%),Units,Undefined,0.0282614577716157
2000,Local government,Less gross operating surplus,Percentage (%),Units,Undefined,-0.3032720558182801
2001,Local government,,Percentage (%),Units,Undefined,6.407876102264484
2001,Local government,Taxes,Percentage (%),Units,Undefined,0.8913106769766742
2001,Local government,Interest and dividends,Percentage (%),Units,Undefined,-0.0456449758451722
2001,Local government,Other receipts,Percentage (%),Units,Undefined,0.3258064356948645
2001,Local government,Market output,Percentage (%),Units,Undefined,0.875581665030027
2001,Local government,Pension contributions,Percentage (%),Units,Undefined,0.127312473168156
2001,Local government,Current grants from central government,Percentage (%),Units,Undefined,4.515583441483141
2001,Local government,Capital grants from private sector,Percentage (%),Units,Undefined,0.029915963898525
2001,Local government,Less gross operating surplus,Percentage (%),Units,Undefined,-0.3119895781417313
2002,Local government,,Percentage (%),Units,Undefined,6.802710000597635
2002,Local government,Taxes,Percentage (%),Units,Undefined,0.9547663158733524
2002,Local government,Interest and dividends,Percentage (%),Units,Undefined,-0.0800467965887749
2002,Local government,Other receipts,Percentage (%),Units,Undefined,0.3435492604726383
2002,Local government,Market output,Percentage (%),Units,Undefined,0.9536193406582792
2002,Local government,Pension contributions,Percentage (%),Units,Undefined,0.1395084064228197
2002,Local government,Current grants from central government,Percentage (%),Units,Undefined,4.777996910410973
2002,Local government,Capital grants from private sector,Percentage (%),Units,Undefined,0.0432228554732751
2002,Local government,Less gross operating surplus,Percentage (%),Units,Undefined,-0.3299062921249285
2003,Local government,,Percentage (%),Units,Undefined,7.228672806488119
2003,Local government,Taxes,Percentage (%),Units,Undefined,1.0374167644819725
2003,Local government,Interest and dividends,Percentage (%),Units,Undefined,-0.1320433592999131
2003,Local government,Other receipts,Percentage (%),Units,Undefined,0.3623596966274607
2003,Local government,Market output,Percentage (%),Units,Undefined,0.9962846737973976
2003,Local government,Pension contributions,Percentage (%),Units,Undefined,0.1328029007472135
2003,Local government,Current grants from central government,Percentage (%),Units,Undefined,5.133214805916711
2003,Local government,Capital grants from private sector,Percentage (%),Units,Undefined,0.0460983232246156
2003,Local government,Less gross operating surplus,Percentage (%),Units,Undefined,-0.3474609990073377
2004,Local government,,Percentage (%),Units,Undefined,7.622994362222895
2004,Local government,Taxes,Percentage (%),Units,Undefined,1.0932260994236558
2004,Local government,Interest and dividends,Percentage (%),Units,Undefined,-0.0908784536382797
2004,Local government,Other receipts,Percentage (%),Units,Undefined,0.379907350815964
2004,Local government,Market output,Percentage (%),Units,Undefined,1.0110299367677889
2004,Local government,Pension contributions,Percentage (%),Units,Undefined,0.1498266397820288
2004,Local government,Current grants from central government,Percentage (%),Units,Undefined,5.4103239294221135
2004,Local government,Capital grants from private sector,Percentage (%),Units,Undefined,0.033929479233902
2004,Local government,Less gross operating surplus,Percentage (%),Units,Undefined,-0.3643706195842782
2005,Local government,,Percentage (%),Units,Undefined,7.968831053547007
2005,Local government,Taxes,Percentage (%),Units,Undefined,1.1225370124304068
2005,Local government,Interest and dividends,Percentage (%),Units,Undefined,-0.0655779542674215
2005,Local government,Other receipts,Percentage (%),Units,Undefined,0.4117762915167537
2005,Local government,Market output,Percentage (%),Units,Undefined,1.068166119721377
2005,Local government,Pension contributions,Percentage (%),Units,Undefined,0.1631126781270891
2005,Local government,Current grants from central government,Percentage (%),Units,Undefined,5.623947604213189
2005,Local government,Capital grants from private sector,Percentage (%),Units,Undefined,0.0382260664046137
2005,Local government,Less gross operating surplus,Percentage (%),Units,Undefined,-0.3933567645990007
2006,Local government,,Percentage (%),Units,Undefined,8.51090957320654
2006,Local government,Taxes,Percentage (%),Units,Undefined,1.1528431557399854
2006,Local government,Interest and dividends,Percentage (%),Units,Undefined,-0.0627772504320663
2006,Local government,Other receipts,Percentage (%),Units,Undefined,0.4431684899261962
2006,Local government,Market output,Percentage (%),Units,Undefined,1.244902049661019
2006,Local government,Pension contributions,Percentage (%),Units,Undefined,0.1552683457330108
2006,Local government,Current grants from central government,Percentage (%),Units,Undefined,5.962055960354167
2006,Local government,Capital grants from private sector,Percentage (%),Units,Undefined,0.0404108290216743
2006,Local government,Less gross operating surplus,Percentage (%),Units,Undefined,-0.4249620067974472
2007,Local government,,Percentage (%),Units,Undefined,8.579909451823578
2007,Local government,Taxes,Percentage (%),Units,Undefined,1.1875343725226717
2007,Local government,Interest and dividends,Percentage (%),Units,Undefined,-0.026970225082626
2007,Local government,Other receipts,Percentage (%),Units,Undefined,0.4674663083303689
2007,Local government,Market output,Percentage (%),Units,Undefined,1.236196892143378
2007,Local government,Pension contributions,Percentage (%),Units,Undefined,0.1532183237081473
2007,Local government,Current grants from central government,Percentage (%),Units,Undefined,5.969761680324192
2007,Local government,Capital grants from private sector,Percentage (%),Units,Undefined,0.040640065192998
2007,Local government,Less gross operating surplus,Percentage (%),Units,Undefined,-0.4479379653155516
2008,Local government,,Percentage (%),Units,Undefined,8.995549383111367
2008,Local government,Taxes,Percentage (%),Units,Undefined,1.2457916556622972
2008,Local government,Interest and dividends,Percentage (%),Units,Undefined,0.0032285364514997
2008,Local government,Other receipts,Percentage (%),Units,Undefined,0.508732661833036
2008,Local government,Market output,Percentage (%),Units,Undefined,1.2762775080567863
2008,Local government,Pension contributions,Percentage (%),Units,Undefined,0.1678838954779848
2008,Local government,Current grants from central government,Percentage (%),Units,Undefined,6.239226082763796
2008,Local government,Capital grants from private sector,Percentage (%),Units,Undefined,0.0429765835838977
2008,Local government,Less gross operating surplus,Percentage (%),Units,Undefined,-0.4885675407179313
2009,Local government,,Percentage (%),Units,Undefined,9.808453185786387
2009,Local government,Taxes,Percentage (%),Units,Undefined,1.334954671706578
2009,Local government,Interest and dividends,Percentage (%),Units,Undefined,-0.0691074322504294
2009,Local government,Other receipts,Percentage (%),Units,Undefined,0.5536322248177374
2009,Local government,Market output,Percentage (%),Units,Undefined,1.39931510781201
2009,Local government,Pension contributions,Percentage (%),Units,Undefined,0.1870647666906592
2009,Local government,Current grants from central government,Percentage (%),Units,Undefined,6.8848003391342365
2009,Local government,Capital grants from private sector,Percentage (%),Units,Undefined,0.0494570761153233
2009,Local government,Less gross operating surplus,Percentage (%),Units,Undefined,-0.5316635682397255
2010,Local government,,Percentage (%),Units,Undefined,10.055173808582628
2010,Local government,Taxes,Percentage (%),Units,Undefined,1.3435198218518132
2010,Local government,Interest and dividends,Percentage (%),Units,Undefined,-0.074624968973858
2010,Local government,Other receipts,Percentage (%),Units,Undefined,0.5383812979012539
2010,Local government,Market output,Percentage (%),Units,Undefined,1.4038687098045854
2010,Local government,Pension contributions,Percentage (%),Units,Undefined,0.1692040057385519
2010,Local government,Current grants from central government,Percentage (%),Units,Undefined,7.15593968788377
2010,Local government,Capital grants from private sector,Percentage (%),Units,Undefined,0.037582864809298
2010,Local government,Less gross operating surplus,Percentage (%),Units,Undefined,-0.518697610432787
2011,Local government,,Percentage (%),Units,Undefined,9.618717689410405
2011,Local government,Taxes,Percentage (%),Units,Undefined,1.339624676560386
2011,Local government,Interest and dividends,Percentage (%),Units,Undefined,-0.0504581816473181
2011,Local government,Other receipts,Percentage (%),Units,Undefined,0.553651730688933
2011,Local government,Market output,Percentage (%),Units,Undefined,1.3256352124422934
2011,Local government,Pension contributions,Percentage (%),Units,Undefined,0.1632282130114831
2011,Local government,Current grants from central government,Percentage (%),Units,Undefined,6.77848270912914
2011,Local government,Capital grants from private sector,Percentage (%),Units,Undefined,0.0420751821567054
2011,Local government,Less gross operating surplus,Percentage (%),Units,Undefined,-0.5335218529312199
2012,Local government,,Percentage (%),Units,Undefined,9.503976045811124
2012,Local government,Taxes,Percentage (%),Units,Undefined,1.33768436523821
2012,Local government,Interest and dividends,Percentage (%),Units,Undefined,-0.1266565102814975
2012,Local government,Other receipts,Percentage (%),Units,Undefined,0.579482487605455
2012,Local government,Market output,Percentage (%),Units,Undefined,1.2886220761349865
2012,Local government,Pension contributions,Percentage (%),Units,Undefined,0.1623477463458596
2012,Local government,Current grants from central government,Percentage (%),Units,Undefined,6.773543844946321
2012,Local government,Capital grants from private sector,Percentage (%),Units,Undefined,0.0481147341634616
2012,Local government,Less gross operating surplus,Percentage (%),Units,Undefined,-0.5591626983416735
2013,Local government,,Percentage (%),Units,Undefined,9.154343676831576
2013,Local government,Taxes,Percentage (%),Units,Undefined,1.362333250049584
2013,Local government,Interest and dividends,Percentage (%),Units,Undefined,-0.0254487663272639
2013,Local government,Other receipts,Percentage (%),Units,Undefined,0.5956247697891204
2013,Local government,Market output,Percentage (%),Units,Undefined,1.2820202405269028
2013,Local government,Pension contributions,Percentage (%),Units,Undefined,0.153001692291445
2013,Local government,Current grants from central government,Percentage (%),Units,Undefined,6.308975841702491
2013,Local government,Capital grants from private sector,Percentage (%),Units,Undefined,0.0531642243921788
2013,Local government,Less gross operating surplus,Percentage (%),Units,Undefined,-0.5753275755928816
2014,Local government,,Percentage (%),Units,Undefined,9.110368227973304
2014,Local government,Taxes,Percentage (%),Units,Undefined,1.3726477106261503
2014,Local government,Interest and dividends,Percentage (%),Units,Undefined,-0.0375114249583693
2014,Local government,Other receipts,Percentage (%),Units,Undefined,0.6071942806345391
2014,Local government,Market output,Percentage (%),Units,Undefined,1.2933178079104537
2014,Local government,Pension contributions,Percentage (%),Units,Undefined,0.1468404512389037
2014,Local government,Current grants from central government,Percentage (%),Units,Undefined,6.245426886526687
2014,Local government,Capital grants from private sector,Percentage (%),Units,Undefined,0.0703151410434586
2014,Local government,Less gross operating surplus,Percentage (%),Units,Undefined,-0.5878626250485169
2015,Local government,,Percentage (%),Units,Undefined,8.818690068882715
2015,Local government,Taxes,Percentage (%),Units,Undefined,1.3860695363638988
2015,Local government,Interest and dividends,Percentage (%),Units,Undefined,-0.0411466459612438
2015,Local government,Other receipts,Percentage (%),Units,Undefined,0.6110350314030615
2015,Local government,Market output,Percentage (%),Units,Undefined,1.2867011202553538
2015,Local government,Pension contributions,Percentage (%),Units,Undefined,0.1425699480749876
2015,Local government,Current grants from central government,Percentage (%),Units,Undefined,5.957261306643299
2015,Local government,Capital grants from private sector,Percentage (%),Units,Undefined,0.0673709054561626
2015,Local government,Less gross operating surplus,Percentage (%),Units,Undefined,-0.5911711333528058
2016,Local government,,Percentage (%),Units,Undefined,8.419215309605587
2016,Local government,Taxes,Percentage (%),Units,Undefined,1.4299848060206444
2016,Local government,Interest and dividends,Percentage (%),Units,Undefined,-0.0396803829325294
2016,Local government,Other receipts,Percentage (%),Units,Undefined,0.6226212812867795
2016,Local government,Market output,Percentage (%),Units,Undefined,1.2824218789454926
2016,Local government,Pension contributions,Percentage (%),Units,Undefined,0.142705086255533
2016,Local government,Current grants from central government,Percentage (%),Units,Undefined,5.512302602119269
2016,Local government,Capital grants from private sector,Percentage (%),Units,Undefined,0.0714727867124105
2016,Local government,Less gross operating surplus,Percentage (%),Units,Undefined,-0.6026127488020131
2017,Local government,,Percentage (%),Units,Undefined,8.356750071857556
2017,Local government,Taxes,Percentage (%),Units,Undefined,1.4876877751387985
2017,Local government,Interest and dividends,Percentage (%),Units,Undefined,-0.045714642300652
2017,Local government,Other receipts,Percentage (%),Units,Undefined,0.6393904210096365
2017,Local government,Market output,Percentage (%),Units,Undefined,1.29995991104791
2017,Local government,Pension contributions,Percentage (%),Units,Undefined,0.1373330257325688
2017,Local government,Current grants from central government,Percentage (%),Units,Undefined,5.383738256962619
2017,Local government,Capital grants from private sector,Percentage (%),Units,Undefined,0.0729921486165529
2017,Local government,Less gross operating surplus,Percentage (%),Units,Undefined,-0.6186368243498782
2018,Local government,,Percentage (%),Units,Undefined,8.39759416413919
2018,Local government,Taxes,Percentage (%),Units,Undefined,1.5867553898791291
2018,Local government,Interest and dividends,Percentage (%),Units,Undefined,-0.062844571274895
2018,Local government,Other receipts,Percentage (%),Units,Undefined,0.6650505744722176
2018,Local government,Market output,Percentage (%),Units,Undefined,1.3249652627332626
2018,Local government,Pension contributions,Percentage (%),Units,Undefined,0.1358675352228414
2018,Local government,Current grants from central government,Percentage (%),Units,Undefined,5.30583735488787
2018,Local government,Capital grants from private sector,Percentage (%),Units,Undefined,0.0845086731111144
2018,Local government,Less gross operating surplus,Percentage (%),Units,Undefined,-0.6425460548923518
2019,Local government,,Percentage (%),Units,Undefined,8.325021139133474
2019,Local government,Taxes,Percentage (%),Units,Undefined,1.651821325645762
2019,Local government,Interest and dividends,Percentage (%),Units,Undefined,-0.0721285185667644
2019,Local government,Other receipts,Percentage (%),Units,Undefined,0.6889263161383302
2019,Local government,Market output,Percentage (%),Units,Undefined,1.3607756186274775
2019,Local government,Pension contributions,Percentage (%),Units,Undefined,0.1446713043110023
2019,Local government,Current grants from central government,Percentage (%),Units,Undefined,5.139076395930792
2019,Local government,Capital grants from private sector,Percentage (%),Units,Undefined,0.0780203184241644
2019,Local government,Less gross operating surplus,Percentage (%),Units,Undefined,-0.666141621377291
2020,Local government,,Percentage (%),Units,Undefined,10.887163271964386
2020,Local government,Taxes,Percentage (%),Units,Undefined,1.9219939231825327
2020,Local government,Interest and dividends,Percentage (%),Units,Undefined,-0.0650467606560022
2020,Local government,Other receipts,Percentage (%),Units,Undefined,0.7865348099730878
2020,Local government,Market output,Percentage (%),Units,Undefined,1.563675111342797
2020,Local government,Pension contributions,Percentage (%),Units,Undefined,0.172930438258932
2020,Local government,Current grants from central government,Percentage (%),Units,Undefined,7.187411766928369
2020,Local government,Capital grants from private sector,Percentage (%),Units,Undefined,0.0797512089047687
2020,Local government,Less gross operating surplus,Percentage (%),Units,Undefined,-0.7600872259700979
