Year,Vaccination by age,Vaccine,Country,Region,GeoCode,Value
2009/10,By 1st birthday,Diphtheria Tetanus Polio Pertussis Hib,,,,94.14869794559999
2010/11,By 1st birthday,Diphtheria Tetanus Polio Pertussis Hib,,,,94.5468975378084
2011/12,By 1st birthday,Diphtheria Tetanus Polio Pertussis Hib,,,,95.03541168802955
2012/13,By 1st birthday,Diphtheria Tetanus Polio Pertussis Hib,,,,95.10008340283571
2013/14,By 1st birthday,Diphtheria Tetanus Polio Pertussis Hib,,,,94.7647277045919
2014/15,By 1st birthday,Diphtheria Tetanus Polio Pertussis Hib,,,,94.66482475789968
2015/16,By 1st birthday,Diphtheria Tetanus Polio Pertussis Hib,,,,94.06543881100932
2016/17,By 1st birthday,Diphtheria Tetanus Polio Pertussis Hib,,,,93.88745684074928
2017/18,By 1st birthday,Diphtheria Tetanus Polio Pertussis Hib,,,,93.57885628720794
2007/08,By 1st birthday,Diphtheria Tetanus Polio Pertussis Hib,England,,E92000001,91.27328400102066
2008/09,By 1st birthday,Diphtheria Tetanus Polio Pertussis Hib,England,,E92000001,92.03012644915131
2009/10,By 1st birthday,Diphtheria Tetanus Polio Pertussis Hib,England,,E92000001,93.6111457883678
2010/11,By 1st birthday,Diphtheria Tetanus Polio Pertussis Hib,England,,E92000001,94.15002675925415
2011/12,By 1st birthday,Diphtheria Tetanus Polio Pertussis Hib,England,,E92000001,94.66758770645063
2012/13,By 1st birthday,Diphtheria Tetanus Polio Pertussis Hib,England,,E92000001,94.74058166894821
2013/14,By 1st birthday,Diphtheria Tetanus Polio Pertussis Hib,England,,E92000001,94.33724758879922
2014/15,By 1st birthday,Diphtheria Tetanus Polio Pertussis Hib,England,,E92000001,94.2282460178
2015/16,By 1st birthday,Diphtheria Tetanus Polio Pertussis Hib,England,,E92000001,93.55915264685696
2016/17,By 1st birthday,Diphtheria Tetanus Polio Pertussis Hib,England,,E92000001,93.4064893812038
2017/18,By 1st birthday,Diphtheria Tetanus Polio Pertussis Hib,England,,E92000001,93.12488076383822
2009/10,By 1st birthday,Diphtheria Tetanus Polio Pertussis Hib,Wales,,W92000004,96.21548
2010/11,By 1st birthday,Diphtheria Tetanus Polio Pertussis Hib,Wales,,W92000004,95.95209
2011/12,By 1st birthday,Diphtheria Tetanus Polio Pertussis Hib,Wales,,W92000004,96.43109
2012/13,By 1st birthday,Diphtheria Tetanus Polio Pertussis Hib,Wales,,W92000004,96.5
2013/14,By 1st birthday,Diphtheria Tetanus Polio Pertussis Hib,Wales,,W92000004,96.70015589814655
2014/15,By 1st birthday,Diphtheria Tetanus Polio Pertussis Hib,Wales,,W92000004,96.57298494507795
2015/16,By 1st birthday,Diphtheria Tetanus Polio Pertussis Hib,Wales,,W92000004,96.56944234547376
2016/17,By 1st birthday,Diphtheria Tetanus Polio Pertussis Hib,Wales,,W92000004,96.33870679911962
2017/18,By 1st birthday,Diphtheria Tetanus Polio Pertussis Hib,Wales,,W92000004,95.91855396714115
2009/10,By 1st birthday,Diphtheria Tetanus Polio Pertussis Hib,Scotland,,S92000003,97.40956
2010/11,By 1st birthday,Diphtheria Tetanus Polio Pertussis Hib,Scotland,,S92000003,96.98395
2011/12,By 1st birthday,Diphtheria Tetanus Polio Pertussis Hib,Scotland,,S92000003,97.40364
2012/13,By 1st birthday,Diphtheria Tetanus Polio Pertussis Hib,Scotland,,S92000003,97.4
2013/14,By 1st birthday,Diphtheria Tetanus Polio Pertussis Hib,Scotland,,S92000003,97.51477444065094
2014/15,By 1st birthday,Diphtheria Tetanus Polio Pertussis Hib,Scotland,,S92000003,97.38729144479944
2015/16,By 1st birthday,Diphtheria Tetanus Polio Pertussis Hib,Scotland,,S92000003,97.15211731576431
2016/17,By 1st birthday,Diphtheria Tetanus Polio Pertussis Hib,Scotland,,S92000003,96.7661023022485
2017/18,By 1st birthday,Diphtheria Tetanus Polio Pertussis Hib,Scotland,,S92000003,96.50631059081759
2009/10,By 1st birthday,Diphtheria Tetanus Polio Pertussis Hib,Northern Ireland,,N92000002,97.77198958124625
2010/11,By 1st birthday,Diphtheria Tetanus Polio Pertussis Hib,Northern Ireland,,N92000002,97.50950950950951
2011/12,By 1st birthday,Diphtheria Tetanus Polio Pertussis Hib,Northern Ireland,,N92000002,97.5702921950067
2012/13,By 1st birthday,Diphtheria Tetanus Polio Pertussis Hib,Northern Ireland,,N92000002,97.56330625895843
2013/14,By 1st birthday,Diphtheria Tetanus Polio Pertussis Hib,Northern Ireland,,N92000002,97.4824497700315
2014/15,By 1st birthday,Diphtheria Tetanus Polio Pertussis Hib,Northern Ireland,,N92000002,96.83635490455036
2015/16,By 1st birthday,Diphtheria Tetanus Polio Pertussis Hib,Northern Ireland,,N92000002,97.21662623853963
2016/17,By 1st birthday,Diphtheria Tetanus Polio Pertussis Hib,Northern Ireland,,N92000002,97.04003930238272
2017/18,By 1st birthday,Diphtheria Tetanus Polio Pertussis Hib,Northern Ireland,,N92000002,96.19617125534654
2013/14,By 1st birthday,Diphtheria Tetanus Polio Pertussis Hib,England,North East,E12000001,96.42940724148306
2014/15,By 1st birthday,Diphtheria Tetanus Polio Pertussis Hib,England,North East,E12000001,96.76931536981027
2015/16,By 1st birthday,Diphtheria Tetanus Polio Pertussis Hib,England,North East,E12000001,96.76680064875538
2016/17,By 1st birthday,Diphtheria Tetanus Polio Pertussis Hib,England,North East,E12000001,95.1942919100416
2017/18,By 1st birthday,Diphtheria Tetanus Polio Pertussis Hib,England,North East,E12000001,95.45916045233344
2013/14,By 1st birthday,Diphtheria Tetanus Polio Pertussis Hib,England,North West,E12000002,95.70095417846281
2014/15,By 1st birthday,Diphtheria Tetanus Polio Pertussis Hib,England,North West,E12000002,94.97809085016377
2015/16,By 1st birthday,Diphtheria Tetanus Polio Pertussis Hib,England,North West,E12000002,93.53614830552996
2016/17,By 1st birthday,Diphtheria Tetanus Polio Pertussis Hib,England,North West,E12000002,94.6701535541953
2017/18,By 1st birthday,Diphtheria Tetanus Polio Pertussis Hib,England,North West,E12000002,93.47182414667076
2013/14,By 1st birthday,Diphtheria Tetanus Polio Pertussis Hib,England,Yorkshire and The Humber,E12000003,96.10969483957581
2014/15,By 1st birthday,Diphtheria Tetanus Polio Pertussis Hib,England,Yorkshire and The Humber,E12000003,95.79529754494908
2015/16,By 1st birthday,Diphtheria Tetanus Polio Pertussis Hib,England,Yorkshire and The Humber,E12000003,95.77584705426467
2016/17,By 1st birthday,Diphtheria Tetanus Polio Pertussis Hib,England,Yorkshire and The Humber,E12000003,95.19509125235996
2017/18,By 1st birthday,Diphtheria Tetanus Polio Pertussis Hib,England,Yorkshire and The Humber,E12000003,94.51434323100149
2013/14,By 1st birthday,Diphtheria Tetanus Polio Pertussis Hib,England,East Midlands,E12000004,96.45495100190142
2014/15,By 1st birthday,Diphtheria Tetanus Polio Pertussis Hib,England,East Midlands,E12000004,96.1905946062976
2015/16,By 1st birthday,Diphtheria Tetanus Polio Pertussis Hib,England,East Midlands,E12000004,95.59220843016115
2016/17,By 1st birthday,Diphtheria Tetanus Polio Pertussis Hib,England,East Midlands,E12000004,95.35852479958528
2017/18,By 1st birthday,Diphtheria Tetanus Polio Pertussis Hib,England,East Midlands,E12000004,94.8707850418214
2013/14,By 1st birthday,Diphtheria Tetanus Polio Pertussis Hib,England,West Midlands,E12000005,95.17508980722296
2014/15,By 1st birthday,Diphtheria Tetanus Polio Pertussis Hib,England,West Midlands,E12000005,94.86965027430857
2015/16,By 1st birthday,Diphtheria Tetanus Polio Pertussis Hib,England,West Midlands,E12000005,94.34712458222887
2016/17,By 1st birthday,Diphtheria Tetanus Polio Pertussis Hib,England,West Midlands,E12000005,93.75504322766571
2017/18,By 1st birthday,Diphtheria Tetanus Polio Pertussis Hib,England,West Midlands,E12000005,92.80740824265659
2013/14,By 1st birthday,Diphtheria Tetanus Polio Pertussis Hib,England,East of England,E12000006,95.82615891829843
2014/15,By 1st birthday,Diphtheria Tetanus Polio Pertussis Hib,England,East of England,E12000006,95.90093582147405
2015/16,By 1st birthday,Diphtheria Tetanus Polio Pertussis Hib,England,East of England,E12000006,95.5547305751488
2016/17,By 1st birthday,Diphtheria Tetanus Polio Pertussis Hib,England,East of England,E12000006,94.85124156855323
2017/18,By 1st birthday,Diphtheria Tetanus Polio Pertussis Hib,England,East of England,E12000006,94.09032937784187
2013/14,By 1st birthday,Diphtheria Tetanus Polio Pertussis Hib,England,London,E12000007,89.76186876322953
2014/15,By 1st birthday,Diphtheria Tetanus Polio Pertussis Hib,England,London,E12000007,90.5543219666931
2015/16,By 1st birthday,Diphtheria Tetanus Polio Pertussis Hib,England,London,E12000007,89.22235957040344
2016/17,By 1st birthday,Diphtheria Tetanus Polio Pertussis Hib,England,London,E12000007,88.77009620609198
2017/18,By 1st birthday,Diphtheria Tetanus Polio Pertussis Hib,England,London,E12000007,89.22513220456007
2013/14,By 1st birthday,Diphtheria Tetanus Polio Pertussis Hib,England,South East,E12000008,93.56872752151921
2014/15,By 1st birthday,Diphtheria Tetanus Polio Pertussis Hib,England,South East,E12000008,93.01817666721857
2015/16,By 1st birthday,Diphtheria Tetanus Polio Pertussis Hib,England,South East,E12000008,92.91319510609709
2016/17,By 1st birthday,Diphtheria Tetanus Polio Pertussis Hib,England,South East,E12000008,93.37376353094623
2017/18,By 1st birthday,Diphtheria Tetanus Polio Pertussis Hib,England,South East,E12000008,93.74799052991553
2013/14,By 1st birthday,Diphtheria Tetanus Polio Pertussis Hib,England,South West,E12000009,96.02172348360924
2014/15,By 1st birthday,Diphtheria Tetanus Polio Pertussis Hib,England,South West,E12000009,95.63166971561053
2015/16,By 1st birthday,Diphtheria Tetanus Polio Pertussis Hib,England,South West,E12000009,94.79096104076565
2016/17,By 1st birthday,Diphtheria Tetanus Polio Pertussis Hib,England,South West,E12000009,94.63879671893686
2017/18,By 1st birthday,Diphtheria Tetanus Polio Pertussis Hib,England,South West,E12000009,95.01690661275141
2009/10,By 1st birthday,Meningococcal group C,,,,93.3
2010/11,By 1st birthday,Meningococcal group C,,,,93.8
2011/12,By 1st birthday,Meningococcal group C,,,,94.3
2012/13,By 1st birthday,Meningococcal group C,,,,94.3
2007/08,By 1st birthday,Meningococcal group C,England,,E92000001,90.3
2008/09,By 1st birthday,Meningococcal group C,England,,E92000001,91.2
2009/10,By 1st birthday,Meningococcal group C,England,,E92000001,92.7
2010/11,By 1st birthday,Meningococcal group C,England,,E92000001,93.4
2011/12,By 1st birthday,Meningococcal group C,England,,E92000001,93.9
2012/13,By 1st birthday,Meningococcal group C,England,,E92000001,93.9
2009/10,By 1st birthday,Meningococcal group C,Wales,,W92000004,95.9
2010/11,By 1st birthday,Meningococcal group C,Wales,,W92000004,95.4
2011/12,By 1st birthday,Meningococcal group C,Wales,,W92000004,96.1
2012/13,By 1st birthday,Meningococcal group C,Wales,,W92000004,96.1
2014/15,By 1st birthday,Meningococcal group C,Wales,,W92000004,97.2
2009/10,By 1st birthday,Meningococcal group C,Scotland,,S92000003,97.0
2010/11,By 1st birthday,Meningococcal group C,Scotland,,S92000003,96.5
2011/12,By 1st birthday,Meningococcal group C,Scotland,,S92000003,96.8
2012/13,By 1st birthday,Meningococcal group C,Scotland,,S92000003,96.9
2014/15,By 1st birthday,Meningococcal group C,Scotland,,S92000003,97.7
2009/10,By 1st birthday,Meningococcal group C,Northern Ireland,,N92000002,97.5
2010/11,By 1st birthday,Meningococcal group C,Northern Ireland,,N92000002,97.2
2011/12,By 1st birthday,Meningococcal group C,Northern Ireland,,N92000002,97.2
2012/13,By 1st birthday,Meningococcal group C,Northern Ireland,,N92000002,97.4
2014/15,By 1st birthday,Meningococcal group C,Northern Ireland,,N92000002,97.5
2015/16,By 1st birthday,Rotavirus,,,,94.0
2016/17,By 1st birthday,Rotavirus,,,,90.2
2017/18,By 1st birthday,Rotavirus,,,,90.6
2016/17,By 1st birthday,Rotavirus,England,,E92000001,89.6
2017/18,By 1st birthday,Rotavirus,England,,E92000001,90.1
2015/16,By 1st birthday,Rotavirus,Wales,,W92000004,96.4
2016/17,By 1st birthday,Rotavirus,Wales,,W92000004,94.1
2017/18,By 1st birthday,Rotavirus,Wales,,W92000004,93.8
2015/16,By 1st birthday,Rotavirus,Scotland,,S92000003,97.1
2016/17,By 1st birthday,Rotavirus,Scotland,,S92000003,93.1
2017/18,By 1st birthday,Rotavirus,Scotland,,S92000003,93.4
2015/16,By 1st birthday,Rotavirus,Northern Ireland,,N92000002,97.1
2016/17,By 1st birthday,Rotavirus,Northern Ireland,,N92000002,94.4
2017/18,By 1st birthday,Rotavirus,Northern Ireland,,N92000002,94.1
2016/17,By 1st birthday,Rotavirus,England,North East,E12000001,93.3
2017/18,By 1st birthday,Rotavirus,England,North East,E12000001,93.8
2016/17,By 1st birthday,Rotavirus,England,North West,E12000002,87.5
2017/18,By 1st birthday,Rotavirus,England,North West,E12000002,88.5
2016/17,By 1st birthday,Rotavirus,England,Yorkshire and The Humber,E12000003,92.2
2017/18,By 1st birthday,Rotavirus,England,Yorkshire and The Humber,E12000003,92.1
2016/17,By 1st birthday,Rotavirus,England,East Midlands,E12000004,92.7
2017/18,By 1st birthday,Rotavirus,England,East Midlands,E12000004,92.2
2016/17,By 1st birthday,Rotavirus,England,West Midlands,E12000005,89.9
2017/18,By 1st birthday,Rotavirus,England,West Midlands,E12000005,89.2
2016/17,By 1st birthday,Rotavirus,England,East of England,E12000006,92.0
2017/18,By 1st birthday,Rotavirus,England,East of England,E12000006,92.0
2016/17,By 1st birthday,Rotavirus,England,London,E12000007,85.8
2017/18,By 1st birthday,Rotavirus,England,London,E12000007,86.5
2016/17,By 1st birthday,Rotavirus,England,South East,E12000008,89.8
2017/18,By 1st birthday,Rotavirus,England,South East,E12000008,90.9
2016/17,By 1st birthday,Rotavirus,England,South West,E12000009,90.3
2017/18,By 1st birthday,Rotavirus,England,South West,E12000009,91.9
2017/18,By 1st birthday,Meningococcal group B,,,,92.9
2017/18,By 1st birthday,Meningococcal group B,England,,E92000001,92.5
2017/18,By 1st birthday,Meningococcal group B,Wales,,W92000004,95.3
2017/18,By 1st birthday,Meningococcal group B,Scotland,,S92000003,95.9
2017/18,By 1st birthday,Meningococcal group B,Northern Ireland,,N92000002,95.8
2017/18,By 1st birthday,Meningococcal group B,England,North East,E12000001,94.8
2017/18,By 1st birthday,Meningococcal group B,England,North West,E12000002,92.6
2017/18,By 1st birthday,Meningococcal group B,England,Yorkshire and The Humber,E12000003,94.2
2017/18,By 1st birthday,Meningococcal group B,England,East Midlands,E12000004,94.4
2017/18,By 1st birthday,Meningococcal group B,England,West Midlands,E12000005,93.0
2017/18,By 1st birthday,Meningococcal group B,England,East of England,E12000006,93.8
2017/18,By 1st birthday,Meningococcal group B,England,London,E12000007,87.9
2017/18,By 1st birthday,Meningococcal group B,England,South East,E12000008,92.7
2017/18,By 1st birthday,Meningococcal group B,England,South West,E12000009,94.6
2009/10,By 2nd birthday,Diphtheria Tetanus Polio Pertussis Hib,,,,95.7
2010/11,By 2nd birthday,Diphtheria Tetanus Polio Pertussis Hib,,,,96.3
2011/12,By 2nd birthday,Diphtheria Tetanus Polio Pertussis Hib,,,,96.4
2012/13,By 2nd birthday,Diphtheria Tetanus Polio Pertussis Hib,,,,96.6
2013/14,By 2nd birthday,Diphtheria Tetanus Polio Pertussis Hib,,,,96.4
2014/15,By 2nd birthday,Diphtheria Tetanus Polio Pertussis Hib,,,,96.1
2015/16,By 2nd birthday,Diphtheria Tetanus Polio Pertussis Hib,,,,95.6
2016/17,By 2nd birthday,Diphtheria Tetanus Polio Pertussis Hib,,,,95.5
2017/18,By 2nd birthday,Diphtheria Tetanus Polio Pertussis Hib,,,,95.4
2007/08,By 2nd birthday,Diphtheria Tetanus Polio Pertussis Hib,England,,E92000001,93.6
2008/09,By 2nd birthday,Diphtheria Tetanus Polio Pertussis Hib,England,,E92000001,93.9
2009/10,By 2nd birthday,Diphtheria Tetanus Polio Pertussis Hib,England,,E92000001,95.3
2010/11,By 2nd birthday,Diphtheria Tetanus Polio Pertussis Hib,England,,E92000001,96.0
2011/12,By 2nd birthday,Diphtheria Tetanus Polio Pertussis Hib,England,,E92000001,96.1
2012/13,By 2nd birthday,Diphtheria Tetanus Polio Pertussis Hib,England,,E92000001,96.3
2013/14,By 2nd birthday,Diphtheria Tetanus Polio Pertussis Hib,England,,E92000001,96.1
2014/15,By 2nd birthday,Diphtheria Tetanus Polio Pertussis Hib,England,,E92000001,95.7
2015/16,By 2nd birthday,Diphtheria Tetanus Polio Pertussis Hib,England,,E92000001,95.2
2016/17,By 2nd birthday,Diphtheria Tetanus Polio Pertussis Hib,England,,E92000001,95.1
2017/18,By 2nd birthday,Diphtheria Tetanus Polio Pertussis Hib,England,,E92000001,95.1
2009/10,By 2nd birthday,Diphtheria Tetanus Polio Pertussis Hib,Wales,,W92000004,97.5
2010/11,By 2nd birthday,Diphtheria Tetanus Polio Pertussis Hib,Wales,,W92000004,97.4
2011/12,By 2nd birthday,Diphtheria Tetanus Polio Pertussis Hib,Wales,,W92000004,97.4
2012/13,By 2nd birthday,Diphtheria Tetanus Polio Pertussis Hib,Wales,,W92000004,97.7
2013/14,By 2nd birthday,Diphtheria Tetanus Polio Pertussis Hib,Wales,,W92000004,97.7
2014/15,By 2nd birthday,Diphtheria Tetanus Polio Pertussis Hib,Wales,,W92000004,97.8
2015/16,By 2nd birthday,Diphtheria Tetanus Polio Pertussis Hib,Wales,,W92000004,97.0
2016/17,By 2nd birthday,Diphtheria Tetanus Polio Pertussis Hib,Wales,,W92000004,97.0
2017/18,By 2nd birthday,Diphtheria Tetanus Polio Pertussis Hib,Wales,,W92000004,96.6
2009/10,By 2nd birthday,Diphtheria Tetanus Polio Pertussis Hib,Scotland,,S92000003,98.4
2010/11,By 2nd birthday,Diphtheria Tetanus Polio Pertussis Hib,Scotland,,S92000003,98.1
2011/12,By 2nd birthday,Diphtheria Tetanus Polio Pertussis Hib,Scotland,,S92000003,98.1
2012/13,By 2nd birthday,Diphtheria Tetanus Polio Pertussis Hib,Scotland,,S92000003,98.2
2013/14,By 2nd birthday,Diphtheria Tetanus Polio Pertussis Hib,Scotland,,S92000003,98.2
2014/15,By 2nd birthday,Diphtheria Tetanus Polio Pertussis Hib,Scotland,,S92000003,98.1
2015/16,By 2nd birthday,Diphtheria Tetanus Polio Pertussis Hib,Scotland,,S92000003,97.9
2016/17,By 2nd birthday,Diphtheria Tetanus Polio Pertussis Hib,Scotland,,S92000003,97.7
2017/18,By 2nd birthday,Diphtheria Tetanus Polio Pertussis Hib,Scotland,,S92000003,97.6
2009/10,By 2nd birthday,Diphtheria Tetanus Polio Pertussis Hib,Northern Ireland,,N92000002,98.5
2010/11,By 2nd birthday,Diphtheria Tetanus Polio Pertussis Hib,Northern Ireland,,N92000002,98.8
2011/12,By 2nd birthday,Diphtheria Tetanus Polio Pertussis Hib,Northern Ireland,,N92000002,98.4
2012/13,By 2nd birthday,Diphtheria Tetanus Polio Pertussis Hib,Northern Ireland,,N92000002,98.6
2013/14,By 2nd birthday,Diphtheria Tetanus Polio Pertussis Hib,Northern Ireland,,N92000002,98.6
2014/15,By 2nd birthday,Diphtheria Tetanus Polio Pertussis Hib,Northern Ireland,,N92000002,97.5
2015/16,By 2nd birthday,Diphtheria Tetanus Polio Pertussis Hib,Northern Ireland,,N92000002,98.2
2016/17,By 2nd birthday,Diphtheria Tetanus Polio Pertussis Hib,Northern Ireland,,N92000002,97.9
2017/18,By 2nd birthday,Diphtheria Tetanus Polio Pertussis Hib,Northern Ireland,,N92000002,97.8
2013/14,By 2nd birthday,Diphtheria Tetanus Polio Pertussis Hib,England,North East,E12000001,97.9
2014/15,By 2nd birthday,Diphtheria Tetanus Polio Pertussis Hib,England,North East,E12000001,97.8
2015/16,By 2nd birthday,Diphtheria Tetanus Polio Pertussis Hib,England,North East,E12000001,98.0
2016/17,By 2nd birthday,Diphtheria Tetanus Polio Pertussis Hib,England,North East,E12000001,97.4
2017/18,By 2nd birthday,Diphtheria Tetanus Polio Pertussis Hib,England,North East,E12000001,97.2
2013/14,By 2nd birthday,Diphtheria Tetanus Polio Pertussis Hib,England,North West,E12000002,97.3
2014/15,By 2nd birthday,Diphtheria Tetanus Polio Pertussis Hib,England,North West,E12000002,96.6
2015/16,By 2nd birthday,Diphtheria Tetanus Polio Pertussis Hib,England,North West,E12000002,95.5
2016/17,By 2nd birthday,Diphtheria Tetanus Polio Pertussis Hib,England,North West,E12000002,96.4
2017/18,By 2nd birthday,Diphtheria Tetanus Polio Pertussis Hib,England,North West,E12000002,95.7
2013/14,By 2nd birthday,Diphtheria Tetanus Polio Pertussis Hib,England,Yorkshire and The Humber,E12000003,97.3
2014/15,By 2nd birthday,Diphtheria Tetanus Polio Pertussis Hib,England,Yorkshire and The Humber,E12000003,97.0
2015/16,By 2nd birthday,Diphtheria Tetanus Polio Pertussis Hib,England,Yorkshire and The Humber,E12000003,97.1
2016/17,By 2nd birthday,Diphtheria Tetanus Polio Pertussis Hib,England,Yorkshire and The Humber,E12000003,96.7
2017/18,By 2nd birthday,Diphtheria Tetanus Polio Pertussis Hib,England,Yorkshire and The Humber,E12000003,96.2
2013/14,By 2nd birthday,Diphtheria Tetanus Polio Pertussis Hib,England,East Midlands,E12000004,97.7
2014/15,By 2nd birthday,Diphtheria Tetanus Polio Pertussis Hib,England,East Midlands,E12000004,97.5
2015/16,By 2nd birthday,Diphtheria Tetanus Polio Pertussis Hib,England,East Midlands,E12000004,97.0
2016/17,By 2nd birthday,Diphtheria Tetanus Polio Pertussis Hib,England,East Midlands,E12000004,96.7
2017/18,By 2nd birthday,Diphtheria Tetanus Polio Pertussis Hib,England,East Midlands,E12000004,96.5
2013/14,By 2nd birthday,Diphtheria Tetanus Polio Pertussis Hib,England,West Midlands,E12000005,96.6
2014/15,By 2nd birthday,Diphtheria Tetanus Polio Pertussis Hib,England,West Midlands,E12000005,96.5
2015/16,By 2nd birthday,Diphtheria Tetanus Polio Pertussis Hib,England,West Midlands,E12000005,96.2
2016/17,By 2nd birthday,Diphtheria Tetanus Polio Pertussis Hib,England,West Midlands,E12000005,96.0
2017/18,By 2nd birthday,Diphtheria Tetanus Polio Pertussis Hib,England,West Midlands,E12000005,95.6
2013/14,By 2nd birthday,Diphtheria Tetanus Polio Pertussis Hib,England,East of England,E12000006,97.0
2014/15,By 2nd birthday,Diphtheria Tetanus Polio Pertussis Hib,England,East of England,E12000006,96.9
2015/16,By 2nd birthday,Diphtheria Tetanus Polio Pertussis Hib,England,East of England,E12000006,96.4
2016/17,By 2nd birthday,Diphtheria Tetanus Polio Pertussis Hib,England,East of England,E12000006,96.2
2017/18,By 2nd birthday,Diphtheria Tetanus Polio Pertussis Hib,England,East of England,E12000006,95.8
2013/14,By 2nd birthday,Diphtheria Tetanus Polio Pertussis Hib,England,London,E12000007,93.1
2014/15,By 2nd birthday,Diphtheria Tetanus Polio Pertussis Hib,England,London,E12000007,92.5
2015/16,By 2nd birthday,Diphtheria Tetanus Polio Pertussis Hib,England,London,E12000007,92.2
2016/17,By 2nd birthday,Diphtheria Tetanus Polio Pertussis Hib,England,London,E12000007,91.6
2017/18,By 2nd birthday,Diphtheria Tetanus Polio Pertussis Hib,England,London,E12000007,91.7
2013/14,By 2nd birthday,Diphtheria Tetanus Polio Pertussis Hib,England,South East,E12000008,95.2
2014/15,By 2nd birthday,Diphtheria Tetanus Polio Pertussis Hib,England,South East,E12000008,94.7
2015/16,By 2nd birthday,Diphtheria Tetanus Polio Pertussis Hib,England,South East,E12000008,93.7
2016/17,By 2nd birthday,Diphtheria Tetanus Polio Pertussis Hib,England,South East,E12000008,93.8
2017/18,By 2nd birthday,Diphtheria Tetanus Polio Pertussis Hib,England,South East,E12000008,95.0
2013/14,By 2nd birthday,Diphtheria Tetanus Polio Pertussis Hib,England,South West,E12000009,97.4
2014/15,By 2nd birthday,Diphtheria Tetanus Polio Pertussis Hib,England,South West,E12000009,96.9
2015/16,By 2nd birthday,Diphtheria Tetanus Polio Pertussis Hib,England,South West,E12000009,96.5
2016/17,By 2nd birthday,Diphtheria Tetanus Polio Pertussis Hib,England,South West,E12000009,96.3
2017/18,By 2nd birthday,Diphtheria Tetanus Polio Pertussis Hib,England,South West,E12000009,96.5
2009/10,By 2nd birthday,Meningococcal group C,,,,94.5
2010/11,By 2nd birthday,Meningococcal group C,,,,95.0
2011/12,By 2nd birthday,Meningococcal group C,,,,95.1
2012/13,By 2nd birthday,Meningococcal group C,,,,95.3
2007/08,By 2nd birthday,Meningococcal group C,England,,E92000001,93.2
2008/09,By 2nd birthday,Meningococcal group C,England,,E92000001,91.9
2009/10,By 2nd birthday,Meningococcal group C,England,,E92000001,94.2
2010/11,By 2nd birthday,Meningococcal group C,England,,E92000001,94.8
2011/12,By 2nd birthday,Meningococcal group C,England,,E92000001,94.9
2012/13,By 2nd birthday,Meningococcal group C,England,,E92000001,95.1
2009/10,By 2nd birthday,Meningococcal group C,Wales,,W92000004,96.2
2010/11,By 2nd birthday,Meningococcal group C,Wales,,W92000004,96.0
2011/12,By 2nd birthday,Meningococcal group C,Wales,,W92000004,96.0
2012/13,By 2nd birthday,Meningococcal group C,Wales,,W92000004,96.6
2009/10,By 2nd birthday,Meningococcal group C,Scotland,,S92000003,96.4
2010/11,By 2nd birthday,Meningococcal group C,Scotland,,S92000003,96.2
2011/12,By 2nd birthday,Meningococcal group C,Scotland,,S92000003,96.1
2012/13,By 2nd birthday,Meningococcal group C,Scotland,,S92000003,96.2
2009/10,By 2nd birthday,Meningococcal group C,Northern Ireland,,N92000002,96.8
2010/11,By 2nd birthday,Meningococcal group C,Northern Ireland,,N92000002,96.7
2011/12,By 2nd birthday,Meningococcal group C,Northern Ireland,,N92000002,96.7
2012/13,By 2nd birthday,Meningococcal group C,Northern Ireland,,N92000002,97.0
2009/10,By 2nd birthday,Pneumococcal disease,,,,88.6
2010/11,By 2nd birthday,Pneumococcal disease,,,,89.8
2011/12,By 2nd birthday,Pneumococcal disease,,,,91.9
2012/13,By 2nd birthday,Pneumococcal disease,,,,92.9
2013/14,By 2nd birthday,Pneumococcal disease,,,,92.9
2014/15,By 2nd birthday,Pneumococcal disease,,,,92.7
2015/16,By 2nd birthday,Pneumococcal disease,,,,92.1
2016/17,By 2nd birthday,Pneumococcal disease,,,,92.0
2017/18,By 2nd birthday,Pneumococcal disease,,,,91.6
2008/09,By 2nd birthday,Pneumococcal disease,England,,E92000001,81.5
2009/10,By 2nd birthday,Pneumococcal disease,England,,E92000001,87.6
2010/11,By 2nd birthday,Pneumococcal disease,England,,E92000001,89.3
2011/12,By 2nd birthday,Pneumococcal disease,England,,E92000001,91.5
2012/13,By 2nd birthday,Pneumococcal disease,England,,E92000001,92.5
2013/14,By 2nd birthday,Pneumococcal disease,England,,E92000001,92.4
2014/15,By 2nd birthday,Pneumococcal disease,England,,E92000001,92.2
2015/16,By 2nd birthday,Pneumococcal disease,England,,E92000001,91.5
2016/17,By 2nd birthday,Pneumococcal disease,England,,E92000001,91.5
2017/18,By 2nd birthday,Pneumococcal disease,England,,E92000001,91.0
2009/10,By 2nd birthday,Pneumococcal disease,Wales,,W92000004,96.3
2010/11,By 2nd birthday,Pneumococcal disease,Wales,,W92000004,91.0
2011/12,By 2nd birthday,Pneumococcal disease,Wales,,W92000004,93.7
2012/13,By 2nd birthday,Pneumococcal disease,Wales,,W92000004,95.2
2013/14,By 2nd birthday,Pneumococcal disease,Wales,,W92000004,95.5
2014/15,By 2nd birthday,Pneumococcal disease,Wales,,W92000004,95.7
2015/16,By 2nd birthday,Pneumococcal disease,Wales,,W92000004,95.6
2016/17,By 2nd birthday,Pneumococcal disease,Wales,,W92000004,95.4
2017/18,By 2nd birthday,Pneumococcal disease,Wales,,W92000004,95.2
2009/10,By 2nd birthday,Pneumococcal disease,Scotland,,S92000003,94.2
2010/11,By 2nd birthday,Pneumococcal disease,Scotland,,S92000003,93.4
2011/12,By 2nd birthday,Pneumococcal disease,Scotland,,S92000003,94.5
2012/13,By 2nd birthday,Pneumococcal disease,Scotland,,S92000003,95.5
2013/14,By 2nd birthday,Pneumococcal disease,Scotland,,S92000003,95.5
2014/15,By 2nd birthday,Pneumococcal disease,Scotland,,S92000003,95.4
2015/16,By 2nd birthday,Pneumococcal disease,Scotland,,S92000003,95.3
2016/17,By 2nd birthday,Pneumococcal disease,Scotland,,S92000003,94.9
2017/18,By 2nd birthday,Pneumococcal disease,Scotland,,S92000003,94.8
2009/10,By 2nd birthday,Pneumococcal disease,Northern Ireland,,N92000002,92.8
2010/11,By 2nd birthday,Pneumococcal disease,Northern Ireland,,N92000002,92.8
2011/12,By 2nd birthday,Pneumococcal disease,Northern Ireland,,N92000002,93.9
2012/13,By 2nd birthday,Pneumococcal disease,Northern Ireland,,N92000002,95.8
2013/14,By 2nd birthday,Pneumococcal disease,Northern Ireland,,N92000002,96.0
2014/15,By 2nd birthday,Pneumococcal disease,Northern Ireland,,N92000002,95.2
2015/16,By 2nd birthday,Pneumococcal disease,Northern Ireland,,N92000002,96.1
2016/17,By 2nd birthday,Pneumococcal disease,Northern Ireland,,N92000002,95.1
2017/18,By 2nd birthday,Pneumococcal disease,Northern Ireland,,N92000002,94.7
2013/14,By 2nd birthday,Pneumococcal disease,England,North East,E12000001,95.7
2014/15,By 2nd birthday,Pneumococcal disease,England,North East,E12000001,95.3
2015/16,By 2nd birthday,Pneumococcal disease,England,North East,E12000001,95.4
2016/17,By 2nd birthday,Pneumococcal disease,England,North East,E12000001,94.9
2017/18,By 2nd birthday,Pneumococcal disease,England,North East,E12000001,95.0
2013/14,By 2nd birthday,Pneumococcal disease,England,North West,E12000002,94.2
2014/15,By 2nd birthday,Pneumococcal disease,England,North West,E12000002,93.3
2015/16,By 2nd birthday,Pneumococcal disease,England,North West,E12000002,92.2
2016/17,By 2nd birthday,Pneumococcal disease,England,North West,E12000002,93.3
2017/18,By 2nd birthday,Pneumococcal disease,England,North West,E12000002,92.7
2013/14,By 2nd birthday,Pneumococcal disease,England,Yorkshire and The Humber,E12000003,95.0
2014/15,By 2nd birthday,Pneumococcal disease,England,Yorkshire and The Humber,E12000003,94.8
2015/16,By 2nd birthday,Pneumococcal disease,England,Yorkshire and The Humber,E12000003,94.4
2016/17,By 2nd birthday,Pneumococcal disease,England,Yorkshire and The Humber,E12000003,94.3
2017/18,By 2nd birthday,Pneumococcal disease,England,Yorkshire and The Humber,E12000003,93.5
2013/14,By 2nd birthday,Pneumococcal disease,England,East Midlands,E12000004,95.2
2014/15,By 2nd birthday,Pneumococcal disease,England,East Midlands,E12000004,94.2
2015/16,By 2nd birthday,Pneumococcal disease,England,East Midlands,E12000004,94.0
2016/17,By 2nd birthday,Pneumococcal disease,England,East Midlands,E12000004,93.5
2017/18,By 2nd birthday,Pneumococcal disease,England,East Midlands,E12000004,93.2
2013/14,By 2nd birthday,Pneumococcal disease,England,West Midlands,E12000005,93.7
2014/15,By 2nd birthday,Pneumococcal disease,England,West Midlands,E12000005,93.7
2015/16,By 2nd birthday,Pneumococcal disease,England,West Midlands,E12000005,93.0
2016/17,By 2nd birthday,Pneumococcal disease,England,West Midlands,E12000005,93.1
2017/18,By 2nd birthday,Pneumococcal disease,England,West Midlands,E12000005,91.0
2013/14,By 2nd birthday,Pneumococcal disease,England,East of England,E12000006,94.1
2014/15,By 2nd birthday,Pneumococcal disease,England,East of England,E12000006,94.3
2015/16,By 2nd birthday,Pneumococcal disease,England,East of England,E12000006,93.9
2016/17,By 2nd birthday,Pneumococcal disease,England,East of England,E12000006,94.1
2017/18,By 2nd birthday,Pneumococcal disease,England,East of England,E12000006,92.6
2013/14,By 2nd birthday,Pneumococcal disease,England,London,E12000007,86.3
2014/15,By 2nd birthday,Pneumococcal disease,England,London,E12000007,86.4
2015/16,By 2nd birthday,Pneumococcal disease,England,London,E12000007,85.6
2016/17,By 2nd birthday,Pneumococcal disease,England,London,E12000007,84.5
2017/18,By 2nd birthday,Pneumococcal disease,England,London,E12000007,84.3
2013/14,By 2nd birthday,Pneumococcal disease,England,South East,E12000008,91.4
2014/15,By 2nd birthday,Pneumococcal disease,England,South East,E12000008,91.3
2015/16,By 2nd birthday,Pneumococcal disease,England,South East,E12000008,90.5
2016/17,By 2nd birthday,Pneumococcal disease,England,South East,E12000008,90.8
2017/18,By 2nd birthday,Pneumococcal disease,England,South East,E12000008,91.3
2013/14,By 2nd birthday,Pneumococcal disease,England,South West,E12000009,94.4
2014/15,By 2nd birthday,Pneumococcal disease,England,South West,E12000009,94.1
2015/16,By 2nd birthday,Pneumococcal disease,England,South West,E12000009,93.1
2016/17,By 2nd birthday,Pneumococcal disease,England,South West,E12000009,93.1
2017/18,By 2nd birthday,Pneumococcal disease,England,South West,E12000009,93.3
2007/08,By 5th birthday,Diphtheria Tetanus Polio,England,,E92000001,92.6
2008/09,By 5th birthday,Diphtheria Tetanus Polio,England,,E92000001,92.5
2009/10,By 5th birthday,Diphtheria Tetanus Polio,England,,E92000001,94.0
2010/11,By 5th birthday,Diphtheria Tetanus Polio,England,,E92000001,94.7
2011/12,By 5th birthday,Diphtheria Tetanus Polio,England,,E92000001,95.4
2012/13,By 5th birthday,Diphtheria Tetanus Polio,England,,E92000001,95.8
2013/14,By 5th birthday,Diphtheria Tetanus Polio,England,,E92000001,95.6
2014/15,By 5th birthday,Diphtheria Tetanus Polio,England,,E92000001,95.6
2015/16,By 5th birthday,Diphtheria Tetanus Polio,England,,E92000001,95.6
2016/17,By 5th birthday,Diphtheria Tetanus Polio,England,,E92000001,95.6
2017/18,By 5th birthday,Diphtheria Tetanus Polio,England,,E92000001,95.6
2007/08,By 5th birthday,Haemophilus Influenzae b,England,,E92000001,92.2
2008/09,By 5th birthday,Haemophilus Influenzae b,England,,E92000001,90.9
2009/10,By 5th birthday,Haemophilus Influenzae b,England,,E92000001,93.1
2010/11,By 5th birthday,Haemophilus Influenzae b,England,,E92000001,94.2
2011/12,By 5th birthday,Haemophilus Influenzae b,England,,E92000001,94.9
2012/13,By 5th birthday,Haemophilus Influenzae b,England,,E92000001,95.4
2009/10,By 5th birthday,Measles mumps rubella,,,,83.6
2010/11,By 5th birthday,Measles mumps rubella,,,,85.0
2011/12,By 5th birthday,Measles mumps rubella,,,,86.5
2012/13,By 5th birthday,Measles mumps rubella,,,,88.2
2013/14,By 5th birthday,Measles mumps rubella,,,,89.0
2014/15,By 5th birthday,Measles mumps rubella,,,,89.3
2015/16,By 5th birthday,Measles mumps rubella,,,,88.9
2016/17,By 5th birthday,Measles mumps rubella,,,,88.2
2017/18,By 5th birthday,Measles mumps rubella,,,,87.8
2007/08,By 5th birthday,Measles mumps rubella,England,,E92000001,74.6
2008/09,By 5th birthday,Measles mumps rubella,England,,E92000001,78.0
2009/10,By 5th birthday,Measles mumps rubella,England,,E92000001,82.7
2010/11,By 5th birthday,Measles mumps rubella,England,,E92000001,84.2
2011/12,By 5th birthday,Measles mumps rubella,England,,E92000001,86.0
2012/13,By 5th birthday,Measles mumps rubella,England,,E92000001,87.7
2013/14,By 5th birthday,Measles mumps rubella,England,,E92000001,88.3
2014/15,By 5th birthday,Measles mumps rubella,England,,E92000001,88.6
2015/16,By 5th birthday,Measles mumps rubella,England,,E92000001,88.2
2016/17,By 5th birthday,Measles mumps rubella,England,,E92000001,87.6
2017/18,By 5th birthday,Measles mumps rubella,England,,E92000001,87.2
2009/10,By 5th birthday,Measles mumps rubella,Wales,,W92000004,86.1
2010/11,By 5th birthday,Measles mumps rubella,Wales,,W92000004,86.9
2011/12,By 5th birthday,Measles mumps rubella,Wales,,W92000004,87.1
2012/13,By 5th birthday,Measles mumps rubella,Wales,,W92000004,89.6
2013/14,By 5th birthday,Measles mumps rubella,Wales,,W92000004,92.6
2014/15,By 5th birthday,Measles mumps rubella,Wales,,W92000004,93.1
2015/16,By 5th birthday,Measles mumps rubella,Wales,,W92000004,91.6
2016/17,By 5th birthday,Measles mumps rubella,Wales,,W92000004,90.3
2017/18,By 5th birthday,Measles mumps rubella,Wales,,W92000004,89.5
2009/10,By 5th birthday,Measles mumps rubella,Scotland,,S92000003,89.7
2010/11,By 5th birthday,Measles mumps rubella,Scotland,,S92000003,89.9
2011/12,By 5th birthday,Measles mumps rubella,Scotland,,S92000003,90.2
2012/13,By 5th birthday,Measles mumps rubella,Scotland,,S92000003,92.1
2013/14,By 5th birthday,Measles mumps rubella,Scotland,,S92000003,93.0
2014/15,By 5th birthday,Measles mumps rubella,Scotland,,S92000003,93.3
2015/16,By 5th birthday,Measles mumps rubella,Scotland,,S92000003,93.1
2016/17,By 5th birthday,Measles mumps rubella,Scotland,,S92000003,92.9
2017/18,By 5th birthday,Measles mumps rubella,Scotland,,S92000003,92.1
2009/10,By 5th birthday,Measles mumps rubella,Northern Ireland,,N92000002,89.9
2010/11,By 5th birthday,Measles mumps rubella,Northern Ireland,,N92000002,91.3
2011/12,By 5th birthday,Measles mumps rubella,Northern Ireland,,N92000002,91.2
2012/13,By 5th birthday,Measles mumps rubella,Northern Ireland,,N92000002,90.9
2013/14,By 5th birthday,Measles mumps rubella,Northern Ireland,,N92000002,92.4
2014/15,By 5th birthday,Measles mumps rubella,Northern Ireland,,N92000002,93.1
2015/16,By 5th birthday,Measles mumps rubella,Northern Ireland,,N92000002,93.0
2016/17,By 5th birthday,Measles mumps rubella,Northern Ireland,,N92000002,92.8
2017/18,By 5th birthday,Measles mumps rubella,Northern Ireland,,N92000002,92.4
2013/14,By 5th birthday,Measles mumps rubella,England,North East,E12000001,92.9
2014/15,By 5th birthday,Measles mumps rubella,England,North East,E12000001,93.6
2015/16,By 5th birthday,Measles mumps rubella,England,North East,E12000001,94.2
2016/17,By 5th birthday,Measles mumps rubella,England,North East,E12000001,92.4
2017/18,By 5th birthday,Measles mumps rubella,England,North East,E12000001,91.9
2013/14,By 5th birthday,Measles mumps rubella,England,North West,E12000002,91.5
2014/15,By 5th birthday,Measles mumps rubella,England,North West,E12000002,90.7
2015/16,By 5th birthday,Measles mumps rubella,England,North West,E12000002,89.4
2016/17,By 5th birthday,Measles mumps rubella,England,North West,E12000002,90.3
2017/18,By 5th birthday,Measles mumps rubella,England,North West,E12000002,89.4
2013/14,By 5th birthday,Measles mumps rubella,England,Yorkshire and The Humber,E12000003,91.7
2014/15,By 5th birthday,Measles mumps rubella,England,Yorkshire and The Humber,E12000003,92.3
2015/16,By 5th birthday,Measles mumps rubella,England,Yorkshire and The Humber,E12000003,91.8
2016/17,By 5th birthday,Measles mumps rubella,England,Yorkshire and The Humber,E12000003,90.5
2017/18,By 5th birthday,Measles mumps rubella,England,Yorkshire and The Humber,E12000003,90.5
2013/14,By 5th birthday,Measles mumps rubella,England,East Midlands,E12000004,91.1
2014/15,By 5th birthday,Measles mumps rubella,England,East Midlands,E12000004,91.2
2015/16,By 5th birthday,Measles mumps rubella,England,East Midlands,E12000004,90.5
2016/17,By 5th birthday,Measles mumps rubella,England,East Midlands,E12000004,88.8
2017/18,By 5th birthday,Measles mumps rubella,England,East Midlands,E12000004,89.0
2013/14,By 5th birthday,Measles mumps rubella,England,West Midlands,E12000005,90.1
2014/15,By 5th birthday,Measles mumps rubella,England,West Midlands,E12000005,90.6
2015/16,By 5th birthday,Measles mumps rubella,England,West Midlands,E12000005,89.1
2016/17,By 5th birthday,Measles mumps rubella,England,West Midlands,E12000005,89.9
2017/18,By 5th birthday,Measles mumps rubella,England,West Midlands,E12000005,87.6
2013/14,By 5th birthday,Measles mumps rubella,England,East of England,E12000006,89.9
2014/15,By 5th birthday,Measles mumps rubella,England,East of England,E12000006,90.8
2015/16,By 5th birthday,Measles mumps rubella,England,East of England,E12000006,90.7
2016/17,By 5th birthday,Measles mumps rubella,England,East of England,E12000006,89.7
2017/18,By 5th birthday,Measles mumps rubella,England,East of England,E12000006,89.8
2013/14,By 5th birthday,Measles mumps rubella,England,London,E12000007,80.7
2014/15,By 5th birthday,Measles mumps rubella,England,London,E12000007,81.1
2015/16,By 5th birthday,Measles mumps rubella,England,London,E12000007,81.7
2016/17,By 5th birthday,Measles mumps rubella,England,London,E12000007,79.5
2017/18,By 5th birthday,Measles mumps rubella,England,London,E12000007,77.8
2013/14,By 5th birthday,Measles mumps rubella,England,South East,E12000008,86.6
2014/15,By 5th birthday,Measles mumps rubella,England,South East,E12000008,86.8
2015/16,By 5th birthday,Measles mumps rubella,England,South East,E12000008,86.4
2016/17,By 5th birthday,Measles mumps rubella,England,South East,E12000008,86.2
2017/18,By 5th birthday,Measles mumps rubella,England,South East,E12000008,87.2
2013/14,By 5th birthday,Measles mumps rubella,England,South West,E12000009,90.4
2014/15,By 5th birthday,Measles mumps rubella,England,South West,E12000009,90.9
2015/16,By 5th birthday,Measles mumps rubella,England,South West,E12000009,90.6
2016/17,By 5th birthday,Measles mumps rubella,England,South West,E12000009,90.0
2017/18,By 5th birthday,Measles mumps rubella,England,South West,E12000009,90.9
2008/09,By 15th birthday,Human papillomavirus vaccine,,,,80.9
2009/10,By 15th birthday,Human papillomavirus vaccine,,,,77.5
2010/11,By 15th birthday,Human papillomavirus vaccine,,,,83.8
2011/12,By 15th birthday,Human papillomavirus vaccine,,,,87.0
2012/13,By 15th birthday,Human papillomavirus vaccine,,,,85.8
2013/14,By 15th birthday,Human papillomavirus vaccine,,,,85.9
2015/16,By 15th birthday,Human papillomavirus vaccine,,,,85.3
2016/17,By 15th birthday,Human papillomavirus vaccine,,,,83.7
2017/18,By 15th birthday,Human papillomavirus vaccine,,,,83.9
2008/09,By 15th birthday,Human papillomavirus vaccine,England,,E92000001,80.1
2009/10,By 15th birthday,Human papillomavirus vaccine,England,,E92000001,76.4
2010/11,By 15th birthday,Human papillomavirus vaccine,England,,E92000001,84.2
2011/12,By 15th birthday,Human papillomavirus vaccine,England,,E92000001,86.8
2012/13,By 15th birthday,Human papillomavirus vaccine,England,,E92000001,86.1
2013/14,By 15th birthday,Human papillomavirus vaccine,England,,E92000001,86.7
2015/16,By 15th birthday,Human papillomavirus vaccine,England,,E92000001,85.1
2016/17,By 15th birthday,Human papillomavirus vaccine,England,,E92000001,83.1
2017/18,By 15th birthday,Human papillomavirus vaccine,England,,E92000001,83.8
2008/09,By 15th birthday,Human papillomavirus vaccine,Wales,,W92000004,78.8
2009/10,By 15th birthday,Human papillomavirus vaccine,Wales,,W92000004,77.3
2010/11,By 15th birthday,Human papillomavirus vaccine,Wales,,W92000004,82.5
2011/12,By 15th birthday,Human papillomavirus vaccine,Wales,,W92000004,85.5
2012/13,By 15th birthday,Human papillomavirus vaccine,Wales,,W92000004,86.6
2013/14,By 15th birthday,Human papillomavirus vaccine,Wales,,W92000004,77.2
2015/16,By 15th birthday,Human papillomavirus vaccine,Wales,,W92000004,83.1
2016/17,By 15th birthday,Human papillomavirus vaccine,Wales,,W92000004,81.3
2017/18,By 15th birthday,Human papillomavirus vaccine,Wales,,W92000004,80.3
2008/09,By 15th birthday,Human papillomavirus vaccine,Scotland,,S92000003,89.4
2009/10,By 15th birthday,Human papillomavirus vaccine,Scotland,,S92000003,86.9
2010/11,By 15th birthday,Human papillomavirus vaccine,Scotland,,S92000003,81.0
2011/12,By 15th birthday,Human papillomavirus vaccine,Scotland,,S92000003,82.6
2012/13,By 15th birthday,Human papillomavirus vaccine,Scotland,,S92000003,82.0
2013/14,By 15th birthday,Human papillomavirus vaccine,Scotland,,S92000003,81.4
2015/16,By 15th birthday,Human papillomavirus vaccine,Scotland,,S92000003,86.5
2016/17,By 15th birthday,Human papillomavirus vaccine,Scotland,,S92000003,88.8
2017/18,By 15th birthday,Human papillomavirus vaccine,Scotland,,S92000003,86.6
2008/09,By 15th birthday,Human papillomavirus vaccine,Northern Ireland,,N92000002,83.9
2009/10,By 15th birthday,Human papillomavirus vaccine,Northern Ireland,,N92000002,83.4
2010/11,By 15th birthday,Human papillomavirus vaccine,Northern Ireland,,N92000002,84.6
2011/12,By 15th birthday,Human papillomavirus vaccine,Northern Ireland,,N92000002,88.1
2012/13,By 15th birthday,Human papillomavirus vaccine,Northern Ireland,,N92000002,86.8
2013/14,By 15th birthday,Human papillomavirus vaccine,Northern Ireland,,N92000002,87.2
2015/16,By 15th birthday,Human papillomavirus vaccine,Northern Ireland,,N92000002,90.7
2016/17,By 15th birthday,Human papillomavirus vaccine,Northern Ireland,,N92000002,89.6
2017/18,By 15th birthday,Human papillomavirus vaccine,Northern Ireland,,N92000002,84.7
