Year,Series,Urban or Rural,Observation status,Unit multiplier,Units,Value
1990,Proportion of population with access to electricity,,Normal value,Units,Percentage (%),100.0
1991,Proportion of population with access to electricity,,Normal value,Units,Percentage (%),100.0
1992,Proportion of population with access to electricity,,Normal value,Units,Percentage (%),100.0
1993,Proportion of population with access to electricity,,Normal value,Units,Percentage (%),100.0
1994,Proportion of population with access to electricity,,Normal value,Units,Percentage (%),100.0
1995,Proportion of population with access to electricity,,Normal value,Units,Percentage (%),100.0
1996,Proportion of population with access to electricity,,Normal value,Units,Percentage (%),100.0
1997,Proportion of population with access to electricity,,Normal value,Units,Percentage (%),100.0
1998,Proportion of population with access to electricity,,Normal value,Units,Percentage (%),100.0
1999,Proportion of population with access to electricity,,Normal value,Units,Percentage (%),100.0
2000,Proportion of population with access to electricity,,Normal value,Units,Percentage (%),100.0
2001,Proportion of population with access to electricity,,Normal value,Units,Percentage (%),100.0
2002,Proportion of population with access to electricity,,Normal value,Units,Percentage (%),100.0
2003,Proportion of population with access to electricity,,Normal value,Units,Percentage (%),100.0
2004,Proportion of population with access to electricity,,Normal value,Units,Percentage (%),100.0
2005,Proportion of population with access to electricity,,Normal value,Units,Percentage (%),100.0
2006,Proportion of population with access to electricity,,Normal value,Units,Percentage (%),100.0
2007,Proportion of population with access to electricity,,Normal value,Units,Percentage (%),100.0
2008,Proportion of population with access to electricity,,Normal value,Units,Percentage (%),100.0
2009,Proportion of population with access to electricity,,Normal value,Units,Percentage (%),100.0
2010,Proportion of population with access to electricity,,Normal value,Units,Percentage (%),100.0
2011,Proportion of population with access to electricity,,Normal value,Units,Percentage (%),100.0
2012,Proportion of population with access to electricity,,Normal value,Units,Percentage (%),100.0
2013,Proportion of population with access to electricity,,Normal value,Units,Percentage (%),100.0
2014,Proportion of population with access to electricity,,Normal value,Units,Percentage (%),100.0
2015,Proportion of population with access to electricity,,Normal value,Units,Percentage (%),100.0
2016,Proportion of population with access to electricity,,Normal value,Units,Percentage (%),100.0
2017,Proportion of population with access to electricity,,Normal value,Units,Percentage (%),100.0
2018,Proportion of population with access to electricity,,Normal value,Units,Percentage (%),100.0
2019,Proportion of population with access to electricity,,Normal value,Units,Percentage (%),100.0
2020,Proportion of population with access to electricity,,Normal value,Units,Percentage (%),100.0
1990,Proportion of population with access to electricity,Urban,Normal value,Units,Percentage (%),99.8986892700195
1991,Proportion of population with access to electricity,Urban,Normal value,Units,Percentage (%),99.9480056762695
1992,Proportion of population with access to electricity,Urban,Normal value,Units,Percentage (%),99.9824676513672
1993,Proportion of population with access to electricity,Urban,Normal value,Units,Percentage (%),99.997200012207
1994,Proportion of population with access to electricity,Urban,Normal value,Units,Percentage (%),100.0
1995,Proportion of population with access to electricity,Urban,Normal value,Units,Percentage (%),100.0
1996,Proportion of population with access to electricity,Urban,Normal value,Units,Percentage (%),100.0
1997,Proportion of population with access to electricity,Urban,Normal value,Units,Percentage (%),100.0
1998,Proportion of population with access to electricity,Urban,Normal value,Units,Percentage (%),99.9996032714844
1999,Proportion of population with access to electricity,Urban,Normal value,Units,Percentage (%),99.9938659667969
2000,Proportion of population with access to electricity,Urban,Normal value,Units,Percentage (%),100.0
2001,Proportion of population with access to electricity,Urban,Normal value,Units,Percentage (%),100.0
2002,Proportion of population with access to electricity,Urban,Normal value,Units,Percentage (%),100.0
2003,Proportion of population with access to electricity,Urban,Normal value,Units,Percentage (%),100.0
2004,Proportion of population with access to electricity,Urban,Normal value,Units,Percentage (%),100.0
2005,Proportion of population with access to electricity,Urban,Normal value,Units,Percentage (%),100.0
2006,Proportion of population with access to electricity,Urban,Normal value,Units,Percentage (%),100.0
2007,Proportion of population with access to electricity,Urban,Normal value,Units,Percentage (%),100.0
2008,Proportion of population with access to electricity,Urban,Normal value,Units,Percentage (%),100.0
2009,Proportion of population with access to electricity,Urban,Normal value,Units,Percentage (%),100.0
2010,Proportion of population with access to electricity,Urban,Normal value,Units,Percentage (%),100.0
2011,Proportion of population with access to electricity,Urban,Normal value,Units,Percentage (%),100.0
2012,Proportion of population with access to electricity,Urban,Normal value,Units,Percentage (%),100.0
2013,Proportion of population with access to electricity,Urban,Normal value,Units,Percentage (%),100.0
2014,Proportion of population with access to electricity,Urban,Normal value,Units,Percentage (%),100.0
2015,Proportion of population with access to electricity,Urban,Normal value,Units,Percentage (%),100.0
2016,Proportion of population with access to electricity,Urban,Normal value,Units,Percentage (%),100.0
2017,Proportion of population with access to electricity,Urban,Normal value,Units,Percentage (%),100.0
2018,Proportion of population with access to electricity,Urban,Normal value,Units,Percentage (%),100.0
2019,Proportion of population with access to electricity,Urban,Normal value,Units,Percentage (%),100.0
2020,Proportion of population with access to electricity,Urban,Normal value,Units,Percentage (%),100.0
1990,Proportion of population with access to electricity,Rural,Normal value,Units,Percentage (%),100.0
1991,Proportion of population with access to electricity,Rural,Normal value,Units,Percentage (%),100.0
1992,Proportion of population with access to electricity,Rural,Normal value,Units,Percentage (%),100.0
1993,Proportion of population with access to electricity,Rural,Normal value,Units,Percentage (%),100.0
1994,Proportion of population with access to electricity,Rural,Normal value,Units,Percentage (%),100.0
1995,Proportion of population with access to electricity,Rural,Normal value,Units,Percentage (%),100.0
1996,Proportion of population with access to electricity,Rural,Normal value,Units,Percentage (%),100.0
1997,Proportion of population with access to electricity,Rural,Normal value,Units,Percentage (%),100.0
1998,Proportion of population with access to electricity,Rural,Normal value,Units,Percentage (%),100.0
1999,Proportion of population with access to electricity,Rural,Normal value,Units,Percentage (%),100.0
2000,Proportion of population with access to electricity,Rural,Normal value,Units,Percentage (%),100.0
2001,Proportion of population with access to electricity,Rural,Normal value,Units,Percentage (%),100.0
2002,Proportion of population with access to electricity,Rural,Normal value,Units,Percentage (%),100.0
2003,Proportion of population with access to electricity,Rural,Normal value,Units,Percentage (%),100.0
2004,Proportion of population with access to electricity,Rural,Normal value,Units,Percentage (%),100.0
2005,Proportion of population with access to electricity,Rural,Normal value,Units,Percentage (%),100.0
2006,Proportion of population with access to electricity,Rural,Normal value,Units,Percentage (%),100.0
2007,Proportion of population with access to electricity,Rural,Normal value,Units,Percentage (%),100.0
2008,Proportion of population with access to electricity,Rural,Normal value,Units,Percentage (%),100.0
2009,Proportion of population with access to electricity,Rural,Normal value,Units,Percentage (%),100.0
2010,Proportion of population with access to electricity,Rural,Normal value,Units,Percentage (%),100.0
2011,Proportion of population with access to electricity,Rural,Normal value,Units,Percentage (%),100.0
2012,Proportion of population with access to electricity,Rural,Normal value,Units,Percentage (%),100.0
2013,Proportion of population with access to electricity,Rural,Normal value,Units,Percentage (%),100.0
2014,Proportion of population with access to electricity,Rural,Normal value,Units,Percentage (%),100.0
2015,Proportion of population with access to electricity,Rural,Normal value,Units,Percentage (%),100.0
2016,Proportion of population with access to electricity,Rural,Normal value,Units,Percentage (%),100.0
2017,Proportion of population with access to electricity,Rural,Normal value,Units,Percentage (%),100.0
2018,Proportion of population with access to electricity,Rural,Normal value,Units,Percentage (%),100.0
2019,Proportion of population with access to electricity,Rural,Normal value,Units,Percentage (%),100.0
2020,Proportion of population with access to electricity,Rural,Normal value,Units,Percentage (%),100.0
