Year,Series,Industry sector,Unit measure,Unit multiplier,Observation status,Value
1990,Energy intensity level of primary energy,,TJ per £ million,Normal,Undefined,5.6
1991,Energy intensity level of primary energy,,TJ per £ million,Normal,Undefined,5.6
1992,Energy intensity level of primary energy,,TJ per £ million,Normal,Undefined,5.4
1993,Energy intensity level of primary energy,,TJ per £ million,Normal,Undefined,5.3
1994,Energy intensity level of primary energy,,TJ per £ million,Normal,Undefined,5.2
1995,Energy intensity level of primary energy,,TJ per £ million,Normal,Undefined,5.1
1996,Energy intensity level of primary energy,,TJ per £ million,Normal,Undefined,5.2
1997,Energy intensity level of primary energy,,TJ per £ million,Normal,Undefined,5.0
1998,Energy intensity level of primary energy,,TJ per £ million,Normal,Undefined,4.9
1999,Energy intensity level of primary energy,,TJ per £ million,Normal,Undefined,4.8
2000,Energy intensity level of primary energy,,TJ per £ million,Normal,Undefined,4.7
2001,Energy intensity level of primary energy,,TJ per £ million,Normal,Undefined,4.6
2002,Energy intensity level of primary energy,,TJ per £ million,Normal,Undefined,4.3
2003,Energy intensity level of primary energy,,TJ per £ million,Normal,Undefined,4.2
2004,Energy intensity level of primary energy,,TJ per £ million,Normal,Undefined,4.1
2005,Energy intensity level of primary energy,,TJ per £ million,Normal,Undefined,4.1
2006,Energy intensity level of primary energy,,TJ per £ million,Normal,Undefined,3.9
2007,Energy intensity level of primary energy,,TJ per £ million,Normal,Undefined,3.8
2008,Energy intensity level of primary energy,,TJ per £ million,Normal,Undefined,3.9
2009,Energy intensity level of primary energy,,TJ per £ million,Normal,Undefined,3.5
2010,Energy intensity level of primary energy,,TJ per £ million,Normal,Undefined,3.5
2011,Energy intensity level of primary energy,,TJ per £ million,Normal,Undefined,3.4
2012,Energy intensity level of primary energy,,TJ per £ million,Normal,Undefined,3.2
2013,Energy intensity level of primary energy,,TJ per £ million,Normal,Undefined,3.1
2014,Energy intensity level of primary energy,,TJ per £ million,Normal,Undefined,2.9
2015,Energy intensity level of primary energy,,TJ per £ million,Normal,Undefined,2.9
2016,Energy intensity level of primary energy,,TJ per £ million,Normal,Undefined,2.8
2017,Energy intensity level of primary energy,,TJ per £ million,Normal,Undefined,2.7
2018,Energy intensity level of primary energy,,TJ per £ million,Normal,Undefined,2.7
2019,Energy intensity level of primary energy,,TJ per £ million,Normal,Undefined,2.9
1990,Energy intensity level of primary energy,"Agriculture, forestry and fishing",TJ per £ million,Normal,Undefined,12.4
1991,Energy intensity level of primary energy,"Agriculture, forestry and fishing",TJ per £ million,Normal,Undefined,12.2
1992,Energy intensity level of primary energy,"Agriculture, forestry and fishing",TJ per £ million,Normal,Undefined,13.4
1993,Energy intensity level of primary energy,"Agriculture, forestry and fishing",TJ per £ million,Normal,Undefined,13.8
1994,Energy intensity level of primary energy,"Agriculture, forestry and fishing",TJ per £ million,Normal,Undefined,14.4
1995,Energy intensity level of primary energy,"Agriculture, forestry and fishing",TJ per £ million,Normal,Undefined,15.0
1996,Energy intensity level of primary energy,"Agriculture, forestry and fishing",TJ per £ million,Normal,Undefined,14.9
1997,Energy intensity level of primary energy,"Agriculture, forestry and fishing",TJ per £ million,Normal,Undefined,14.1
1998,Energy intensity level of primary energy,"Agriculture, forestry and fishing",TJ per £ million,Normal,Undefined,13.2
1999,Energy intensity level of primary energy,"Agriculture, forestry and fishing",TJ per £ million,Normal,Undefined,12.9
2000,Energy intensity level of primary energy,"Agriculture, forestry and fishing",TJ per £ million,Normal,Undefined,13.3
2001,Energy intensity level of primary energy,"Agriculture, forestry and fishing",TJ per £ million,Normal,Undefined,11.8
2002,Energy intensity level of primary energy,"Agriculture, forestry and fishing",TJ per £ million,Normal,Undefined,12.0
2003,Energy intensity level of primary energy,"Agriculture, forestry and fishing",TJ per £ million,Normal,Undefined,12.3
2004,Energy intensity level of primary energy,"Agriculture, forestry and fishing",TJ per £ million,Normal,Undefined,11.2
2005,Energy intensity level of primary energy,"Agriculture, forestry and fishing",TJ per £ million,Normal,Undefined,11.7
2006,Energy intensity level of primary energy,"Agriculture, forestry and fishing",TJ per £ million,Normal,Undefined,11.9
2007,Energy intensity level of primary energy,"Agriculture, forestry and fishing",TJ per £ million,Normal,Undefined,10.8
2008,Energy intensity level of primary energy,"Agriculture, forestry and fishing",TJ per £ million,Normal,Undefined,11.2
2009,Energy intensity level of primary energy,"Agriculture, forestry and fishing",TJ per £ million,Normal,Undefined,10.9
2010,Energy intensity level of primary energy,"Agriculture, forestry and fishing",TJ per £ million,Normal,Undefined,10.1
2011,Energy intensity level of primary energy,"Agriculture, forestry and fishing",TJ per £ million,Normal,Undefined,10.9
2012,Energy intensity level of primary energy,"Agriculture, forestry and fishing",TJ per £ million,Normal,Undefined,11.1
2013,Energy intensity level of primary energy,"Agriculture, forestry and fishing",TJ per £ million,Normal,Undefined,9.7
2014,Energy intensity level of primary energy,"Agriculture, forestry and fishing",TJ per £ million,Normal,Undefined,10.0
2015,Energy intensity level of primary energy,"Agriculture, forestry and fishing",TJ per £ million,Normal,Undefined,11.4
2016,Energy intensity level of primary energy,"Agriculture, forestry and fishing",TJ per £ million,Normal,Undefined,11.2
2017,Energy intensity level of primary energy,"Agriculture, forestry and fishing",TJ per £ million,Normal,Undefined,11.8
2018,Energy intensity level of primary energy,"Agriculture, forestry and fishing",TJ per £ million,Normal,Undefined,11.0
2019,Energy intensity level of primary energy,"Agriculture, forestry and fishing",TJ per £ million,Normal,Undefined,12.0
1990,Energy intensity level of primary energy,Mining and quarrying,TJ per £ million,Normal,Undefined,8.3
1991,Energy intensity level of primary energy,Mining and quarrying,TJ per £ million,Normal,Undefined,8.2
1992,Energy intensity level of primary energy,Mining and quarrying,TJ per £ million,Normal,Undefined,7.8
1993,Energy intensity level of primary energy,Mining and quarrying,TJ per £ million,Normal,Undefined,7.1
1994,Energy intensity level of primary energy,Mining and quarrying,TJ per £ million,Normal,Undefined,7.6
1995,Energy intensity level of primary energy,Mining and quarrying,TJ per £ million,Normal,Undefined,7.4
1996,Energy intensity level of primary energy,Mining and quarrying,TJ per £ million,Normal,Undefined,8.2
1997,Energy intensity level of primary energy,Mining and quarrying,TJ per £ million,Normal,Undefined,8.4
1998,Energy intensity level of primary energy,Mining and quarrying,TJ per £ million,Normal,Undefined,8.1
1999,Energy intensity level of primary energy,Mining and quarrying,TJ per £ million,Normal,Undefined,8.3
2000,Energy intensity level of primary energy,Mining and quarrying,TJ per £ million,Normal,Undefined,9.1
2001,Energy intensity level of primary energy,Mining and quarrying,TJ per £ million,Normal,Undefined,9.3
2002,Energy intensity level of primary energy,Mining and quarrying,TJ per £ million,Normal,Undefined,9.6
2003,Energy intensity level of primary energy,Mining and quarrying,TJ per £ million,Normal,Undefined,10.0
2004,Energy intensity level of primary energy,Mining and quarrying,TJ per £ million,Normal,Undefined,10.7
2005,Energy intensity level of primary energy,Mining and quarrying,TJ per £ million,Normal,Undefined,11.1
2006,Energy intensity level of primary energy,Mining and quarrying,TJ per £ million,Normal,Undefined,10.6
2007,Energy intensity level of primary energy,Mining and quarrying,TJ per £ million,Normal,Undefined,10.5
2008,Energy intensity level of primary energy,Mining and quarrying,TJ per £ million,Normal,Undefined,11.6
2009,Energy intensity level of primary energy,Mining and quarrying,TJ per £ million,Normal,Undefined,11.7
2010,Energy intensity level of primary energy,Mining and quarrying,TJ per £ million,Normal,Undefined,13.6
2011,Energy intensity level of primary energy,Mining and quarrying,TJ per £ million,Normal,Undefined,13.6
2012,Energy intensity level of primary energy,Mining and quarrying,TJ per £ million,Normal,Undefined,13.3
2013,Energy intensity level of primary energy,Mining and quarrying,TJ per £ million,Normal,Undefined,12.8
2014,Energy intensity level of primary energy,Mining and quarrying,TJ per £ million,Normal,Undefined,12.5
2015,Energy intensity level of primary energy,Mining and quarrying,TJ per £ million,Normal,Undefined,14.2
2016,Energy intensity level of primary energy,Mining and quarrying,TJ per £ million,Normal,Undefined,13.8
2017,Energy intensity level of primary energy,Mining and quarrying,TJ per £ million,Normal,Undefined,13.1
2018,Energy intensity level of primary energy,Mining and quarrying,TJ per £ million,Normal,Undefined,13.3
2019,Energy intensity level of primary energy,Mining and quarrying,TJ per £ million,Normal,Undefined,15.0
1990,Energy intensity level of primary energy,Manufacturing,TJ per £ million,Normal,Undefined,16.1
1991,Energy intensity level of primary energy,Manufacturing,TJ per £ million,Normal,Undefined,16.1
1992,Energy intensity level of primary energy,Manufacturing,TJ per £ million,Normal,Undefined,15.2
1993,Energy intensity level of primary energy,Manufacturing,TJ per £ million,Normal,Undefined,14.5
1994,Energy intensity level of primary energy,Manufacturing,TJ per £ million,Normal,Undefined,14.2
1995,Energy intensity level of primary energy,Manufacturing,TJ per £ million,Normal,Undefined,14.2
1996,Energy intensity level of primary energy,Manufacturing,TJ per £ million,Normal,Undefined,14.1
1997,Energy intensity level of primary energy,Manufacturing,TJ per £ million,Normal,Undefined,14.0
1998,Energy intensity level of primary energy,Manufacturing,TJ per £ million,Normal,Undefined,13.8
1999,Energy intensity level of primary energy,Manufacturing,TJ per £ million,Normal,Undefined,13.7
2000,Energy intensity level of primary energy,Manufacturing,TJ per £ million,Normal,Undefined,13.7
2001,Energy intensity level of primary energy,Manufacturing,TJ per £ million,Normal,Undefined,13.5
2002,Energy intensity level of primary energy,Manufacturing,TJ per £ million,Normal,Undefined,13.1
2003,Energy intensity level of primary energy,Manufacturing,TJ per £ million,Normal,Undefined,13.1
2004,Energy intensity level of primary energy,Manufacturing,TJ per £ million,Normal,Undefined,12.8
2005,Energy intensity level of primary energy,Manufacturing,TJ per £ million,Normal,Undefined,12.6
2006,Energy intensity level of primary energy,Manufacturing,TJ per £ million,Normal,Undefined,12.4
2007,Energy intensity level of primary energy,Manufacturing,TJ per £ million,Normal,Undefined,12.5
2008,Energy intensity level of primary energy,Manufacturing,TJ per £ million,Normal,Undefined,13.1
2009,Energy intensity level of primary energy,Manufacturing,TJ per £ million,Normal,Undefined,11.0
2010,Energy intensity level of primary energy,Manufacturing,TJ per £ million,Normal,Undefined,11.1
2011,Energy intensity level of primary energy,Manufacturing,TJ per £ million,Normal,Undefined,10.9
2012,Energy intensity level of primary energy,Manufacturing,TJ per £ million,Normal,Undefined,10.5
2013,Energy intensity level of primary energy,Manufacturing,TJ per £ million,Normal,Undefined,10.3
2014,Energy intensity level of primary energy,Manufacturing,TJ per £ million,Normal,Undefined,9.9
2015,Energy intensity level of primary energy,Manufacturing,TJ per £ million,Normal,Undefined,9.6
2016,Energy intensity level of primary energy,Manufacturing,TJ per £ million,Normal,Undefined,9.0
2017,Energy intensity level of primary energy,Manufacturing,TJ per £ million,Normal,Undefined,8.8
2018,Energy intensity level of primary energy,Manufacturing,TJ per £ million,Normal,Undefined,8.9
2019,Energy intensity level of primary energy,Manufacturing,TJ per £ million,Normal,Undefined,9.6
1990,Energy intensity level of primary energy,"Electricity, gas, steam and air conditioning supply",TJ per £ million,Normal,Undefined,13.1
1991,Energy intensity level of primary energy,"Electricity, gas, steam and air conditioning supply",TJ per £ million,Normal,Undefined,10.9
1992,Energy intensity level of primary energy,"Electricity, gas, steam and air conditioning supply",TJ per £ million,Normal,Undefined,10.7
1993,Energy intensity level of primary energy,"Electricity, gas, steam and air conditioning supply",TJ per £ million,Normal,Undefined,11.7
1994,Energy intensity level of primary energy,"Electricity, gas, steam and air conditioning supply",TJ per £ million,Normal,Undefined,12.6
1995,Energy intensity level of primary energy,"Electricity, gas, steam and air conditioning supply",TJ per £ million,Normal,Undefined,10.8
1996,Energy intensity level of primary energy,"Electricity, gas, steam and air conditioning supply",TJ per £ million,Normal,Undefined,12.5
1997,Energy intensity level of primary energy,"Electricity, gas, steam and air conditioning supply",TJ per £ million,Normal,Undefined,9.7
1998,Energy intensity level of primary energy,"Electricity, gas, steam and air conditioning supply",TJ per £ million,Normal,Undefined,12.1
1999,Energy intensity level of primary energy,"Electricity, gas, steam and air conditioning supply",TJ per £ million,Normal,Undefined,12.0
2000,Energy intensity level of primary energy,"Electricity, gas, steam and air conditioning supply",TJ per £ million,Normal,Undefined,11.7
2001,Energy intensity level of primary energy,"Electricity, gas, steam and air conditioning supply",TJ per £ million,Normal,Undefined,12.6
2002,Energy intensity level of primary energy,"Electricity, gas, steam and air conditioning supply",TJ per £ million,Normal,Undefined,11.6
2003,Energy intensity level of primary energy,"Electricity, gas, steam and air conditioning supply",TJ per £ million,Normal,Undefined,12.4
2004,Energy intensity level of primary energy,"Electricity, gas, steam and air conditioning supply",TJ per £ million,Normal,Undefined,12.9
2005,Energy intensity level of primary energy,"Electricity, gas, steam and air conditioning supply",TJ per £ million,Normal,Undefined,12.4
2006,Energy intensity level of primary energy,"Electricity, gas, steam and air conditioning supply",TJ per £ million,Normal,Undefined,12.3
2007,Energy intensity level of primary energy,"Electricity, gas, steam and air conditioning supply",TJ per £ million,Normal,Undefined,11.5
2008,Energy intensity level of primary energy,"Electricity, gas, steam and air conditioning supply",TJ per £ million,Normal,Undefined,11.3
2009,Energy intensity level of primary energy,"Electricity, gas, steam and air conditioning supply",TJ per £ million,Normal,Undefined,11.3
2010,Energy intensity level of primary energy,"Electricity, gas, steam and air conditioning supply",TJ per £ million,Normal,Undefined,11.9
2011,Energy intensity level of primary energy,"Electricity, gas, steam and air conditioning supply",TJ per £ million,Normal,Undefined,11.2
2012,Energy intensity level of primary energy,"Electricity, gas, steam and air conditioning supply",TJ per £ million,Normal,Undefined,10.6
2013,Energy intensity level of primary energy,"Electricity, gas, steam and air conditioning supply",TJ per £ million,Normal,Undefined,11.2
2014,Energy intensity level of primary energy,"Electricity, gas, steam and air conditioning supply",TJ per £ million,Normal,Undefined,10.7
2015,Energy intensity level of primary energy,"Electricity, gas, steam and air conditioning supply",TJ per £ million,Normal,Undefined,11.4
2016,Energy intensity level of primary energy,"Electricity, gas, steam and air conditioning supply",TJ per £ million,Normal,Undefined,12.0
2017,Energy intensity level of primary energy,"Electricity, gas, steam and air conditioning supply",TJ per £ million,Normal,Undefined,11.3
2018,Energy intensity level of primary energy,"Electricity, gas, steam and air conditioning supply",TJ per £ million,Normal,Undefined,11.5
2019,Energy intensity level of primary energy,"Electricity, gas, steam and air conditioning supply",TJ per £ million,Normal,Undefined,12.6
1990,Energy intensity level of primary energy,"Water supply; sewerage, waste management and remediation activities",TJ per £ million,Normal,Undefined,7.8
1991,Energy intensity level of primary energy,"Water supply; sewerage, waste management and remediation activities",TJ per £ million,Normal,Undefined,9.0
1992,Energy intensity level of primary energy,"Water supply; sewerage, waste management and remediation activities",TJ per £ million,Normal,Undefined,7.8
1993,Energy intensity level of primary energy,"Water supply; sewerage, waste management and remediation activities",TJ per £ million,Normal,Undefined,7.4
1994,Energy intensity level of primary energy,"Water supply; sewerage, waste management and remediation activities",TJ per £ million,Normal,Undefined,7.4
1995,Energy intensity level of primary energy,"Water supply; sewerage, waste management and remediation activities",TJ per £ million,Normal,Undefined,7.3
1996,Energy intensity level of primary energy,"Water supply; sewerage, waste management and remediation activities",TJ per £ million,Normal,Undefined,7.2
1997,Energy intensity level of primary energy,"Water supply; sewerage, waste management and remediation activities",TJ per £ million,Normal,Undefined,6.8
1998,Energy intensity level of primary energy,"Water supply; sewerage, waste management and remediation activities",TJ per £ million,Normal,Undefined,7.9
1999,Energy intensity level of primary energy,"Water supply; sewerage, waste management and remediation activities",TJ per £ million,Normal,Undefined,6.5
2000,Energy intensity level of primary energy,"Water supply; sewerage, waste management and remediation activities",TJ per £ million,Normal,Undefined,7.0
2001,Energy intensity level of primary energy,"Water supply; sewerage, waste management and remediation activities",TJ per £ million,Normal,Undefined,7.9
2002,Energy intensity level of primary energy,"Water supply; sewerage, waste management and remediation activities",TJ per £ million,Normal,Undefined,6.3
2003,Energy intensity level of primary energy,"Water supply; sewerage, waste management and remediation activities",TJ per £ million,Normal,Undefined,4.1
2004,Energy intensity level of primary energy,"Water supply; sewerage, waste management and remediation activities",TJ per £ million,Normal,Undefined,5.7
2005,Energy intensity level of primary energy,"Water supply; sewerage, waste management and remediation activities",TJ per £ million,Normal,Undefined,6.5
2006,Energy intensity level of primary energy,"Water supply; sewerage, waste management and remediation activities",TJ per £ million,Normal,Undefined,6.0
2007,Energy intensity level of primary energy,"Water supply; sewerage, waste management and remediation activities",TJ per £ million,Normal,Undefined,5.6
2008,Energy intensity level of primary energy,"Water supply; sewerage, waste management and remediation activities",TJ per £ million,Normal,Undefined,5.9
2009,Energy intensity level of primary energy,"Water supply; sewerage, waste management and remediation activities",TJ per £ million,Normal,Undefined,5.2
2010,Energy intensity level of primary energy,"Water supply; sewerage, waste management and remediation activities",TJ per £ million,Normal,Undefined,5.4
2011,Energy intensity level of primary energy,"Water supply; sewerage, waste management and remediation activities",TJ per £ million,Normal,Undefined,5.3
2012,Energy intensity level of primary energy,"Water supply; sewerage, waste management and remediation activities",TJ per £ million,Normal,Undefined,5.2
2013,Energy intensity level of primary energy,"Water supply; sewerage, waste management and remediation activities",TJ per £ million,Normal,Undefined,5.1
2014,Energy intensity level of primary energy,"Water supply; sewerage, waste management and remediation activities",TJ per £ million,Normal,Undefined,4.8
2015,Energy intensity level of primary energy,"Water supply; sewerage, waste management and remediation activities",TJ per £ million,Normal,Undefined,4.7
2016,Energy intensity level of primary energy,"Water supply; sewerage, waste management and remediation activities",TJ per £ million,Normal,Undefined,4.7
2017,Energy intensity level of primary energy,"Water supply; sewerage, waste management and remediation activities",TJ per £ million,Normal,Undefined,4.9
2018,Energy intensity level of primary energy,"Water supply; sewerage, waste management and remediation activities",TJ per £ million,Normal,Undefined,4.9
2019,Energy intensity level of primary energy,"Water supply; sewerage, waste management and remediation activities",TJ per £ million,Normal,Undefined,4.8
1990,Energy intensity level of primary energy,Construction,TJ per £ million,Normal,Undefined,1.9
1991,Energy intensity level of primary energy,Construction,TJ per £ million,Normal,Undefined,2.1
1992,Energy intensity level of primary energy,Construction,TJ per £ million,Normal,Undefined,2.3
1993,Energy intensity level of primary energy,Construction,TJ per £ million,Normal,Undefined,2.3
1994,Energy intensity level of primary energy,Construction,TJ per £ million,Normal,Undefined,2.4
1995,Energy intensity level of primary energy,Construction,TJ per £ million,Normal,Undefined,2.4
1996,Energy intensity level of primary energy,Construction,TJ per £ million,Normal,Undefined,2.5
1997,Energy intensity level of primary energy,Construction,TJ per £ million,Normal,Undefined,2.4
1998,Energy intensity level of primary energy,Construction,TJ per £ million,Normal,Undefined,2.4
1999,Energy intensity level of primary energy,Construction,TJ per £ million,Normal,Undefined,2.4
2000,Energy intensity level of primary energy,Construction,TJ per £ million,Normal,Undefined,2.4
2001,Energy intensity level of primary energy,Construction,TJ per £ million,Normal,Undefined,2.4
2002,Energy intensity level of primary energy,Construction,TJ per £ million,Normal,Undefined,2.3
2003,Energy intensity level of primary energy,Construction,TJ per £ million,Normal,Undefined,2.2
2004,Energy intensity level of primary energy,Construction,TJ per £ million,Normal,Undefined,2.4
2005,Energy intensity level of primary energy,Construction,TJ per £ million,Normal,Undefined,2.4
2006,Energy intensity level of primary energy,Construction,TJ per £ million,Normal,Undefined,2.3
2007,Energy intensity level of primary energy,Construction,TJ per £ million,Normal,Undefined,2.5
2008,Energy intensity level of primary energy,Construction,TJ per £ million,Normal,Undefined,3.1
2009,Energy intensity level of primary energy,Construction,TJ per £ million,Normal,Undefined,2.6
2010,Energy intensity level of primary energy,Construction,TJ per £ million,Normal,Undefined,2.6
2011,Energy intensity level of primary energy,Construction,TJ per £ million,Normal,Undefined,2.7
2012,Energy intensity level of primary energy,Construction,TJ per £ million,Normal,Undefined,2.7
2013,Energy intensity level of primary energy,Construction,TJ per £ million,Normal,Undefined,2.3
2014,Energy intensity level of primary energy,Construction,TJ per £ million,Normal,Undefined,2.3
2015,Energy intensity level of primary energy,Construction,TJ per £ million,Normal,Undefined,2.3
2016,Energy intensity level of primary energy,Construction,TJ per £ million,Normal,Undefined,2.1
2017,Energy intensity level of primary energy,Construction,TJ per £ million,Normal,Undefined,2.2
2018,Energy intensity level of primary energy,Construction,TJ per £ million,Normal,Undefined,2.2
2019,Energy intensity level of primary energy,Construction,TJ per £ million,Normal,Undefined,2.5
1990,Energy intensity level of primary energy,Wholesale and retail trade; repair of motor vehicles and motorcycles,TJ per £ million,Normal,Undefined,3.3
1991,Energy intensity level of primary energy,Wholesale and retail trade; repair of motor vehicles and motorcycles,TJ per £ million,Normal,Undefined,3.2
1992,Energy intensity level of primary energy,Wholesale and retail trade; repair of motor vehicles and motorcycles,TJ per £ million,Normal,Undefined,2.9
1993,Energy intensity level of primary energy,Wholesale and retail trade; repair of motor vehicles and motorcycles,TJ per £ million,Normal,Undefined,2.9
1994,Energy intensity level of primary energy,Wholesale and retail trade; repair of motor vehicles and motorcycles,TJ per £ million,Normal,Undefined,2.9
1995,Energy intensity level of primary energy,Wholesale and retail trade; repair of motor vehicles and motorcycles,TJ per £ million,Normal,Undefined,2.9
1996,Energy intensity level of primary energy,Wholesale and retail trade; repair of motor vehicles and motorcycles,TJ per £ million,Normal,Undefined,2.9
1997,Energy intensity level of primary energy,Wholesale and retail trade; repair of motor vehicles and motorcycles,TJ per £ million,Normal,Undefined,2.9
1998,Energy intensity level of primary energy,Wholesale and retail trade; repair of motor vehicles and motorcycles,TJ per £ million,Normal,Undefined,2.9
1999,Energy intensity level of primary energy,Wholesale and retail trade; repair of motor vehicles and motorcycles,TJ per £ million,Normal,Undefined,3.2
2000,Energy intensity level of primary energy,Wholesale and retail trade; repair of motor vehicles and motorcycles,TJ per £ million,Normal,Undefined,3.1
2001,Energy intensity level of primary energy,Wholesale and retail trade; repair of motor vehicles and motorcycles,TJ per £ million,Normal,Undefined,2.9
2002,Energy intensity level of primary energy,Wholesale and retail trade; repair of motor vehicles and motorcycles,TJ per £ million,Normal,Undefined,2.8
2003,Energy intensity level of primary energy,Wholesale and retail trade; repair of motor vehicles and motorcycles,TJ per £ million,Normal,Undefined,2.8
2004,Energy intensity level of primary energy,Wholesale and retail trade; repair of motor vehicles and motorcycles,TJ per £ million,Normal,Undefined,2.9
2005,Energy intensity level of primary energy,Wholesale and retail trade; repair of motor vehicles and motorcycles,TJ per £ million,Normal,Undefined,2.8
2006,Energy intensity level of primary energy,Wholesale and retail trade; repair of motor vehicles and motorcycles,TJ per £ million,Normal,Undefined,2.7
2007,Energy intensity level of primary energy,Wholesale and retail trade; repair of motor vehicles and motorcycles,TJ per £ million,Normal,Undefined,2.6
2008,Energy intensity level of primary energy,Wholesale and retail trade; repair of motor vehicles and motorcycles,TJ per £ million,Normal,Undefined,2.8
2009,Energy intensity level of primary energy,Wholesale and retail trade; repair of motor vehicles and motorcycles,TJ per £ million,Normal,Undefined,2.7
2010,Energy intensity level of primary energy,Wholesale and retail trade; repair of motor vehicles and motorcycles,TJ per £ million,Normal,Undefined,2.7
2011,Energy intensity level of primary energy,Wholesale and retail trade; repair of motor vehicles and motorcycles,TJ per £ million,Normal,Undefined,2.6
2012,Energy intensity level of primary energy,Wholesale and retail trade; repair of motor vehicles and motorcycles,TJ per £ million,Normal,Undefined,2.6
2013,Energy intensity level of primary energy,Wholesale and retail trade; repair of motor vehicles and motorcycles,TJ per £ million,Normal,Undefined,2.4
2014,Energy intensity level of primary energy,Wholesale and retail trade; repair of motor vehicles and motorcycles,TJ per £ million,Normal,Undefined,2.2
2015,Energy intensity level of primary energy,Wholesale and retail trade; repair of motor vehicles and motorcycles,TJ per £ million,Normal,Undefined,2.3
2016,Energy intensity level of primary energy,Wholesale and retail trade; repair of motor vehicles and motorcycles,TJ per £ million,Normal,Undefined,2.2
2017,Energy intensity level of primary energy,Wholesale and retail trade; repair of motor vehicles and motorcycles,TJ per £ million,Normal,Undefined,2.2
2018,Energy intensity level of primary energy,Wholesale and retail trade; repair of motor vehicles and motorcycles,TJ per £ million,Normal,Undefined,2.1
2019,Energy intensity level of primary energy,Wholesale and retail trade; repair of motor vehicles and motorcycles,TJ per £ million,Normal,Undefined,2.2
1990,Energy intensity level of primary energy,Transport and storage,TJ per £ million,Normal,Undefined,23.2
1991,Energy intensity level of primary energy,Transport and storage,TJ per £ million,Normal,Undefined,22.6
1992,Energy intensity level of primary energy,Transport and storage,TJ per £ million,Normal,Undefined,22.4
1993,Energy intensity level of primary energy,Transport and storage,TJ per £ million,Normal,Undefined,21.9
1994,Energy intensity level of primary energy,Transport and storage,TJ per £ million,Normal,Undefined,20.8
1995,Energy intensity level of primary energy,Transport and storage,TJ per £ million,Normal,Undefined,20.7
1996,Energy intensity level of primary energy,Transport and storage,TJ per £ million,Normal,Undefined,20.1
1997,Energy intensity level of primary energy,Transport and storage,TJ per £ million,Normal,Undefined,19.4
1998,Energy intensity level of primary energy,Transport and storage,TJ per £ million,Normal,Undefined,19.1
1999,Energy intensity level of primary energy,Transport and storage,TJ per £ million,Normal,Undefined,17.9
2000,Energy intensity level of primary energy,Transport and storage,TJ per £ million,Normal,Undefined,18.4
2001,Energy intensity level of primary energy,Transport and storage,TJ per £ million,Normal,Undefined,18.8
2002,Energy intensity level of primary energy,Transport and storage,TJ per £ million,Normal,Undefined,18.5
2003,Energy intensity level of primary energy,Transport and storage,TJ per £ million,Normal,Undefined,18.2
2004,Energy intensity level of primary energy,Transport and storage,TJ per £ million,Normal,Undefined,18.6
2005,Energy intensity level of primary energy,Transport and storage,TJ per £ million,Normal,Undefined,19.1
2006,Energy intensity level of primary energy,Transport and storage,TJ per £ million,Normal,Undefined,17.6
2007,Energy intensity level of primary energy,Transport and storage,TJ per £ million,Normal,Undefined,17.9
2008,Energy intensity level of primary energy,Transport and storage,TJ per £ million,Normal,Undefined,19.7
2009,Energy intensity level of primary energy,Transport and storage,TJ per £ million,Normal,Undefined,18.2
2010,Energy intensity level of primary energy,Transport and storage,TJ per £ million,Normal,Undefined,17.7
2011,Energy intensity level of primary energy,Transport and storage,TJ per £ million,Normal,Undefined,18.3
2012,Energy intensity level of primary energy,Transport and storage,TJ per £ million,Normal,Undefined,16.8
2013,Energy intensity level of primary energy,Transport and storage,TJ per £ million,Normal,Undefined,15.5
2014,Energy intensity level of primary energy,Transport and storage,TJ per £ million,Normal,Undefined,15.8
2015,Energy intensity level of primary energy,Transport and storage,TJ per £ million,Normal,Undefined,16.4
2016,Energy intensity level of primary energy,Transport and storage,TJ per £ million,Normal,Undefined,16.4
2017,Energy intensity level of primary energy,Transport and storage,TJ per £ million,Normal,Undefined,15.4
2018,Energy intensity level of primary energy,Transport and storage,TJ per £ million,Normal,Undefined,16.2
2019,Energy intensity level of primary energy,Transport and storage,TJ per £ million,Normal,Undefined,17.8
1990,Energy intensity level of primary energy,Accommodation and food services,TJ per £ million,Normal,Undefined,3.9
1991,Energy intensity level of primary energy,Accommodation and food services,TJ per £ million,Normal,Undefined,4.3
1992,Energy intensity level of primary energy,Accommodation and food services,TJ per £ million,Normal,Undefined,4.1
1993,Energy intensity level of primary energy,Accommodation and food services,TJ per £ million,Normal,Undefined,4.3
1994,Energy intensity level of primary energy,Accommodation and food services,TJ per £ million,Normal,Undefined,4.2
1995,Energy intensity level of primary energy,Accommodation and food services,TJ per £ million,Normal,Undefined,4.5
1996,Energy intensity level of primary energy,Accommodation and food services,TJ per £ million,Normal,Undefined,4.6
1997,Energy intensity level of primary energy,Accommodation and food services,TJ per £ million,Normal,Undefined,4.5
1998,Energy intensity level of primary energy,Accommodation and food services,TJ per £ million,Normal,Undefined,4.2
1999,Energy intensity level of primary energy,Accommodation and food services,TJ per £ million,Normal,Undefined,3.7
2000,Energy intensity level of primary energy,Accommodation and food services,TJ per £ million,Normal,Undefined,3.7
2001,Energy intensity level of primary energy,Accommodation and food services,TJ per £ million,Normal,Undefined,3.6
2002,Energy intensity level of primary energy,Accommodation and food services,TJ per £ million,Normal,Undefined,3.3
2003,Energy intensity level of primary energy,Accommodation and food services,TJ per £ million,Normal,Undefined,3.2
2004,Energy intensity level of primary energy,Accommodation and food services,TJ per £ million,Normal,Undefined,2.4
2005,Energy intensity level of primary energy,Accommodation and food services,TJ per £ million,Normal,Undefined,2.4
2006,Energy intensity level of primary energy,Accommodation and food services,TJ per £ million,Normal,Undefined,2.4
2007,Energy intensity level of primary energy,Accommodation and food services,TJ per £ million,Normal,Undefined,2.6
2008,Energy intensity level of primary energy,Accommodation and food services,TJ per £ million,Normal,Undefined,3.1
2009,Energy intensity level of primary energy,Accommodation and food services,TJ per £ million,Normal,Undefined,2.9
2010,Energy intensity level of primary energy,Accommodation and food services,TJ per £ million,Normal,Undefined,3.0
2011,Energy intensity level of primary energy,Accommodation and food services,TJ per £ million,Normal,Undefined,2.9
2012,Energy intensity level of primary energy,Accommodation and food services,TJ per £ million,Normal,Undefined,3.3
2013,Energy intensity level of primary energy,Accommodation and food services,TJ per £ million,Normal,Undefined,3.3
2014,Energy intensity level of primary energy,Accommodation and food services,TJ per £ million,Normal,Undefined,3.1
2015,Energy intensity level of primary energy,Accommodation and food services,TJ per £ million,Normal,Undefined,3.1
2016,Energy intensity level of primary energy,Accommodation and food services,TJ per £ million,Normal,Undefined,3.0
2017,Energy intensity level of primary energy,Accommodation and food services,TJ per £ million,Normal,Undefined,2.6
2018,Energy intensity level of primary energy,Accommodation and food services,TJ per £ million,Normal,Undefined,2.5
2019,Energy intensity level of primary energy,Accommodation and food services,TJ per £ million,Normal,Undefined,4.4
1990,Energy intensity level of primary energy,Information and communication,TJ per £ million,Normal,Undefined,1.9
1991,Energy intensity level of primary energy,Information and communication,TJ per £ million,Normal,Undefined,1.9
1992,Energy intensity level of primary energy,Information and communication,TJ per £ million,Normal,Undefined,1.8
1993,Energy intensity level of primary energy,Information and communication,TJ per £ million,Normal,Undefined,1.9
1994,Energy intensity level of primary energy,Information and communication,TJ per £ million,Normal,Undefined,1.8
1995,Energy intensity level of primary energy,Information and communication,TJ per £ million,Normal,Undefined,1.8
1996,Energy intensity level of primary energy,Information and communication,TJ per £ million,Normal,Undefined,1.8
1997,Energy intensity level of primary energy,Information and communication,TJ per £ million,Normal,Undefined,1.6
1998,Energy intensity level of primary energy,Information and communication,TJ per £ million,Normal,Undefined,1.4
1999,Energy intensity level of primary energy,Information and communication,TJ per £ million,Normal,Undefined,1.2
2000,Energy intensity level of primary energy,Information and communication,TJ per £ million,Normal,Undefined,1.1
2001,Energy intensity level of primary energy,Information and communication,TJ per £ million,Normal,Undefined,1.3
2002,Energy intensity level of primary energy,Information and communication,TJ per £ million,Normal,Undefined,0.9
2003,Energy intensity level of primary energy,Information and communication,TJ per £ million,Normal,Undefined,1.1
2004,Energy intensity level of primary energy,Information and communication,TJ per £ million,Normal,Undefined,0.8
2005,Energy intensity level of primary energy,Information and communication,TJ per £ million,Normal,Undefined,0.8
2006,Energy intensity level of primary energy,Information and communication,TJ per £ million,Normal,Undefined,0.8
2007,Energy intensity level of primary energy,Information and communication,TJ per £ million,Normal,Undefined,0.9
2008,Energy intensity level of primary energy,Information and communication,TJ per £ million,Normal,Undefined,0.9
2009,Energy intensity level of primary energy,Information and communication,TJ per £ million,Normal,Undefined,0.8
2010,Energy intensity level of primary energy,Information and communication,TJ per £ million,Normal,Undefined,0.9
2011,Energy intensity level of primary energy,Information and communication,TJ per £ million,Normal,Undefined,0.8
2012,Energy intensity level of primary energy,Information and communication,TJ per £ million,Normal,Undefined,0.8
2013,Energy intensity level of primary energy,Information and communication,TJ per £ million,Normal,Undefined,0.9
2014,Energy intensity level of primary energy,Information and communication,TJ per £ million,Normal,Undefined,0.7
2015,Energy intensity level of primary energy,Information and communication,TJ per £ million,Normal,Undefined,0.6
2016,Energy intensity level of primary energy,Information and communication,TJ per £ million,Normal,Undefined,0.6
2017,Energy intensity level of primary energy,Information and communication,TJ per £ million,Normal,Undefined,0.5
2018,Energy intensity level of primary energy,Information and communication,TJ per £ million,Normal,Undefined,0.5
2019,Energy intensity level of primary energy,Information and communication,TJ per £ million,Normal,Undefined,0.5
1990,Energy intensity level of primary energy,Financial and insurance activities,TJ per £ million,Normal,Undefined,1.0
1991,Energy intensity level of primary energy,Financial and insurance activities,TJ per £ million,Normal,Undefined,1.0
1992,Energy intensity level of primary energy,Financial and insurance activities,TJ per £ million,Normal,Undefined,1.0
1993,Energy intensity level of primary energy,Financial and insurance activities,TJ per £ million,Normal,Undefined,1.0
1994,Energy intensity level of primary energy,Financial and insurance activities,TJ per £ million,Normal,Undefined,1.0
1995,Energy intensity level of primary energy,Financial and insurance activities,TJ per £ million,Normal,Undefined,1.0
1996,Energy intensity level of primary energy,Financial and insurance activities,TJ per £ million,Normal,Undefined,1.0
1997,Energy intensity level of primary energy,Financial and insurance activities,TJ per £ million,Normal,Undefined,0.8
1998,Energy intensity level of primary energy,Financial and insurance activities,TJ per £ million,Normal,Undefined,0.8
1999,Energy intensity level of primary energy,Financial and insurance activities,TJ per £ million,Normal,Undefined,0.7
2000,Energy intensity level of primary energy,Financial and insurance activities,TJ per £ million,Normal,Undefined,0.7
2001,Energy intensity level of primary energy,Financial and insurance activities,TJ per £ million,Normal,Undefined,0.8
2002,Energy intensity level of primary energy,Financial and insurance activities,TJ per £ million,Normal,Undefined,0.7
2003,Energy intensity level of primary energy,Financial and insurance activities,TJ per £ million,Normal,Undefined,0.6
2004,Energy intensity level of primary energy,Financial and insurance activities,TJ per £ million,Normal,Undefined,0.6
2005,Energy intensity level of primary energy,Financial and insurance activities,TJ per £ million,Normal,Undefined,0.6
2006,Energy intensity level of primary energy,Financial and insurance activities,TJ per £ million,Normal,Undefined,0.5
2007,Energy intensity level of primary energy,Financial and insurance activities,TJ per £ million,Normal,Undefined,0.5
2008,Energy intensity level of primary energy,Financial and insurance activities,TJ per £ million,Normal,Undefined,0.5
2009,Energy intensity level of primary energy,Financial and insurance activities,TJ per £ million,Normal,Undefined,0.5
2010,Energy intensity level of primary energy,Financial and insurance activities,TJ per £ million,Normal,Undefined,0.6
2011,Energy intensity level of primary energy,Financial and insurance activities,TJ per £ million,Normal,Undefined,0.6
2012,Energy intensity level of primary energy,Financial and insurance activities,TJ per £ million,Normal,Undefined,0.6
2013,Energy intensity level of primary energy,Financial and insurance activities,TJ per £ million,Normal,Undefined,0.5
2014,Energy intensity level of primary energy,Financial and insurance activities,TJ per £ million,Normal,Undefined,0.6
2015,Energy intensity level of primary energy,Financial and insurance activities,TJ per £ million,Normal,Undefined,0.5
2016,Energy intensity level of primary energy,Financial and insurance activities,TJ per £ million,Normal,Undefined,0.5
2017,Energy intensity level of primary energy,Financial and insurance activities,TJ per £ million,Normal,Undefined,0.5
2018,Energy intensity level of primary energy,Financial and insurance activities,TJ per £ million,Normal,Undefined,0.4
2019,Energy intensity level of primary energy,Financial and insurance activities,TJ per £ million,Normal,Undefined,0.5
1990,Energy intensity level of primary energy,Real estate activities,TJ per £ million,Normal,Undefined,0.2
1991,Energy intensity level of primary energy,Real estate activities,TJ per £ million,Normal,Undefined,0.2
1992,Energy intensity level of primary energy,Real estate activities,TJ per £ million,Normal,Undefined,0.2
1993,Energy intensity level of primary energy,Real estate activities,TJ per £ million,Normal,Undefined,0.2
1994,Energy intensity level of primary energy,Real estate activities,TJ per £ million,Normal,Undefined,0.2
1995,Energy intensity level of primary energy,Real estate activities,TJ per £ million,Normal,Undefined,0.2
1996,Energy intensity level of primary energy,Real estate activities,TJ per £ million,Normal,Undefined,0.2
1997,Energy intensity level of primary energy,Real estate activities,TJ per £ million,Normal,Undefined,0.2
1998,Energy intensity level of primary energy,Real estate activities,TJ per £ million,Normal,Undefined,0.3
1999,Energy intensity level of primary energy,Real estate activities,TJ per £ million,Normal,Undefined,0.2
2000,Energy intensity level of primary energy,Real estate activities,TJ per £ million,Normal,Undefined,0.2
2001,Energy intensity level of primary energy,Real estate activities,TJ per £ million,Normal,Undefined,0.2
2002,Energy intensity level of primary energy,Real estate activities,TJ per £ million,Normal,Undefined,0.2
2003,Energy intensity level of primary energy,Real estate activities,TJ per £ million,Normal,Undefined,0.2
2004,Energy intensity level of primary energy,Real estate activities,TJ per £ million,Normal,Undefined,0.1
2005,Energy intensity level of primary energy,Real estate activities,TJ per £ million,Normal,Undefined,0.1
2006,Energy intensity level of primary energy,Real estate activities,TJ per £ million,Normal,Undefined,0.2
2007,Energy intensity level of primary energy,Real estate activities,TJ per £ million,Normal,Undefined,0.2
2008,Energy intensity level of primary energy,Real estate activities,TJ per £ million,Normal,Undefined,0.2
2009,Energy intensity level of primary energy,Real estate activities,TJ per £ million,Normal,Undefined,0.2
2010,Energy intensity level of primary energy,Real estate activities,TJ per £ million,Normal,Undefined,0.2
2011,Energy intensity level of primary energy,Real estate activities,TJ per £ million,Normal,Undefined,0.2
2012,Energy intensity level of primary energy,Real estate activities,TJ per £ million,Normal,Undefined,0.2
2013,Energy intensity level of primary energy,Real estate activities,TJ per £ million,Normal,Undefined,0.1
2014,Energy intensity level of primary energy,Real estate activities,TJ per £ million,Normal,Undefined,0.1
2015,Energy intensity level of primary energy,Real estate activities,TJ per £ million,Normal,Undefined,0.1
2016,Energy intensity level of primary energy,Real estate activities,TJ per £ million,Normal,Undefined,0.1
2017,Energy intensity level of primary energy,Real estate activities,TJ per £ million,Normal,Undefined,0.1
2018,Energy intensity level of primary energy,Real estate activities,TJ per £ million,Normal,Undefined,0.1
2019,Energy intensity level of primary energy,Real estate activities,TJ per £ million,Normal,Undefined,0.1
1990,Energy intensity level of primary energy,"Professional, scientific and technical activities",TJ per £ million,Normal,Undefined,2.0
1991,Energy intensity level of primary energy,"Professional, scientific and technical activities",TJ per £ million,Normal,Undefined,2.1
1992,Energy intensity level of primary energy,"Professional, scientific and technical activities",TJ per £ million,Normal,Undefined,2.0
1993,Energy intensity level of primary energy,"Professional, scientific and technical activities",TJ per £ million,Normal,Undefined,2.0
1994,Energy intensity level of primary energy,"Professional, scientific and technical activities",TJ per £ million,Normal,Undefined,1.9
1995,Energy intensity level of primary energy,"Professional, scientific and technical activities",TJ per £ million,Normal,Undefined,1.9
1996,Energy intensity level of primary energy,"Professional, scientific and technical activities",TJ per £ million,Normal,Undefined,1.9
1997,Energy intensity level of primary energy,"Professional, scientific and technical activities",TJ per £ million,Normal,Undefined,1.7
1998,Energy intensity level of primary energy,"Professional, scientific and technical activities",TJ per £ million,Normal,Undefined,1.7
1999,Energy intensity level of primary energy,"Professional, scientific and technical activities",TJ per £ million,Normal,Undefined,1.5
2000,Energy intensity level of primary energy,"Professional, scientific and technical activities",TJ per £ million,Normal,Undefined,1.5
2001,Energy intensity level of primary energy,"Professional, scientific and technical activities",TJ per £ million,Normal,Undefined,1.6
2002,Energy intensity level of primary energy,"Professional, scientific and technical activities",TJ per £ million,Normal,Undefined,1.2
2003,Energy intensity level of primary energy,"Professional, scientific and technical activities",TJ per £ million,Normal,Undefined,1.2
2004,Energy intensity level of primary energy,"Professional, scientific and technical activities",TJ per £ million,Normal,Undefined,1.1
2005,Energy intensity level of primary energy,"Professional, scientific and technical activities",TJ per £ million,Normal,Undefined,1.1
2006,Energy intensity level of primary energy,"Professional, scientific and technical activities",TJ per £ million,Normal,Undefined,1.0
2007,Energy intensity level of primary energy,"Professional, scientific and technical activities",TJ per £ million,Normal,Undefined,1.0
2008,Energy intensity level of primary energy,"Professional, scientific and technical activities",TJ per £ million,Normal,Undefined,1.2
2009,Energy intensity level of primary energy,"Professional, scientific and technical activities",TJ per £ million,Normal,Undefined,0.9
2010,Energy intensity level of primary energy,"Professional, scientific and technical activities",TJ per £ million,Normal,Undefined,1.0
2011,Energy intensity level of primary energy,"Professional, scientific and technical activities",TJ per £ million,Normal,Undefined,0.9
2012,Energy intensity level of primary energy,"Professional, scientific and technical activities",TJ per £ million,Normal,Undefined,0.8
2013,Energy intensity level of primary energy,"Professional, scientific and technical activities",TJ per £ million,Normal,Undefined,0.8
2014,Energy intensity level of primary energy,"Professional, scientific and technical activities",TJ per £ million,Normal,Undefined,0.7
2015,Energy intensity level of primary energy,"Professional, scientific and technical activities",TJ per £ million,Normal,Undefined,0.6
2016,Energy intensity level of primary energy,"Professional, scientific and technical activities",TJ per £ million,Normal,Undefined,0.6
2017,Energy intensity level of primary energy,"Professional, scientific and technical activities",TJ per £ million,Normal,Undefined,0.5
2018,Energy intensity level of primary energy,"Professional, scientific and technical activities",TJ per £ million,Normal,Undefined,0.5
2019,Energy intensity level of primary energy,"Professional, scientific and technical activities",TJ per £ million,Normal,Undefined,0.5
1990,Energy intensity level of primary energy,Administrative and support service activities,TJ per £ million,Normal,Undefined,2.1
1991,Energy intensity level of primary energy,Administrative and support service activities,TJ per £ million,Normal,Undefined,2.2
1992,Energy intensity level of primary energy,Administrative and support service activities,TJ per £ million,Normal,Undefined,2.2
1993,Energy intensity level of primary energy,Administrative and support service activities,TJ per £ million,Normal,Undefined,2.2
1994,Energy intensity level of primary energy,Administrative and support service activities,TJ per £ million,Normal,Undefined,2.1
1995,Energy intensity level of primary energy,Administrative and support service activities,TJ per £ million,Normal,Undefined,2.1
1996,Energy intensity level of primary energy,Administrative and support service activities,TJ per £ million,Normal,Undefined,2.0
1997,Energy intensity level of primary energy,Administrative and support service activities,TJ per £ million,Normal,Undefined,2.0
1998,Energy intensity level of primary energy,Administrative and support service activities,TJ per £ million,Normal,Undefined,1.8
1999,Energy intensity level of primary energy,Administrative and support service activities,TJ per £ million,Normal,Undefined,1.7
2000,Energy intensity level of primary energy,Administrative and support service activities,TJ per £ million,Normal,Undefined,1.6
2001,Energy intensity level of primary energy,Administrative and support service activities,TJ per £ million,Normal,Undefined,1.6
2002,Energy intensity level of primary energy,Administrative and support service activities,TJ per £ million,Normal,Undefined,1.5
2003,Energy intensity level of primary energy,Administrative and support service activities,TJ per £ million,Normal,Undefined,1.6
2004,Energy intensity level of primary energy,Administrative and support service activities,TJ per £ million,Normal,Undefined,1.5
2005,Energy intensity level of primary energy,Administrative and support service activities,TJ per £ million,Normal,Undefined,1.3
2006,Energy intensity level of primary energy,Administrative and support service activities,TJ per £ million,Normal,Undefined,1.1
2007,Energy intensity level of primary energy,Administrative and support service activities,TJ per £ million,Normal,Undefined,1.1
2008,Energy intensity level of primary energy,Administrative and support service activities,TJ per £ million,Normal,Undefined,1.2
2009,Energy intensity level of primary energy,Administrative and support service activities,TJ per £ million,Normal,Undefined,0.9
2010,Energy intensity level of primary energy,Administrative and support service activities,TJ per £ million,Normal,Undefined,0.9
2011,Energy intensity level of primary energy,Administrative and support service activities,TJ per £ million,Normal,Undefined,0.7
2012,Energy intensity level of primary energy,Administrative and support service activities,TJ per £ million,Normal,Undefined,0.7
2013,Energy intensity level of primary energy,Administrative and support service activities,TJ per £ million,Normal,Undefined,0.6
2014,Energy intensity level of primary energy,Administrative and support service activities,TJ per £ million,Normal,Undefined,0.6
2015,Energy intensity level of primary energy,Administrative and support service activities,TJ per £ million,Normal,Undefined,0.6
2016,Energy intensity level of primary energy,Administrative and support service activities,TJ per £ million,Normal,Undefined,0.6
2017,Energy intensity level of primary energy,Administrative and support service activities,TJ per £ million,Normal,Undefined,0.5
2018,Energy intensity level of primary energy,Administrative and support service activities,TJ per £ million,Normal,Undefined,0.5
2019,Energy intensity level of primary energy,Administrative and support service activities,TJ per £ million,Normal,Undefined,0.6
1990,Energy intensity level of primary energy,Public administration and defence; compulsory social security,TJ per £ million,Normal,Undefined,2.2
1991,Energy intensity level of primary energy,Public administration and defence; compulsory social security,TJ per £ million,Normal,Undefined,2.2
1992,Energy intensity level of primary energy,Public administration and defence; compulsory social security,TJ per £ million,Normal,Undefined,2.4
1993,Energy intensity level of primary energy,Public administration and defence; compulsory social security,TJ per £ million,Normal,Undefined,2.3
1994,Energy intensity level of primary energy,Public administration and defence; compulsory social security,TJ per £ million,Normal,Undefined,2.4
1995,Energy intensity level of primary energy,Public administration and defence; compulsory social security,TJ per £ million,Normal,Undefined,2.4
1996,Energy intensity level of primary energy,Public administration and defence; compulsory social security,TJ per £ million,Normal,Undefined,2.5
1997,Energy intensity level of primary energy,Public administration and defence; compulsory social security,TJ per £ million,Normal,Undefined,2.4
1998,Energy intensity level of primary energy,Public administration and defence; compulsory social security,TJ per £ million,Normal,Undefined,2.2
1999,Energy intensity level of primary energy,Public administration and defence; compulsory social security,TJ per £ million,Normal,Undefined,2.3
2000,Energy intensity level of primary energy,Public administration and defence; compulsory social security,TJ per £ million,Normal,Undefined,2.2
2001,Energy intensity level of primary energy,Public administration and defence; compulsory social security,TJ per £ million,Normal,Undefined,2.2
2002,Energy intensity level of primary energy,Public administration and defence; compulsory social security,TJ per £ million,Normal,Undefined,2.1
2003,Energy intensity level of primary energy,Public administration and defence; compulsory social security,TJ per £ million,Normal,Undefined,2.2
2004,Energy intensity level of primary energy,Public administration and defence; compulsory social security,TJ per £ million,Normal,Undefined,2.2
2005,Energy intensity level of primary energy,Public administration and defence; compulsory social security,TJ per £ million,Normal,Undefined,1.9
2006,Energy intensity level of primary energy,Public administration and defence; compulsory social security,TJ per £ million,Normal,Undefined,1.9
2007,Energy intensity level of primary energy,Public administration and defence; compulsory social security,TJ per £ million,Normal,Undefined,1.8
2008,Energy intensity level of primary energy,Public administration and defence; compulsory social security,TJ per £ million,Normal,Undefined,1.7
2009,Energy intensity level of primary energy,Public administration and defence; compulsory social security,TJ per £ million,Normal,Undefined,1.4
2010,Energy intensity level of primary energy,Public administration and defence; compulsory social security,TJ per £ million,Normal,Undefined,1.5
2011,Energy intensity level of primary energy,Public administration and defence; compulsory social security,TJ per £ million,Normal,Undefined,1.4
2012,Energy intensity level of primary energy,Public administration and defence; compulsory social security,TJ per £ million,Normal,Undefined,1.4
2013,Energy intensity level of primary energy,Public administration and defence; compulsory social security,TJ per £ million,Normal,Undefined,1.3
2014,Energy intensity level of primary energy,Public administration and defence; compulsory social security,TJ per £ million,Normal,Undefined,1.1
2015,Energy intensity level of primary energy,Public administration and defence; compulsory social security,TJ per £ million,Normal,Undefined,1.0
2016,Energy intensity level of primary energy,Public administration and defence; compulsory social security,TJ per £ million,Normal,Undefined,0.9
2017,Energy intensity level of primary energy,Public administration and defence; compulsory social security,TJ per £ million,Normal,Undefined,0.9
2018,Energy intensity level of primary energy,Public administration and defence; compulsory social security,TJ per £ million,Normal,Undefined,0.9
2019,Energy intensity level of primary energy,Public administration and defence; compulsory social security,TJ per £ million,Normal,Undefined,0.8
1990,Energy intensity level of primary energy,Education,TJ per £ million,Normal,Undefined,1.6
1991,Energy intensity level of primary energy,Education,TJ per £ million,Normal,Undefined,1.8
1992,Energy intensity level of primary energy,Education,TJ per £ million,Normal,Undefined,1.9
1993,Energy intensity level of primary energy,Education,TJ per £ million,Normal,Undefined,1.5
1994,Energy intensity level of primary energy,Education,TJ per £ million,Normal,Undefined,1.5
1995,Energy intensity level of primary energy,Education,TJ per £ million,Normal,Undefined,1.4
1996,Energy intensity level of primary energy,Education,TJ per £ million,Normal,Undefined,1.6
1997,Energy intensity level of primary energy,Education,TJ per £ million,Normal,Undefined,1.7
1998,Energy intensity level of primary energy,Education,TJ per £ million,Normal,Undefined,1.6
1999,Energy intensity level of primary energy,Education,TJ per £ million,Normal,Undefined,1.4
2000,Energy intensity level of primary energy,Education,TJ per £ million,Normal,Undefined,1.4
2001,Energy intensity level of primary energy,Education,TJ per £ million,Normal,Undefined,1.3
2002,Energy intensity level of primary energy,Education,TJ per £ million,Normal,Undefined,1.1
2003,Energy intensity level of primary energy,Education,TJ per £ million,Normal,Undefined,1.1
2004,Energy intensity level of primary energy,Education,TJ per £ million,Normal,Undefined,1.0
2005,Energy intensity level of primary energy,Education,TJ per £ million,Normal,Undefined,0.9
2006,Energy intensity level of primary energy,Education,TJ per £ million,Normal,Undefined,1.0
2007,Energy intensity level of primary energy,Education,TJ per £ million,Normal,Undefined,0.9
2008,Energy intensity level of primary energy,Education,TJ per £ million,Normal,Undefined,0.8
2009,Energy intensity level of primary energy,Education,TJ per £ million,Normal,Undefined,0.8
2010,Energy intensity level of primary energy,Education,TJ per £ million,Normal,Undefined,0.8
2011,Energy intensity level of primary energy,Education,TJ per £ million,Normal,Undefined,0.7
2012,Energy intensity level of primary energy,Education,TJ per £ million,Normal,Undefined,0.8
2013,Energy intensity level of primary energy,Education,TJ per £ million,Normal,Undefined,0.7
2014,Energy intensity level of primary energy,Education,TJ per £ million,Normal,Undefined,0.6
2015,Energy intensity level of primary energy,Education,TJ per £ million,Normal,Undefined,0.6
2016,Energy intensity level of primary energy,Education,TJ per £ million,Normal,Undefined,0.6
2017,Energy intensity level of primary energy,Education,TJ per £ million,Normal,Undefined,0.6
2018,Energy intensity level of primary energy,Education,TJ per £ million,Normal,Undefined,0.5
2019,Energy intensity level of primary energy,Education,TJ per £ million,Normal,Undefined,0.5
1990,Energy intensity level of primary energy,Human health and social work activities,TJ per £ million,Normal,Undefined,2.2
1991,Energy intensity level of primary energy,Human health and social work activities,TJ per £ million,Normal,Undefined,2.4
1992,Energy intensity level of primary energy,Human health and social work activities,TJ per £ million,Normal,Undefined,2.5
1993,Energy intensity level of primary energy,Human health and social work activities,TJ per £ million,Normal,Undefined,2.1
1994,Energy intensity level of primary energy,Human health and social work activities,TJ per £ million,Normal,Undefined,2.2
1995,Energy intensity level of primary energy,Human health and social work activities,TJ per £ million,Normal,Undefined,2.1
1996,Energy intensity level of primary energy,Human health and social work activities,TJ per £ million,Normal,Undefined,2.2
1997,Energy intensity level of primary energy,Human health and social work activities,TJ per £ million,Normal,Undefined,1.9
1998,Energy intensity level of primary energy,Human health and social work activities,TJ per £ million,Normal,Undefined,1.9
1999,Energy intensity level of primary energy,Human health and social work activities,TJ per £ million,Normal,Undefined,1.7
2000,Energy intensity level of primary energy,Human health and social work activities,TJ per £ million,Normal,Undefined,1.5
2001,Energy intensity level of primary energy,Human health and social work activities,TJ per £ million,Normal,Undefined,1.5
2002,Energy intensity level of primary energy,Human health and social work activities,TJ per £ million,Normal,Undefined,1.2
2003,Energy intensity level of primary energy,Human health and social work activities,TJ per £ million,Normal,Undefined,1.0
2004,Energy intensity level of primary energy,Human health and social work activities,TJ per £ million,Normal,Undefined,1.1
2005,Energy intensity level of primary energy,Human health and social work activities,TJ per £ million,Normal,Undefined,1.3
2006,Energy intensity level of primary energy,Human health and social work activities,TJ per £ million,Normal,Undefined,1.2
2007,Energy intensity level of primary energy,Human health and social work activities,TJ per £ million,Normal,Undefined,1.2
2008,Energy intensity level of primary energy,Human health and social work activities,TJ per £ million,Normal,Undefined,1.2
2009,Energy intensity level of primary energy,Human health and social work activities,TJ per £ million,Normal,Undefined,1.1
2010,Energy intensity level of primary energy,Human health and social work activities,TJ per £ million,Normal,Undefined,1.1
2011,Energy intensity level of primary energy,Human health and social work activities,TJ per £ million,Normal,Undefined,1.0
2012,Energy intensity level of primary energy,Human health and social work activities,TJ per £ million,Normal,Undefined,1.2
2013,Energy intensity level of primary energy,Human health and social work activities,TJ per £ million,Normal,Undefined,1.2
2014,Energy intensity level of primary energy,Human health and social work activities,TJ per £ million,Normal,Undefined,1.0
2015,Energy intensity level of primary energy,Human health and social work activities,TJ per £ million,Normal,Undefined,0.8
2016,Energy intensity level of primary energy,Human health and social work activities,TJ per £ million,Normal,Undefined,0.8
2017,Energy intensity level of primary energy,Human health and social work activities,TJ per £ million,Normal,Undefined,0.8
2018,Energy intensity level of primary energy,Human health and social work activities,TJ per £ million,Normal,Undefined,0.8
2019,Energy intensity level of primary energy,Human health and social work activities,TJ per £ million,Normal,Undefined,0.7
1990,Energy intensity level of primary energy,"Arts, entertainment and recreation",TJ per £ million,Normal,Undefined,2.8
1991,Energy intensity level of primary energy,"Arts, entertainment and recreation",TJ per £ million,Normal,Undefined,2.8
1992,Energy intensity level of primary energy,"Arts, entertainment and recreation",TJ per £ million,Normal,Undefined,2.4
1993,Energy intensity level of primary energy,"Arts, entertainment and recreation",TJ per £ million,Normal,Undefined,2.5
1994,Energy intensity level of primary energy,"Arts, entertainment and recreation",TJ per £ million,Normal,Undefined,2.3
1995,Energy intensity level of primary energy,"Arts, entertainment and recreation",TJ per £ million,Normal,Undefined,2.3
1996,Energy intensity level of primary energy,"Arts, entertainment and recreation",TJ per £ million,Normal,Undefined,2.3
1997,Energy intensity level of primary energy,"Arts, entertainment and recreation",TJ per £ million,Normal,Undefined,2.1
1998,Energy intensity level of primary energy,"Arts, entertainment and recreation",TJ per £ million,Normal,Undefined,2.4
1999,Energy intensity level of primary energy,"Arts, entertainment and recreation",TJ per £ million,Normal,Undefined,2.4
2000,Energy intensity level of primary energy,"Arts, entertainment and recreation",TJ per £ million,Normal,Undefined,2.3
2001,Energy intensity level of primary energy,"Arts, entertainment and recreation",TJ per £ million,Normal,Undefined,2.4
2002,Energy intensity level of primary energy,"Arts, entertainment and recreation",TJ per £ million,Normal,Undefined,2.0
2003,Energy intensity level of primary energy,"Arts, entertainment and recreation",TJ per £ million,Normal,Undefined,2.0
2004,Energy intensity level of primary energy,"Arts, entertainment and recreation",TJ per £ million,Normal,Undefined,2.0
2005,Energy intensity level of primary energy,"Arts, entertainment and recreation",TJ per £ million,Normal,Undefined,2.3
2006,Energy intensity level of primary energy,"Arts, entertainment and recreation",TJ per £ million,Normal,Undefined,2.1
2007,Energy intensity level of primary energy,"Arts, entertainment and recreation",TJ per £ million,Normal,Undefined,2.1
2008,Energy intensity level of primary energy,"Arts, entertainment and recreation",TJ per £ million,Normal,Undefined,2.3
2009,Energy intensity level of primary energy,"Arts, entertainment and recreation",TJ per £ million,Normal,Undefined,1.9
2010,Energy intensity level of primary energy,"Arts, entertainment and recreation",TJ per £ million,Normal,Undefined,1.8
2011,Energy intensity level of primary energy,"Arts, entertainment and recreation",TJ per £ million,Normal,Undefined,1.5
2012,Energy intensity level of primary energy,"Arts, entertainment and recreation",TJ per £ million,Normal,Undefined,1.9
2013,Energy intensity level of primary energy,"Arts, entertainment and recreation",TJ per £ million,Normal,Undefined,1.4
2014,Energy intensity level of primary energy,"Arts, entertainment and recreation",TJ per £ million,Normal,Undefined,1.2
2015,Energy intensity level of primary energy,"Arts, entertainment and recreation",TJ per £ million,Normal,Undefined,1.0
2016,Energy intensity level of primary energy,"Arts, entertainment and recreation",TJ per £ million,Normal,Undefined,0.9
2017,Energy intensity level of primary energy,"Arts, entertainment and recreation",TJ per £ million,Normal,Undefined,0.8
2018,Energy intensity level of primary energy,"Arts, entertainment and recreation",TJ per £ million,Normal,Undefined,0.7
2019,Energy intensity level of primary energy,"Arts, entertainment and recreation",TJ per £ million,Normal,Undefined,0.9
1990,Energy intensity level of primary energy,Other service activities,TJ per £ million,Normal,Undefined,1.5
1991,Energy intensity level of primary energy,Other service activities,TJ per £ million,Normal,Undefined,1.6
1992,Energy intensity level of primary energy,Other service activities,TJ per £ million,Normal,Undefined,1.4
1993,Energy intensity level of primary energy,Other service activities,TJ per £ million,Normal,Undefined,1.4
1994,Energy intensity level of primary energy,Other service activities,TJ per £ million,Normal,Undefined,1.4
1995,Energy intensity level of primary energy,Other service activities,TJ per £ million,Normal,Undefined,1.4
1996,Energy intensity level of primary energy,Other service activities,TJ per £ million,Normal,Undefined,1.4
1997,Energy intensity level of primary energy,Other service activities,TJ per £ million,Normal,Undefined,1.4
1998,Energy intensity level of primary energy,Other service activities,TJ per £ million,Normal,Undefined,1.4
1999,Energy intensity level of primary energy,Other service activities,TJ per £ million,Normal,Undefined,1.4
2000,Energy intensity level of primary energy,Other service activities,TJ per £ million,Normal,Undefined,1.3
2001,Energy intensity level of primary energy,Other service activities,TJ per £ million,Normal,Undefined,1.4
2002,Energy intensity level of primary energy,Other service activities,TJ per £ million,Normal,Undefined,1.2
2003,Energy intensity level of primary energy,Other service activities,TJ per £ million,Normal,Undefined,1.3
2004,Energy intensity level of primary energy,Other service activities,TJ per £ million,Normal,Undefined,1.2
2005,Energy intensity level of primary energy,Other service activities,TJ per £ million,Normal,Undefined,1.2
2006,Energy intensity level of primary energy,Other service activities,TJ per £ million,Normal,Undefined,1.2
2007,Energy intensity level of primary energy,Other service activities,TJ per £ million,Normal,Undefined,1.1
2008,Energy intensity level of primary energy,Other service activities,TJ per £ million,Normal,Undefined,1.4
2009,Energy intensity level of primary energy,Other service activities,TJ per £ million,Normal,Undefined,1.3
2010,Energy intensity level of primary energy,Other service activities,TJ per £ million,Normal,Undefined,1.2
2011,Energy intensity level of primary energy,Other service activities,TJ per £ million,Normal,Undefined,1.1
2012,Energy intensity level of primary energy,Other service activities,TJ per £ million,Normal,Undefined,1.1
2013,Energy intensity level of primary energy,Other service activities,TJ per £ million,Normal,Undefined,1.0
2014,Energy intensity level of primary energy,Other service activities,TJ per £ million,Normal,Undefined,0.8
2015,Energy intensity level of primary energy,Other service activities,TJ per £ million,Normal,Undefined,0.9
2016,Energy intensity level of primary energy,Other service activities,TJ per £ million,Normal,Undefined,1.0
2017,Energy intensity level of primary energy,Other service activities,TJ per £ million,Normal,Undefined,1.0
2018,Energy intensity level of primary energy,Other service activities,TJ per £ million,Normal,Undefined,0.8
2019,Energy intensity level of primary energy,Other service activities,TJ per £ million,Normal,Undefined,1.0
1990,Energy intensity level of primary energy,Activities of households as employers; undifferentiated goods and services-producing activities of households for own use,TJ per £ million,Normal,Undefined,0.3
1991,Energy intensity level of primary energy,Activities of households as employers; undifferentiated goods and services-producing activities of households for own use,TJ per £ million,Normal,Undefined,0.3
1992,Energy intensity level of primary energy,Activities of households as employers; undifferentiated goods and services-producing activities of households for own use,TJ per £ million,Normal,Undefined,0.3
1993,Energy intensity level of primary energy,Activities of households as employers; undifferentiated goods and services-producing activities of households for own use,TJ per £ million,Normal,Undefined,0.3
1994,Energy intensity level of primary energy,Activities of households as employers; undifferentiated goods and services-producing activities of households for own use,TJ per £ million,Normal,Undefined,0.3
1995,Energy intensity level of primary energy,Activities of households as employers; undifferentiated goods and services-producing activities of households for own use,TJ per £ million,Normal,Undefined,0.3
1996,Energy intensity level of primary energy,Activities of households as employers; undifferentiated goods and services-producing activities of households for own use,TJ per £ million,Normal,Undefined,0.2
1997,Energy intensity level of primary energy,Activities of households as employers; undifferentiated goods and services-producing activities of households for own use,TJ per £ million,Normal,Undefined,0.3
1998,Energy intensity level of primary energy,Activities of households as employers; undifferentiated goods and services-producing activities of households for own use,TJ per £ million,Normal,Undefined,0.2
1999,Energy intensity level of primary energy,Activities of households as employers; undifferentiated goods and services-producing activities of households for own use,TJ per £ million,Normal,Undefined,0.2
2000,Energy intensity level of primary energy,Activities of households as employers; undifferentiated goods and services-producing activities of households for own use,TJ per £ million,Normal,Undefined,0.2
2001,Energy intensity level of primary energy,Activities of households as employers; undifferentiated goods and services-producing activities of households for own use,TJ per £ million,Normal,Undefined,0.2
2002,Energy intensity level of primary energy,Activities of households as employers; undifferentiated goods and services-producing activities of households for own use,TJ per £ million,Normal,Undefined,0.2
2003,Energy intensity level of primary energy,Activities of households as employers; undifferentiated goods and services-producing activities of households for own use,TJ per £ million,Normal,Undefined,0.2
2004,Energy intensity level of primary energy,Activities of households as employers; undifferentiated goods and services-producing activities of households for own use,TJ per £ million,Normal,Undefined,0.2
2005,Energy intensity level of primary energy,Activities of households as employers; undifferentiated goods and services-producing activities of households for own use,TJ per £ million,Normal,Undefined,0.2
2006,Energy intensity level of primary energy,Activities of households as employers; undifferentiated goods and services-producing activities of households for own use,TJ per £ million,Normal,Undefined,0.2
2007,Energy intensity level of primary energy,Activities of households as employers; undifferentiated goods and services-producing activities of households for own use,TJ per £ million,Normal,Undefined,0.2
2008,Energy intensity level of primary energy,Activities of households as employers; undifferentiated goods and services-producing activities of households for own use,TJ per £ million,Normal,Undefined,0.2
2009,Energy intensity level of primary energy,Activities of households as employers; undifferentiated goods and services-producing activities of households for own use,TJ per £ million,Normal,Undefined,0.1
2010,Energy intensity level of primary energy,Activities of households as employers; undifferentiated goods and services-producing activities of households for own use,TJ per £ million,Normal,Undefined,0.2
2011,Energy intensity level of primary energy,Activities of households as employers; undifferentiated goods and services-producing activities of households for own use,TJ per £ million,Normal,Undefined,0.2
2012,Energy intensity level of primary energy,Activities of households as employers; undifferentiated goods and services-producing activities of households for own use,TJ per £ million,Normal,Undefined,0.1
2013,Energy intensity level of primary energy,Activities of households as employers; undifferentiated goods and services-producing activities of households for own use,TJ per £ million,Normal,Undefined,0.1
2014,Energy intensity level of primary energy,Activities of households as employers; undifferentiated goods and services-producing activities of households for own use,TJ per £ million,Normal,Undefined,0.1
2015,Energy intensity level of primary energy,Activities of households as employers; undifferentiated goods and services-producing activities of households for own use,TJ per £ million,Normal,Undefined,0.1
2016,Energy intensity level of primary energy,Activities of households as employers; undifferentiated goods and services-producing activities of households for own use,TJ per £ million,Normal,Undefined,0.1
2017,Energy intensity level of primary energy,Activities of households as employers; undifferentiated goods and services-producing activities of households for own use,TJ per £ million,Normal,Undefined,0.1
2018,Energy intensity level of primary energy,Activities of households as employers; undifferentiated goods and services-producing activities of households for own use,TJ per £ million,Normal,Undefined,0.1
2019,Energy intensity level of primary energy,Activities of households as employers; undifferentiated goods and services-producing activities of households for own use,TJ per £ million,Normal,Undefined,0.2
