Year,Units,Disability status,Age,Sex,Region,Country of birth,Nationality,Unit measure,Unit multiplier,Observation status,GeoCode,Value
2014,Headcount (ONS data),Non-disabled (GSS harmonised),,,,,,"Rate per 1,000,000 population",Units,Undefined,,15771.5
2015,Headcount (ONS data),Non-disabled (GSS harmonised),,,,,,"Rate per 1,000,000 population",Units,Undefined,,16745.3
2016,Headcount (ONS data),Non-disabled (GSS harmonised),,,,,,"Rate per 1,000,000 population",Units,Undefined,,16586.2
2017,Headcount (ONS data),Non-disabled (GSS harmonised),,,,,,"Rate per 1,000,000 population",Units,Undefined,,16327.8
2014,Headcount (ONS data),Disabled (GSS harmonised),,,,,,"Rate per 1,000,000 population",Units,Undefined,,7293.1
2015,Headcount (ONS data),Disabled (GSS harmonised),,,,,,"Rate per 1,000,000 population",Units,Undefined,,8089.2
2016,Headcount (ONS data),Disabled (GSS harmonised),,,,,,"Rate per 1,000,000 population",Units,Undefined,,8042.4
2017,Headcount (ONS data),Disabled (GSS harmonised),,,,,,"Rate per 1,000,000 population",Units,Undefined,,8911.8
2012,Headcount (ONS data),,16 to 24,,,,,"Rate per 1,000,000 population",Units,Undefined,,3245.3
2013,Headcount (ONS data),,16 to 24,,,,,"Rate per 1,000,000 population",Units,Undefined,,3895.5
2014,Headcount (ONS data),,16 to 24,,,,,"Rate per 1,000,000 population",Units,Undefined,,4261.5
2015,Headcount (ONS data),,16 to 24,,,,,"Rate per 1,000,000 population",Units,Undefined,,5221.9
2016,Headcount (ONS data),,16 to 24,,,,,"Rate per 1,000,000 population",Units,Undefined,,5281.5
2017,Headcount (ONS data),,16 to 24,,,,,"Rate per 1,000,000 population",Units,Undefined,,7063.8
2012,Headcount (ONS data),,25 to 34,,,,,"Rate per 1,000,000 population",Units,Undefined,,15112.8
2013,Headcount (ONS data),,25 to 34,,,,,"Rate per 1,000,000 population",Units,Undefined,,17044.0
2014,Headcount (ONS data),,25 to 34,,,,,"Rate per 1,000,000 population",Units,Undefined,,18311.2
2015,Headcount (ONS data),,25 to 34,,,,,"Rate per 1,000,000 population",Units,Undefined,,20256.3
2016,Headcount (ONS data),,25 to 34,,,,,"Rate per 1,000,000 population",Units,Undefined,,21059.7
2017,Headcount (ONS data),,25 to 34,,,,,"Rate per 1,000,000 population",Units,Undefined,,18922.6
2012,Headcount (ONS data),,35 to 44,,,,,"Rate per 1,000,000 population",Units,Undefined,,17619.3
2013,Headcount (ONS data),,35 to 44,,,,,"Rate per 1,000,000 population",Units,Undefined,,16711.5
2014,Headcount (ONS data),,35 to 44,,,,,"Rate per 1,000,000 population",Units,Undefined,,19054.3
2015,Headcount (ONS data),,35 to 44,,,,,"Rate per 1,000,000 population",Units,Undefined,,18886.4
2016,Headcount (ONS data),,35 to 44,,,,,"Rate per 1,000,000 population",Units,Undefined,,18272.5
2017,Headcount (ONS data),,35 to 44,,,,,"Rate per 1,000,000 population",Units,Undefined,,19531.9
2012,Headcount (ONS data),,45 to 54,,,,,"Rate per 1,000,000 population",Units,Undefined,,14410.8
2013,Headcount (ONS data),,45 to 54,,,,,"Rate per 1,000,000 population",Units,Undefined,,14553.0
2014,Headcount (ONS data),,45 to 54,,,,,"Rate per 1,000,000 population",Units,Undefined,,15349.4
2015,Headcount (ONS data),,45 to 54,,,,,"Rate per 1,000,000 population",Units,Undefined,,16730.0
2016,Headcount (ONS data),,45 to 54,,,,,"Rate per 1,000,000 population",Units,Undefined,,15908.5
2017,Headcount (ONS data),,45 to 54,,,,,"Rate per 1,000,000 population",Units,Undefined,,15015.1
2012,Headcount (ONS data),,55 to 64,,,,,"Rate per 1,000,000 population",Units,Undefined,,10754.7
2013,Headcount (ONS data),,55 to 64,,,,,"Rate per 1,000,000 population",Units,Undefined,,10986.1
2014,Headcount (ONS data),,55 to 64,,,,,"Rate per 1,000,000 population",Units,Undefined,,12469.1
2015,Headcount (ONS data),,55 to 64,,,,,"Rate per 1,000,000 population",Units,Undefined,,12638.4
2016,Headcount (ONS data),,55 to 64,,,,,"Rate per 1,000,000 population",Units,Undefined,,12594.4
2017,Headcount (ONS data),,55 to 64,,,,,"Rate per 1,000,000 population",Units,Undefined,,12457.6
2012,Headcount (ONS data),,65 and over,,,,,"Rate per 1,000,000 population",Units,Undefined,,1329.9
2013,Headcount (ONS data),,65 and over,,,,,"Rate per 1,000,000 population",Units,Undefined,,1421.7
2014,Headcount (ONS data),,65 and over,,,,,"Rate per 1,000,000 population",Units,Undefined,,1713.1
2015,Headcount (ONS data),,65 and over,,,,,"Rate per 1,000,000 population",Units,Undefined,,1868.7
2016,Headcount (ONS data),,65 and over,,,,,"Rate per 1,000,000 population",Units,Undefined,,2035.6
2017,Headcount (ONS data),,65 and over,,,,,"Rate per 1,000,000 population",Units,Undefined,,2287.7
2012,Headcount (ONS data),,,Female,,,,"Rate per 1,000,000 population",Units,Undefined,,6397.0
2013,Headcount (ONS data),,,Female,,,,"Rate per 1,000,000 population",Units,Undefined,,6660.9
2014,Headcount (ONS data),,,Female,,,,"Rate per 1,000,000 population",Units,Undefined,,7533.2
2015,Headcount (ONS data),,,Female,,,,"Rate per 1,000,000 population",Units,Undefined,,8392.7
2016,Headcount (ONS data),,,Female,,,,"Rate per 1,000,000 population",Units,Undefined,,8253.5
2017,Headcount (ONS data),,,Female,,,,"Rate per 1,000,000 population",Units,Undefined,,8162.0
2012,Headcount (ONS data),,,Male,,,,"Rate per 1,000,000 population",Units,Undefined,,10275.6
2013,Headcount (ONS data),,,Male,,,,"Rate per 1,000,000 population",Units,Undefined,,10495.1
2014,Headcount (ONS data),,,Male,,,,"Rate per 1,000,000 population",Units,Undefined,,11265.9
2015,Headcount (ONS data),,,Male,,,,"Rate per 1,000,000 population",Units,Undefined,,11548.5
2016,Headcount (ONS data),,,Male,,,,"Rate per 1,000,000 population",Units,Undefined,,11548.9
2017,Headcount (ONS data),,,Male,,,,"Rate per 1,000,000 population",Units,Undefined,,11531.7
2012,Headcount (ONS data),,,,East,,,"Rate per 1,000,000 population",Units,Undefined,E12000006,9398.6
2013,Headcount (ONS data),,,,East,,,"Rate per 1,000,000 population",Units,Undefined,E12000006,9800.6
2014,Headcount (ONS data),,,,East,,,"Rate per 1,000,000 population",Units,Undefined,E12000006,10185.0
2015,Headcount (ONS data),,,,East,,,"Rate per 1,000,000 population",Units,Undefined,E12000006,12532.0
2016,Headcount (ONS data),,,,East,,,"Rate per 1,000,000 population",Units,Undefined,E12000006,11115.2
2017,Headcount (ONS data),,,,East,,,"Rate per 1,000,000 population",Units,Undefined,E12000006,9519.1
2012,Headcount (ONS data),,,,East Midlands,,,"Rate per 1,000,000 population",Units,Undefined,E12000004,6179.7
2013,Headcount (ONS data),,,,East Midlands,,,"Rate per 1,000,000 population",Units,Undefined,E12000004,9679.8
2014,Headcount (ONS data),,,,East Midlands,,,"Rate per 1,000,000 population",Units,Undefined,E12000004,9713.5
2015,Headcount (ONS data),,,,East Midlands,,,"Rate per 1,000,000 population",Units,Undefined,E12000004,9399.8
2016,Headcount (ONS data),,,,East Midlands,,,"Rate per 1,000,000 population",Units,Undefined,E12000004,9362.4
2017,Headcount (ONS data),,,,East Midlands,,,"Rate per 1,000,000 population",Units,Undefined,E12000004,9324.7
2012,Headcount (ONS data),,,,London,,,"Rate per 1,000,000 population",Units,Undefined,E12000007,8816.0
2013,Headcount (ONS data),,,,London,,,"Rate per 1,000,000 population",Units,Undefined,E12000007,9240.4
2014,Headcount (ONS data),,,,London,,,"Rate per 1,000,000 population",Units,Undefined,E12000007,11338.2
2015,Headcount (ONS data),,,,London,,,"Rate per 1,000,000 population",Units,Undefined,E12000007,10132.3
2016,Headcount (ONS data),,,,London,,,"Rate per 1,000,000 population",Units,Undefined,E12000007,11089.2
2017,Headcount (ONS data),,,,London,,,"Rate per 1,000,000 population",Units,Undefined,E12000007,11724.0
2012,Headcount (ONS data),,,,North East,,,"Rate per 1,000,000 population",Units,Undefined,E12000001,6966.3
2013,Headcount (ONS data),,,,North East,,,"Rate per 1,000,000 population",Units,Undefined,E12000001,6931.9
2014,Headcount (ONS data),,,,North East,,,"Rate per 1,000,000 population",Units,Undefined,E12000001,7943.6
2015,Headcount (ONS data),,,,North East,,,"Rate per 1,000,000 population",Units,Undefined,E12000001,8303.5
2016,Headcount (ONS data),,,,North East,,,"Rate per 1,000,000 population",Units,Undefined,E12000001,9447.0
2017,Headcount (ONS data),,,,North East,,,"Rate per 1,000,000 population",Units,Undefined,E12000001,8988.2
2012,Headcount (ONS data),,,,North West,,,"Rate per 1,000,000 population",Units,Undefined,E12000002,7562.3
2013,Headcount (ONS data),,,,North West,,,"Rate per 1,000,000 population",Units,Undefined,E12000002,7344.3
2014,Headcount (ONS data),,,,North West,,,"Rate per 1,000,000 population",Units,Undefined,E12000002,8576.6
2015,Headcount (ONS data),,,,North West,,,"Rate per 1,000,000 population",Units,Undefined,E12000002,9283.4
2016,Headcount (ONS data),,,,North West,,,"Rate per 1,000,000 population",Units,Undefined,E12000002,8028.3
2017,Headcount (ONS data),,,,North West,,,"Rate per 1,000,000 population",Units,Undefined,E12000002,8255.7
2012,Headcount (ONS data),,,,Northern Ireland,,,"Rate per 1,000,000 population",Units,Undefined,N92000002,7076.7
2013,Headcount (ONS data),,,,Northern Ireland,,,"Rate per 1,000,000 population",Units,Undefined,N92000002,5615.0
2014,Headcount (ONS data),,,,Northern Ireland,,,"Rate per 1,000,000 population",Units,Undefined,N92000002,6701.4
2015,Headcount (ONS data),,,,Northern Ireland,,,"Rate per 1,000,000 population",Units,Undefined,N92000002,7528.1
2016,Headcount (ONS data),,,,Northern Ireland,,,"Rate per 1,000,000 population",Units,Undefined,N92000002,7823.9
2017,Headcount (ONS data),,,,Northern Ireland,,,"Rate per 1,000,000 population",Units,Undefined,N92000002,6037.2
2012,Headcount (ONS data),,,,Scotland,,,"Rate per 1,000,000 population",Units,Undefined,S92000003,9023.7
2013,Headcount (ONS data),,,,Scotland,,,"Rate per 1,000,000 population",Units,Undefined,S92000003,9630.8
2014,Headcount (ONS data),,,,Scotland,,,"Rate per 1,000,000 population",Units,Undefined,S92000003,9912.6
2015,Headcount (ONS data),,,,Scotland,,,"Rate per 1,000,000 population",Units,Undefined,S92000003,11114.5
2016,Headcount (ONS data),,,,Scotland,,,"Rate per 1,000,000 population",Units,Undefined,S92000003,11173.8
2017,Headcount (ONS data),,,,Scotland,,,"Rate per 1,000,000 population",Units,Undefined,S92000003,11924.5
2012,Headcount (ONS data),,,,South East,,,"Rate per 1,000,000 population",Units,Undefined,E12000008,9472.7
2013,Headcount (ONS data),,,,South East,,,"Rate per 1,000,000 population",Units,Undefined,E12000008,9642.2
2014,Headcount (ONS data),,,,South East,,,"Rate per 1,000,000 population",Units,Undefined,E12000008,10952.2
2015,Headcount (ONS data),,,,South East,,,"Rate per 1,000,000 population",Units,Undefined,E12000008,12087.7
2016,Headcount (ONS data),,,,South East,,,"Rate per 1,000,000 population",Units,Undefined,E12000008,11330.5
2017,Headcount (ONS data),,,,South East,,,"Rate per 1,000,000 population",Units,Undefined,E12000008,11082.1
2012,Headcount (ONS data),,,,South West,,,"Rate per 1,000,000 population",Units,Undefined,E12000009,8230.5
2013,Headcount (ONS data),,,,South West,,,"Rate per 1,000,000 population",Units,Undefined,E12000009,7778.7
2014,Headcount (ONS data),,,,South West,,,"Rate per 1,000,000 population",Units,Undefined,E12000009,9327.2
2015,Headcount (ONS data),,,,South West,,,"Rate per 1,000,000 population",Units,Undefined,E12000009,10548.3
2016,Headcount (ONS data),,,,South West,,,"Rate per 1,000,000 population",Units,Undefined,E12000009,9386.7
2017,Headcount (ONS data),,,,South West,,,"Rate per 1,000,000 population",Units,Undefined,E12000009,10456.8
2012,Headcount (ONS data),,,,Wales,,,"Rate per 1,000,000 population",Units,Undefined,W92000004,7626.9
2013,Headcount (ONS data),,,,Wales,,,"Rate per 1,000,000 population",Units,Undefined,W92000004,7703.5
2014,Headcount (ONS data),,,,Wales,,,"Rate per 1,000,000 population",Units,Undefined,W92000004,8097.5
2015,Headcount (ONS data),,,,Wales,,,"Rate per 1,000,000 population",Units,Undefined,W92000004,7904.5
2016,Headcount (ONS data),,,,Wales,,,"Rate per 1,000,000 population",Units,Undefined,W92000004,8430.3
2017,Headcount (ONS data),,,,Wales,,,"Rate per 1,000,000 population",Units,Undefined,W92000004,7633.8
2012,Headcount (ONS data),,,,West Midlands,,,"Rate per 1,000,000 population",Units,Undefined,E12000005,8166.1
2013,Headcount (ONS data),,,,West Midlands,,,"Rate per 1,000,000 population",Units,Undefined,E12000005,7099.4
2014,Headcount (ONS data),,,,West Midlands,,,"Rate per 1,000,000 population",Units,Undefined,E12000005,7324.5
2015,Headcount (ONS data),,,,West Midlands,,,"Rate per 1,000,000 population",Units,Undefined,E12000005,7114.1
2016,Headcount (ONS data),,,,West Midlands,,,"Rate per 1,000,000 population",Units,Undefined,E12000005,7868.1
2017,Headcount (ONS data),,,,West Midlands,,,"Rate per 1,000,000 population",Units,Undefined,E12000005,7988.1
2012,Headcount (ONS data),,,,Yorkshire and The Humber,,,"Rate per 1,000,000 population",Units,Undefined,E12000003,8144.6
2013,Headcount (ONS data),,,,Yorkshire and The Humber,,,"Rate per 1,000,000 population",Units,Undefined,E12000003,8386.0
2014,Headcount (ONS data),,,,Yorkshire and The Humber,,,"Rate per 1,000,000 population",Units,Undefined,E12000003,7487.1
2015,Headcount (ONS data),,,,Yorkshire and The Humber,,,"Rate per 1,000,000 population",Units,Undefined,E12000003,8613.0
2016,Headcount (ONS data),,,,Yorkshire and The Humber,,,"Rate per 1,000,000 population",Units,Undefined,E12000003,10096.6
2017,Headcount (ONS data),,,,Yorkshire and The Humber,,,"Rate per 1,000,000 population",Units,Undefined,E12000003,9664.6
2012,Headcount (ONS data),,,,,Born in UK,,"Rate per 1,000,000 population",Units,Undefined,,7570.3
2013,Headcount (ONS data),,,,,Born in UK,,"Rate per 1,000,000 population",Units,Undefined,,7657.7
2014,Headcount (ONS data),,,,,Born in UK,,"Rate per 1,000,000 population",Units,Undefined,,8288.3
2015,Headcount (ONS data),,,,,Born in UK,,"Rate per 1,000,000 population",Units,Undefined,,8793.7
2016,Headcount (ONS data),,,,,Born in UK,,"Rate per 1,000,000 population",Units,Undefined,,8613.4
2017,Headcount (ONS data),,,,,Born in UK,,"Rate per 1,000,000 population",Units,Undefined,,8684.6
2012,Headcount (ONS data),,,,,Born in European Economic Area,,"Rate per 1,000,000 population",Units,Undefined,,16319.5
2013,Headcount (ONS data),,,,,Born in European Economic Area,,"Rate per 1,000,000 population",Units,Undefined,,15673.5
2014,Headcount (ONS data),,,,,Born in European Economic Area,,"Rate per 1,000,000 population",Units,Undefined,,17715.8
2015,Headcount (ONS data),,,,,Born in European Economic Area,,"Rate per 1,000,000 population",Units,Undefined,,17074.6
2016,Headcount (ONS data),,,,,Born in European Economic Area,,"Rate per 1,000,000 population",Units,Undefined,,18331.8
2017,Headcount (ONS data),,,,,Born in European Economic Area,,"Rate per 1,000,000 population",Units,Undefined,,17996.1
2012,Headcount (ONS data),,,,,Other country of birth,,"Rate per 1,000,000 population",Units,Undefined,,12041.0
2013,Headcount (ONS data),,,,,Other country of birth,,"Rate per 1,000,000 population",Units,Undefined,,14332.4
2014,Headcount (ONS data),,,,,Other country of birth,,"Rate per 1,000,000 population",Units,Undefined,,15898.0
2015,Headcount (ONS data),,,,,Other country of birth,,"Rate per 1,000,000 population",Units,Undefined,,17730.1
2016,Headcount (ONS data),,,,,Other country of birth,,"Rate per 1,000,000 population",Units,Undefined,,17104.5
2017,Headcount (ONS data),,,,,Other country of birth,,"Rate per 1,000,000 population",Units,Undefined,,15708.5
2012,Headcount (ONS data),,,,,,UK nationality,"Rate per 1,000,000 population",Units,Undefined,,7781.6
2013,Headcount (ONS data),,,,,,UK nationality,"Rate per 1,000,000 population",Units,Undefined,,7993.3
2014,Headcount (ONS data),,,,,,UK nationality,"Rate per 1,000,000 population",Units,Undefined,,8650.9
2015,Headcount (ONS data),,,,,,UK nationality,"Rate per 1,000,000 population",Units,Undefined,,9181.0
2016,Headcount (ONS data),,,,,,UK nationality,"Rate per 1,000,000 population",Units,Undefined,,9018.0
2017,Headcount (ONS data),,,,,,UK nationality,"Rate per 1,000,000 population",Units,Undefined,,9099.2
2012,Headcount (ONS data),,,,,,European Economic Area nationality,"Rate per 1,000,000 population",Units,Undefined,,15871.8
2013,Headcount (ONS data),,,,,,European Economic Area nationality,"Rate per 1,000,000 population",Units,Undefined,,15387.5
2014,Headcount (ONS data),,,,,,European Economic Area nationality,"Rate per 1,000,000 population",Units,Undefined,,16600.7
2015,Headcount (ONS data),,,,,,European Economic Area nationality,"Rate per 1,000,000 population",Units,Undefined,,16033.3
2016,Headcount (ONS data),,,,,,European Economic Area nationality,"Rate per 1,000,000 population",Units,Undefined,,17210.2
2017,Headcount (ONS data),,,,,,European Economic Area nationality,"Rate per 1,000,000 population",Units,Undefined,,16748.1
2012,Headcount (ONS data),,,,,,Other nationality,"Rate per 1,000,000 population",Units,Undefined,,13121.0
2013,Headcount (ONS data),,,,,,Other nationality,"Rate per 1,000,000 population",Units,Undefined,,14672.5
2014,Headcount (ONS data),,,,,,Other nationality,"Rate per 1,000,000 population",Units,Undefined,,17891.0
2015,Headcount (ONS data),,,,,,Other nationality,"Rate per 1,000,000 population",Units,Undefined,,20786.6
2016,Headcount (ONS data),,,,,,Other nationality,"Rate per 1,000,000 population",Units,Undefined,,19958.5
2017,Headcount (ONS data),,,,,,Other nationality,"Rate per 1,000,000 population",Units,Undefined,,16571.2
2012,Headcount (ONS data),,,,,,,"Rate per 1,000,000 population",Units,Undefined,,8302.9
2013,Headcount (ONS data),,,,,,,"Rate per 1,000,000 population",Units,Undefined,,8546.2
2014,Headcount (ONS data),,,,,,,"Rate per 1,000,000 population",Units,Undefined,,9369.7
2015,Headcount (ONS data),,,,,,,"Rate per 1,000,000 population",Units,Undefined,,9946.7
2016,Headcount (ONS data),,,,,,,"Rate per 1,000,000 population",Units,Undefined,,9877.9
2017,Headcount (ONS data),,,,,,,"Rate per 1,000,000 population",Units,Undefined,,9824.2
2000,Full time equivalent (World Bank Data),,,,,,,"Rate per 1,000,000 population",Units,Undefined,,2893.16262
2001,Full time equivalent (World Bank Data),,,,,,,"Rate per 1,000,000 population",Units,Undefined,,3079.38906
2002,Full time equivalent (World Bank Data),,,,,,,"Rate per 1,000,000 population",Units,Undefined,,3338.94652
2003,Full time equivalent (World Bank Data),,,,,,,"Rate per 1,000,000 population",Units,Undefined,,3636.94298
2004,Full time equivalent (World Bank Data),,,,,,,"Rate per 1,000,000 population",Units,Undefined,,3823.53551
2005,Full time equivalent (World Bank Data),,,,,,,"Rate per 1,000,000 population",Units,Undefined,,4123.61395
2006,Full time equivalent (World Bank Data),,,,,,,"Rate per 1,000,000 population",Units,Undefined,,4177.58715
2007,Full time equivalent (World Bank Data),,,,,,,"Rate per 1,000,000 population",Units,Undefined,,4113.85164
2008,Full time equivalent (World Bank Data),,,,,,,"Rate per 1,000,000 population",Units,Undefined,,4058.42521
2009,Full time equivalent (World Bank Data),,,,,,,"Rate per 1,000,000 population",Units,Undefined,,4083.44176
2010,Full time equivalent (World Bank Data),,,,,,,"Rate per 1,000,000 population",Units,Undefined,,4053.03668
2011,Full time equivalent (World Bank Data),,,,,,,"Rate per 1,000,000 population",Units,Undefined,,3939.04069
2012,Full time equivalent (World Bank Data),,,,,,,"Rate per 1,000,000 population",Units,Undefined,,3986.84956
2013,Full time equivalent (World Bank Data),,,,,,,"Rate per 1,000,000 population",Units,Undefined,,4141.30419
2014,Full time equivalent (World Bank Data),,,,,,,"Rate per 1,000,000 population",Units,Undefined,,4254.10877
2015,Full time equivalent (World Bank Data),,,,,,,"Rate per 1,000,000 population",Units,Undefined,,4350.08719
2016,Full time equivalent (World Bank Data),,,,,,,"Rate per 1,000,000 population",Units,Undefined,,4429.5838
