Year,Sex,Age,Observation status,Unit multiplier,Unit measure,Value
2005,,,Undefined,Units,Percentage (%),11.8
2006,,,Undefined,Units,Percentage (%),11.8
2007,,,Undefined,Units,Percentage (%),11.2
2008,,,Undefined,Units,Percentage (%),11.3
2009,,,Undefined,Units,Percentage (%),10.2
2010,,,Undefined,Units,Percentage (%),9.9
2011,,,Undefined,Units,Percentage (%),9.4
2012,,,Undefined,Units,Percentage (%),9.2
2013,,,Undefined,Units,Percentage (%),9.0
2014,,,Undefined,Units,Percentage (%),9.5
2015,,,Undefined,Units,Percentage (%),9.7
2016,,,Undefined,Units,Percentage (%),9.9
2005,,15 and under,Undefined,Units,Percentage (%),13.6
2005,,16 to 24,Undefined,Units,Percentage (%),17.3
2005,,25 to 49,Undefined,Units,Percentage (%),8.9
2005,,50 to 64,Undefined,Units,Percentage (%),10.4
2005,,65 and over,Undefined,Units,Percentage (%),13.7
2006,,15 and under,Undefined,Units,Percentage (%),14.5
2006,,16 to 24,Undefined,Units,Percentage (%),14.2
2006,,25 to 49,Undefined,Units,Percentage (%),8.8
2006,,50 to 64,Undefined,Units,Percentage (%),11.1
2006,,65 and over,Undefined,Units,Percentage (%),14.0
2007,,15 and under,Undefined,Units,Percentage (%),13.3
2007,,16 to 24,Undefined,Units,Percentage (%),13.2
2007,,25 to 49,Undefined,Units,Percentage (%),8.3
2007,,50 to 64,Undefined,Units,Percentage (%),9.8
2007,,65 and over,Undefined,Units,Percentage (%),15.0
2008,,15 and under,Undefined,Units,Percentage (%),13.7
2008,,16 to 24,Undefined,Units,Percentage (%),12.5
2008,,25 to 49,Undefined,Units,Percentage (%),8.4
2008,,50 to 64,Undefined,Units,Percentage (%),10.0
2008,,65 and over,Undefined,Units,Percentage (%),15.3
2009,,15 and under,Undefined,Units,Percentage (%),12.2
2009,,16 to 24,Undefined,Units,Percentage (%),13.0
2009,,25 to 49,Undefined,Units,Percentage (%),8.3
2009,,50 to 64,Undefined,Units,Percentage (%),8.8
2009,,65 and over,Undefined,Units,Percentage (%),11.7
2010,,15 and under,Undefined,Units,Percentage (%),9.9
2010,,16 to 24,Undefined,Units,Percentage (%),11.9
2010,,25 to 49,Undefined,Units,Percentage (%),8.1
2010,,50 to 64,Undefined,Units,Percentage (%),9.8
2010,,65 and over,Undefined,Units,Percentage (%),12.1
2011,,15 and under,Undefined,Units,Percentage (%),9.5
2011,,16 to 24,Undefined,Units,Percentage (%),11.2
2011,,25 to 49,Undefined,Units,Percentage (%),7.4
2011,,50 to 64,Undefined,Units,Percentage (%),9.1
2011,,65 and over,Undefined,Units,Percentage (%),12.4
2012,,15 and under,Undefined,Units,Percentage (%),8.2
2012,,16 to 24,Undefined,Units,Percentage (%),15.1
2012,,25 to 49,Undefined,Units,Percentage (%),7.2
2012,,50 to 64,Undefined,Units,Percentage (%),9.8
2012,,65 and over,Undefined,Units,Percentage (%),9.3
2013,,15 and under,Undefined,Units,Percentage (%),8.8
2013,,16 to 24,Undefined,Units,Percentage (%),13.3
2013,,25 to 49,Undefined,Units,Percentage (%),7.3
2013,,50 to 64,Undefined,Units,Percentage (%),9.8
2013,,65 and over,Undefined,Units,Percentage (%),9.0
2014,,15 and under,Undefined,Units,Percentage (%),9.7
2014,,16 to 24,Undefined,Units,Percentage (%),14.1
2014,,25 to 49,Undefined,Units,Percentage (%),7.7
2014,,50 to 64,Undefined,Units,Percentage (%),9.6
2014,,65 and over,Undefined,Units,Percentage (%),9.8
2015,,15 and under,Undefined,Units,Percentage (%),9.2
2015,,16 to 24,Undefined,Units,Percentage (%),14.7
2015,,25 to 49,Undefined,Units,Percentage (%),8.2
2015,,50 to 64,Undefined,Units,Percentage (%),10.0
2015,,65 and over,Undefined,Units,Percentage (%),9.8
2016,,15 and under,Undefined,Units,Percentage (%),9.9
2016,,16 to 24,Undefined,Units,Percentage (%),13.6
2016,,25 to 49,Undefined,Units,Percentage (%),8.3
2016,,50 to 64,Undefined,Units,Percentage (%),10.2
2016,,65 and over,Undefined,Units,Percentage (%),10.0
2005,Male,,Undefined,Units,Percentage (%),11.9
2005,Male,15 and under,Undefined,Units,Percentage (%),14.4
2005,Male,16 to 24,Undefined,Units,Percentage (%),19.5
2005,Male,25 to 49,Undefined,Units,Percentage (%),8.5
2005,Male,50 to 64,Undefined,Units,Percentage (%),10.9
2005,Male,65 and over,Undefined,Units,Percentage (%),11.7
2006,Male,,Undefined,Units,Percentage (%),11.1
2006,Male,15 and under,Undefined,Units,Percentage (%),14.2
2006,Male,16 to 24,Undefined,Units,Percentage (%),13.2
2006,Male,25 to 49,Undefined,Units,Percentage (%),8.4
2006,Male,50 to 64,Undefined,Units,Percentage (%),11.2
2006,Male,65 and over,Undefined,Units,Percentage (%),11.5
2007,Male,,Undefined,Units,Percentage (%),10.6
2007,Male,15 and under,Undefined,Units,Percentage (%),13.4
2007,Male,16 to 24,Undefined,Units,Percentage (%),12.0
2007,Male,25 to 49,Undefined,Units,Percentage (%),8.3
2007,Male,50 to 64,Undefined,Units,Percentage (%),9.7
2007,Male,65 and over,Undefined,Units,Percentage (%),12.4
2008,Male,,Undefined,Units,Percentage (%),10.5
2008,Male,15 and under,Undefined,Units,Percentage (%),13.0
2008,Male,16 to 24,Undefined,Units,Percentage (%),11.5
2008,Male,25 to 49,Undefined,Units,Percentage (%),8.2
2008,Male,50 to 64,Undefined,Units,Percentage (%),10.3
2008,Male,65 and over,Undefined,Units,Percentage (%),12.3
2009,Male,,Undefined,Units,Percentage (%),9.8
2009,Male,15 and under,Undefined,Units,Percentage (%),11.1
2009,Male,16 to 24,Undefined,Units,Percentage (%),12.9
2009,Male,25 to 49,Undefined,Units,Percentage (%),8.4
2009,Male,50 to 64,Undefined,Units,Percentage (%),9.4
2009,Male,65 and over,Undefined,Units,Percentage (%),9.8
2010,Male,,Undefined,Units,Percentage (%),9.8
2010,Male,15 and under,Undefined,Units,Percentage (%),10.3
2010,Male,16 to 24,Undefined,Units,Percentage (%),13.9
2010,Male,25 to 49,Undefined,Units,Percentage (%),7.8
2010,Male,50 to 64,Undefined,Units,Percentage (%),10.4
2010,Male,65 and over,Undefined,Units,Percentage (%),9.6
2011,Male,,Undefined,Units,Percentage (%),8.6
2011,Male,15 and under,Undefined,Units,Percentage (%),9.5
2011,Male,16 to 24,Undefined,Units,Percentage (%),9.2
2011,Male,25 to 49,Undefined,Units,Percentage (%),7.2
2011,Male,50 to 64,Undefined,Units,Percentage (%),9.1
2011,Male,65 and over,Undefined,Units,Percentage (%),9.7
2012,Male,,Undefined,Units,Percentage (%),9.4
2012,Male,15 and under,Undefined,Units,Percentage (%),8.0
2012,Male,16 to 24,Undefined,Units,Percentage (%),17.7
2012,Male,25 to 49,Undefined,Units,Percentage (%),7.4
2012,Male,50 to 64,Undefined,Units,Percentage (%),9.8
2012,Male,65 and over,Undefined,Units,Percentage (%),8.4
2013,Male,,Undefined,Units,Percentage (%),8.8
2013,Male,15 and under,Undefined,Units,Percentage (%),8.7
2013,Male,16 to 24,Undefined,Units,Percentage (%),13.1
2013,Male,25 to 49,Undefined,Units,Percentage (%),7.1
2013,Male,50 to 64,Undefined,Units,Percentage (%),10.7
2013,Male,65 and over,Undefined,Units,Percentage (%),7.3
2014,Male,,Undefined,Units,Percentage (%),9.0
2014,Male,15 and under,Undefined,Units,Percentage (%),9.6
2014,Male,16 to 24,Undefined,Units,Percentage (%),12.2
2014,Male,25 to 49,Undefined,Units,Percentage (%),7.9
2014,Male,50 to 64,Undefined,Units,Percentage (%),9.7
2014,Male,65 and over,Undefined,Units,Percentage (%),7.6
2015,Male,,Undefined,Units,Percentage (%),9.6
2015,Male,15 and under,Undefined,Units,Percentage (%),8.6
2015,Male,16 to 24,Undefined,Units,Percentage (%),15.3
2015,Male,25 to 49,Undefined,Units,Percentage (%),8.5
2015,Male,50 to 64,Undefined,Units,Percentage (%),9.9
2015,Male,65 and over,Undefined,Units,Percentage (%),8.6
2016,Male,,Undefined,Units,Percentage (%),9.6
2016,Male,15 and under,Undefined,Units,Percentage (%),9.9
2016,Male,16 to 24,Undefined,Units,Percentage (%),12.5
2016,Male,25 to 49,Undefined,Units,Percentage (%),8.6
2016,Male,50 to 64,Undefined,Units,Percentage (%),10.6
2016,Male,65 and over,Undefined,Units,Percentage (%),8.3
2005,Female,,Undefined,Units,Percentage (%),11.7
2005,Female,15 and under,Undefined,Units,Percentage (%),12.9
2005,Female,16 to 24,Undefined,Units,Percentage (%),15.1
2005,Female,25 to 49,Undefined,Units,Percentage (%),9.2
2005,Female,50 to 64,Undefined,Units,Percentage (%),9.9
2005,Female,65 and over,Undefined,Units,Percentage (%),15.2
2006,Female,,Undefined,Units,Percentage (%),12.4
2006,Female,15 and under,Undefined,Units,Percentage (%),14.8
2006,Female,16 to 24,Undefined,Units,Percentage (%),15.4
2006,Female,25 to 49,Undefined,Units,Percentage (%),9.2
2006,Female,50 to 64,Undefined,Units,Percentage (%),11.0
2006,Female,65 and over,Undefined,Units,Percentage (%),15.9
2007,Female,,Undefined,Units,Percentage (%),11.7
2007,Female,15 and under,Undefined,Units,Percentage (%),13.3
2007,Female,16 to 24,Undefined,Units,Percentage (%),14.5
2007,Female,25 to 49,Undefined,Units,Percentage (%),8.4
2007,Female,50 to 64,Undefined,Units,Percentage (%),9.8
2007,Female,65 and over,Undefined,Units,Percentage (%),17.0
2008,Female,,Undefined,Units,Percentage (%),12.0
2008,Female,15 and under,Undefined,Units,Percentage (%),14.6
2008,Female,16 to 24,Undefined,Units,Percentage (%),13.6
2008,Female,25 to 49,Undefined,Units,Percentage (%),8.5
2008,Female,50 to 64,Undefined,Units,Percentage (%),9.7
2008,Female,65 and over,Undefined,Units,Percentage (%),17.7
2009,Female,,Undefined,Units,Percentage (%),10.6
2009,Female,15 and under,Undefined,Units,Percentage (%),13.4
2009,Female,16 to 24,Undefined,Units,Percentage (%),13.2
2009,Female,25 to 49,Undefined,Units,Percentage (%),8.3
2009,Female,50 to 64,Undefined,Units,Percentage (%),8.1
2009,Female,65 and over,Undefined,Units,Percentage (%),13.3
2010,Female,,Undefined,Units,Percentage (%),9.9
2010,Female,15 and under,Undefined,Units,Percentage (%),9.4
2010,Female,16 to 24,Undefined,Units,Percentage (%),9.8
2010,Female,25 to 49,Undefined,Units,Percentage (%),8.4
2010,Female,50 to 64,Undefined,Units,Percentage (%),9.2
2010,Female,65 and over,Undefined,Units,Percentage (%),14.1
2011,Female,,Undefined,Units,Percentage (%),10.1
2011,Female,15 and under,Undefined,Units,Percentage (%),9.6
2011,Female,16 to 24,Undefined,Units,Percentage (%),13.2
2011,Female,25 to 49,Undefined,Units,Percentage (%),7.5
2011,Female,50 to 64,Undefined,Units,Percentage (%),9.0
2011,Female,65 and over,Undefined,Units,Percentage (%),14.6
2012,Female,,Undefined,Units,Percentage (%),9.0
2012,Female,15 and under,Undefined,Units,Percentage (%),8.5
2012,Female,16 to 24,Undefined,Units,Percentage (%),12.4
2012,Female,25 to 49,Undefined,Units,Percentage (%),7.0
2012,Female,50 to 64,Undefined,Units,Percentage (%),9.9
2012,Female,65 and over,Undefined,Units,Percentage (%),10.0
2013,Female,,Undefined,Units,Percentage (%),9.2
2013,Female,15 and under,Undefined,Units,Percentage (%),8.8
2013,Female,16 to 24,Undefined,Units,Percentage (%),13.6
2013,Female,25 to 49,Undefined,Units,Percentage (%),7.5
2013,Female,50 to 64,Undefined,Units,Percentage (%),9.0
2013,Female,65 and over,Undefined,Units,Percentage (%),10.5
2014,Female,,Undefined,Units,Percentage (%),10.0
2014,Female,15 and under,Undefined,Units,Percentage (%),9.8
2014,Female,16 to 24,Undefined,Units,Percentage (%),16.2
2014,Female,25 to 49,Undefined,Units,Percentage (%),7.5
2014,Female,50 to 64,Undefined,Units,Percentage (%),9.5
2014,Female,65 and over,Undefined,Units,Percentage (%),11.6
2015,Female,,Undefined,Units,Percentage (%),9.8
2015,Female,15 and under,Undefined,Units,Percentage (%),9.8
2015,Female,16 to 24,Undefined,Units,Percentage (%),14.2
2015,Female,25 to 49,Undefined,Units,Percentage (%),7.8
2015,Female,50 to 64,Undefined,Units,Percentage (%),10.1
2015,Female,65 and over,Undefined,Units,Percentage (%),10.8
2016,Female,,Undefined,Units,Percentage (%),10.1
2016,Female,15 and under,Undefined,Units,Percentage (%),9.8
2016,Female,16 to 24,Undefined,Units,Percentage (%),14.6
2016,Female,25 to 49,Undefined,Units,Percentage (%),8.1
2016,Female,50 to 64,Undefined,Units,Percentage (%),9.9
2016,Female,65 and over,Undefined,Units,Percentage (%),11.5
