Year,Units,Domestic consumption category,Observation status,Unit multiplier,Unit measure,Value
2000,Tonnes per capita,,Undefined,Units,Tonnes per capita,12.54356291
2001,Tonnes per capita,,Undefined,Units,Tonnes per capita,12.57532522
2002,Tonnes per capita,,Undefined,Units,Tonnes per capita,12.16273538
2003,Tonnes per capita,,Undefined,Units,Tonnes per capita,12.12291089
2004,Tonnes per capita,,Undefined,Units,Tonnes per capita,12.54444674
2005,Tonnes per capita,,Undefined,Units,Tonnes per capita,12.12691742
2006,Tonnes per capita,,Undefined,Units,Tonnes per capita,11.90200749
2007,Tonnes per capita,,Undefined,Units,Tonnes per capita,11.72258073
2008,Tonnes per capita,,Undefined,Units,Tonnes per capita,10.91887105
2009,Tonnes per capita,,Undefined,Units,Tonnes per capita,9.52343942
2010,Tonnes per capita,,Undefined,Units,Tonnes per capita,9.192942901
2011,Tonnes per capita,,Undefined,Units,Tonnes per capita,9.198323144
2012,Tonnes per capita,,Undefined,Units,Tonnes per capita,8.844401538
2013,Tonnes per capita,,Undefined,Units,Tonnes per capita,8.894198176
2014,Tonnes per capita,,Undefined,Units,Tonnes per capita,9.155023159
2015,Tonnes per capita,,Undefined,Units,Tonnes per capita,8.850832437000001
2000,Tonnes per capita,Biomass,Undefined,Units,Tonnes per capita,3.008888345
2001,Tonnes per capita,Biomass,Undefined,Units,Tonnes per capita,2.8880483139999997
2002,Tonnes per capita,Biomass,Undefined,Units,Tonnes per capita,2.979528583
2003,Tonnes per capita,Biomass,Undefined,Units,Tonnes per capita,2.888853676
2004,Tonnes per capita,Biomass,Undefined,Units,Tonnes per capita,2.937561718
2005,Tonnes per capita,Biomass,Undefined,Units,Tonnes per capita,2.882360341
2006,Tonnes per capita,Biomass,Undefined,Units,Tonnes per capita,2.789559259
2007,Tonnes per capita,Biomass,Undefined,Units,Tonnes per capita,2.668992206
2008,Tonnes per capita,Biomass,Undefined,Units,Tonnes per capita,2.7680440219999998
2009,Tonnes per capita,Biomass,Undefined,Units,Tonnes per capita,2.659779475
2010,Tonnes per capita,Biomass,Undefined,Units,Tonnes per capita,2.592780376
2011,Tonnes per capita,Biomass,Undefined,Units,Tonnes per capita,2.6377994190000003
2012,Tonnes per capita,Biomass,Undefined,Units,Tonnes per capita,2.5269335219999998
2013,Tonnes per capita,Biomass,Undefined,Units,Tonnes per capita,2.684110773
2014,Tonnes per capita,Biomass,Undefined,Units,Tonnes per capita,2.835425284
2015,Tonnes per capita,Biomass,Undefined,Units,Tonnes per capita,2.660704961
2000,Tonnes per capita,Metal ores,Undefined,Units,Tonnes per capita,0.291260586
2001,Tonnes per capita,Metal ores,Undefined,Units,Tonnes per capita,0.347226498
2002,Tonnes per capita,Metal ores,Undefined,Units,Tonnes per capita,0.321064184
2003,Tonnes per capita,Metal ores,Undefined,Units,Tonnes per capita,0.294603826
2004,Tonnes per capita,Metal ores,Undefined,Units,Tonnes per capita,0.32595612399999996
2005,Tonnes per capita,Metal ores,Undefined,Units,Tonnes per capita,0.28884037100000004
2006,Tonnes per capita,Metal ores,Undefined,Units,Tonnes per capita,0.300816577
2007,Tonnes per capita,Metal ores,Undefined,Units,Tonnes per capita,0.338338299
2008,Tonnes per capita,Metal ores,Undefined,Units,Tonnes per capita,0.25258880899999997
2009,Tonnes per capita,Metal ores,Undefined,Units,Tonnes per capita,0.101679235
2010,Tonnes per capita,Metal ores,Undefined,Units,Tonnes per capita,0.152721102
2011,Tonnes per capita,Metal ores,Undefined,Units,Tonnes per capita,0.143801622
2012,Tonnes per capita,Metal ores,Undefined,Units,Tonnes per capita,0.156712974
2013,Tonnes per capita,Metal ores,Undefined,Units,Tonnes per capita,0.200294202
2014,Tonnes per capita,Metal ores,Undefined,Units,Tonnes per capita,0.23368340199999998
2015,Tonnes per capita,Metal ores,Undefined,Units,Tonnes per capita,0.212222393
2000,Tonnes per capita,Non-metal minerals,Undefined,Units,Tonnes per capita,5.11667779
2001,Tonnes per capita,Non-metal minerals,Undefined,Units,Tonnes per capita,5.196237714
2002,Tonnes per capita,Non-metal minerals,Undefined,Units,Tonnes per capita,4.925296931
2003,Tonnes per capita,Non-metal minerals,Undefined,Units,Tonnes per capita,4.8046018639999994
2004,Tonnes per capita,Non-metal minerals,Undefined,Units,Tonnes per capita,4.985506352
2005,Tonnes per capita,Non-metal minerals,Undefined,Units,Tonnes per capita,4.761552506
2006,Tonnes per capita,Non-metal minerals,Undefined,Units,Tonnes per capita,4.728295447
2007,Tonnes per capita,Non-metal minerals,Undefined,Units,Tonnes per capita,4.77165353
2008,Tonnes per capita,Non-metal minerals,Undefined,Units,Tonnes per capita,4.193373749
2009,Tonnes per capita,Non-metal minerals,Undefined,Units,Tonnes per capita,3.347117354
2010,Tonnes per capita,Non-metal minerals,Undefined,Units,Tonnes per capita,3.28747361
2011,Tonnes per capita,Non-metal minerals,Undefined,Units,Tonnes per capita,3.308979523
2012,Tonnes per capita,Non-metal minerals,Undefined,Units,Tonnes per capita,3.0482976219999998
2013,Tonnes per capita,Non-metal minerals,Undefined,Units,Tonnes per capita,3.094947875
2014,Tonnes per capita,Non-metal minerals,Undefined,Units,Tonnes per capita,3.376853033
2015,Tonnes per capita,Non-metal minerals,Undefined,Units,Tonnes per capita,3.5388557830000003
2000,Tonnes per capita,Fossil energy materials,Undefined,Units,Tonnes per capita,4.126736191
2001,Tonnes per capita,Fossil energy materials,Undefined,Units,Tonnes per capita,4.1438126980000005
2002,Tonnes per capita,Fossil energy materials,Undefined,Units,Tonnes per capita,3.936845687
2003,Tonnes per capita,Fossil energy materials,Undefined,Units,Tonnes per capita,4.134851526
2004,Tonnes per capita,Fossil energy materials,Undefined,Units,Tonnes per capita,4.2954225489999995
2005,Tonnes per capita,Fossil energy materials,Undefined,Units,Tonnes per capita,4.194164198999999
2006,Tonnes per capita,Fossil energy materials,Undefined,Units,Tonnes per capita,4.08333621
2007,Tonnes per capita,Fossil energy materials,Undefined,Units,Tonnes per capita,3.943596693
2008,Tonnes per capita,Fossil energy materials,Undefined,Units,Tonnes per capita,3.70486447
2009,Tonnes per capita,Fossil energy materials,Undefined,Units,Tonnes per capita,3.414863356
2010,Tonnes per capita,Fossil energy materials,Undefined,Units,Tonnes per capita,3.159967814
2011,Tonnes per capita,Fossil energy materials,Undefined,Units,Tonnes per capita,3.107742581
2012,Tonnes per capita,Fossil energy materials,Undefined,Units,Tonnes per capita,3.1124574210000002
2013,Tonnes per capita,Fossil energy materials,Undefined,Units,Tonnes per capita,2.9148453260000005
2014,Tonnes per capita,Fossil energy materials,Undefined,Units,Tonnes per capita,2.70906144
2015,Tonnes per capita,Fossil energy materials,Undefined,Units,Tonnes per capita,2.439049301
2000,Tonnes per £m GDP,,Undefined,Units,Tonnes per £m GDP,520.8390919
2001,Tonnes per £m GDP,,Undefined,Units,Tonnes per £m GDP,510.2596927
2002,Tonnes per £m GDP,,Undefined,Units,Tonnes per £m GDP,484.02478679999996
2003,Tonnes per £m GDP,,Undefined,Units,Tonnes per £m GDP,468.4064717
2004,Tonnes per £m GDP,,Undefined,Units,Tonnes per £m GDP,475.22985989999995
2005,Tonnes per £m GDP,,Undefined,Units,Tonnes per £m GDP,449.5971511
2006,Tonnes per £m GDP,,Undefined,Units,Tonnes per £m GDP,433.4323172
2007,Tonnes per £m GDP,,Undefined,Units,Tonnes per £m GDP,419.6262572
2008,Tonnes per £m GDP,,Undefined,Units,Tonnes per £m GDP,396.560615
2009,Tonnes per £m GDP,,Undefined,Units,Tonnes per £m GDP,364.07975519999997
2010,Tonnes per £m GDP,,Undefined,Units,Tonnes per £m GDP,347.604671
2011,Tonnes per £m GDP,,Undefined,Units,Tonnes per £m GDP,345.5068197
2012,Tonnes per £m GDP,,Undefined,Units,Tonnes per £m GDP,330.08303739999997
2013,Tonnes per £m GDP,,Undefined,Units,Tonnes per £m GDP,327.7655365
2014,Tonnes per £m GDP,,Undefined,Units,Tonnes per £m GDP,329.8344205
2015,Tonnes per £m GDP,,Undefined,Units,Tonnes per £m GDP,314.5074709
2000,Tonnes per £m GDP,Biomass,Undefined,Units,Tonnes per £m GDP,124.9363267
2001,Tonnes per £m GDP,Biomass,Undefined,Units,Tonnes per £m GDP,117.1862055
2002,Tonnes per £m GDP,Biomass,Undefined,Units,Tonnes per £m GDP,118.5724791
2003,Tonnes per £m GDP,Biomass,Undefined,Units,Tonnes per £m GDP,111.6198716
2004,Tonnes per £m GDP,Biomass,Undefined,Units,Tonnes per £m GDP,111.28566070000001
2005,Tonnes per £m GDP,Biomass,Undefined,Units,Tonnes per £m GDP,106.861534
2006,Tonnes per £m GDP,Biomass,Undefined,Units,Tonnes per £m GDP,101.5866554
2007,Tonnes per £m GDP,Biomass,Undefined,Units,Tonnes per £m GDP,95.54032817
2008,Tonnes per £m GDP,Biomass,Undefined,Units,Tonnes per £m GDP,100.5321186
2009,Tonnes per £m GDP,Biomass,Undefined,Units,Tonnes per £m GDP,101.6829968
2010,Tonnes per £m GDP,Biomass,Undefined,Units,Tonnes per £m GDP,98.03852577
2011,Tonnes per £m GDP,Biomass,Undefined,Units,Tonnes per £m GDP,99.08085137
2012,Tonnes per £m GDP,Biomass,Undefined,Units,Tonnes per £m GDP,94.30800812
2013,Tonnes per £m GDP,Biomass,Undefined,Units,Tonnes per £m GDP,98.91380766
2014,Tonnes per £m GDP,Biomass,Undefined,Units,Tonnes per £m GDP,102.15384920000001
2015,Tonnes per £m GDP,Biomass,Undefined,Units,Tonnes per £m GDP,94.54608862
2000,Tonnes per £m GDP,Metal ores,Undefined,Units,Tonnes per £m GDP,12.09384449
2001,Tonnes per £m GDP,Metal ores,Undefined,Units,Tonnes per £m GDP,14.08915342
2002,Tonnes per £m GDP,Metal ores,Undefined,Units,Tonnes per £m GDP,12.77697969
2003,Tonnes per £m GDP,Metal ores,Undefined,Units,Tonnes per £m GDP,11.38293764
2004,Tonnes per £m GDP,Metal ores,Undefined,Units,Tonnes per £m GDP,12.34841888
2005,Tonnes per £m GDP,Metal ores,Undefined,Units,Tonnes per £m GDP,10.70855878
2006,Tonnes per £m GDP,Metal ores,Undefined,Units,Tonnes per £m GDP,10.95475919
2007,Tonnes per £m GDP,Metal ores,Undefined,Units,Tonnes per £m GDP,12.11129506
2008,Tonnes per £m GDP,Metal ores,Undefined,Units,Tonnes per £m GDP,9.173729859
2009,Tonnes per £m GDP,Metal ores,Undefined,Units,Tonnes per £m GDP,3.8871829069999997
2010,Tonnes per £m GDP,Metal ores,Undefined,Units,Tonnes per £m GDP,5.774708815
2011,Tonnes per £m GDP,Metal ores,Undefined,Units,Tonnes per £m GDP,5.401467219
2012,Tonnes per £m GDP,Metal ores,Undefined,Units,Tonnes per £m GDP,5.848704877
2013,Tonnes per £m GDP,Metal ores,Undefined,Units,Tonnes per £m GDP,7.38116412
2014,Tonnes per £m GDP,Metal ores,Undefined,Units,Tonnes per £m GDP,8.419075325
2015,Tonnes per £m GDP,Metal ores,Undefined,Units,Tonnes per £m GDP,7.5411582489999995
2000,Tonnes per £m GDP,Non-metal minerals,Undefined,Units,Tonnes per £m GDP,212.45684599999998
2001,Tonnes per £m GDP,Non-metal minerals,Undefined,Units,Tonnes per £m GDP,210.84390359999998
2002,Tonnes per £m GDP,Non-metal minerals,Undefined,Units,Tonnes per £m GDP,196.00572749999998
2003,Tonnes per £m GDP,Non-metal minerals,Undefined,Units,Tonnes per £m GDP,185.64077780000002
2004,Tonnes per £m GDP,Non-metal minerals,Undefined,Units,Tonnes per £m GDP,188.8693486
2005,Tonnes per £m GDP,Non-metal minerals,Undefined,Units,Tonnes per £m GDP,176.5312954
2006,Tonnes per £m GDP,Non-metal minerals,Undefined,Units,Tonnes per £m GDP,172.1891079
2007,Tonnes per £m GDP,Non-metal minerals,Undefined,Units,Tonnes per £m GDP,170.80804630000003
2008,Tonnes per £m GDP,Non-metal minerals,Undefined,Units,Tonnes per £m GDP,152.29842580000002
2009,Tonnes per £m GDP,Non-metal minerals,Undefined,Units,Tonnes per £m GDP,127.9598277
2010,Tonnes per £m GDP,Non-metal minerals,Undefined,Units,Tonnes per £m GDP,124.3063505
2011,Tonnes per £m GDP,Non-metal minerals,Undefined,Units,Tonnes per £m GDP,124.29167509999999
2012,Tonnes per £m GDP,Non-metal minerals,Undefined,Units,Tonnes per £m GDP,113.76590420000001
2013,Tonnes per £m GDP,Non-metal minerals,Undefined,Units,Tonnes per £m GDP,114.053817
2014,Tonnes per £m GDP,Non-metal minerals,Undefined,Units,Tonnes per £m GDP,121.6602453
2015,Tonnes per £m GDP,Non-metal minerals,Undefined,Units,Tonnes per £m GDP,125.75049750000001
2000,Tonnes per £m GDP,Fossil energy materials,Undefined,Units,Tonnes per £m GDP,171.35207480000003
2001,Tonnes per £m GDP,Fossil energy materials,Undefined,Units,Tonnes per £m GDP,168.14043030000002
2002,Tonnes per £m GDP,Fossil energy materials,Undefined,Units,Tonnes per £m GDP,156.6696006
2003,Tonnes per £m GDP,Fossil energy materials,Undefined,Units,Tonnes per £m GDP,159.76288459999998
2004,Tonnes per £m GDP,Fossil energy materials,Undefined,Units,Tonnes per £m GDP,162.72643169999998
2005,Tonnes per £m GDP,Fossil energy materials,Undefined,Units,Tonnes per £m GDP,155.4957629
2006,Tonnes per £m GDP,Fossil energy materials,Undefined,Units,Tonnes per £m GDP,148.70179480000002
2007,Tonnes per £m GDP,Fossil energy materials,Undefined,Units,Tonnes per £m GDP,141.16658769999998
2008,Tonnes per £m GDP,Fossil energy materials,Undefined,Units,Tonnes per £m GDP,134.5563407
2009,Tonnes per £m GDP,Fossil energy materials,Undefined,Units,Tonnes per £m GDP,130.54974779999998
2010,Tonnes per £m GDP,Fossil energy materials,Undefined,Units,Tonnes per £m GDP,119.48508590000002
2011,Tonnes per £m GDP,Fossil energy materials,Undefined,Units,Tonnes per £m GDP,116.7328261
2012,Tonnes per £m GDP,Fossil energy materials,Undefined,Units,Tonnes per £m GDP,116.1604202
2013,Tonnes per £m GDP,Fossil energy materials,Undefined,Units,Tonnes per £m GDP,107.41674779999998
2014,Tonnes per £m GDP,Fossil energy materials,Undefined,Units,Tonnes per £m GDP,97.60125066
2015,Tonnes per £m GDP,Fossil energy materials,Undefined,Units,Tonnes per £m GDP,86.66972654
