Year,Country,Sex,Cause of death,Observation status,Unit multiplier,Unit measure,GeoCode,Value
2013,England,,,Undefined,Units,"Rate per 1,000,000 population",E92000001,1.68938308315271
2013,England,,Exposure to excessive natural heat,Undefined,Units,"Rate per 1,000,000 population",E92000001,0.0185646492654144
2013,England,,Exposure to excessive natural cold,Undefined,Units,"Rate per 1,000,000 population",E92000001,1.5594305382948102
2013,England,,Exposure to sunlight,Undefined,Units,"Rate per 1,000,000 population",E92000001,0.0
2013,England,,Victim of lightning,Undefined,Units,"Rate per 1,000,000 population",E92000001,0.0185646492654144
2013,England,,Victim of earthquake,Undefined,Units,"Rate per 1,000,000 population",E92000001,0.0
2013,England,,Victim of volcanic eruption,Undefined,Units,"Rate per 1,000,000 population",E92000001,0.0
2013,England,,"Victim of avalanche, landslide and other earth movements",Undefined,Units,"Rate per 1,000,000 population",E92000001,0.0
2013,England,,Victim of cataclysmic storm,Undefined,Units,"Rate per 1,000,000 population",E92000001,0.0
2013,England,,Victim of flood,Undefined,Units,"Rate per 1,000,000 population",E92000001,0.0
2013,England,,Exposure to other and unspecified forces of nature,Undefined,Units,"Rate per 1,000,000 population",E92000001,0.0928232463270723
2013,England,Male,,Undefined,Units,"Rate per 1,000,000 population",E92000001,1.9974395839536798
2013,England,Male,Exposure to excessive natural heat,Undefined,Units,"Rate per 1,000,000 population",E92000001,0.0376875393198808
2013,England,Male,Exposure to excessive natural cold,Undefined,Units,"Rate per 1,000,000 population",E92000001,1.7713143480344
2013,England,Male,Exposure to sunlight,Undefined,Units,"Rate per 1,000,000 population",E92000001,0.0
2013,England,Male,Victim of lightning,Undefined,Units,"Rate per 1,000,000 population",E92000001,0.0
2013,England,Male,Victim of earthquake,Undefined,Units,"Rate per 1,000,000 population",E92000001,0.0
2013,England,Male,Victim of volcanic eruption,Undefined,Units,"Rate per 1,000,000 population",E92000001,0.0
2013,England,Male,"Victim of avalanche, landslide and other earth movements",Undefined,Units,"Rate per 1,000,000 population",E92000001,0.0
2013,England,Male,Victim of cataclysmic storm,Undefined,Units,"Rate per 1,000,000 population",E92000001,0.0
2013,England,Male,Victim of flood,Undefined,Units,"Rate per 1,000,000 population",E92000001,0.0
2013,England,Male,Exposure to other and unspecified forces of nature,Undefined,Units,"Rate per 1,000,000 population",E92000001,0.188437696599404
2013,England,Female,,Undefined,Units,"Rate per 1,000,000 population",E92000001,1.39031945443279
2013,England,Female,Exposure to excessive natural heat,Undefined,Units,"Rate per 1,000,000 population",E92000001,0.0
2013,England,Female,Exposure to excessive natural cold,Undefined,Units,"Rate per 1,000,000 population",E92000001,1.3537321003687701
2013,England,Female,Exposure to sunlight,Undefined,Units,"Rate per 1,000,000 population",E92000001,0.0
2013,England,Female,Victim of lightning,Undefined,Units,"Rate per 1,000,000 population",E92000001,0.0365873540640208
2013,England,Female,Victim of earthquake,Undefined,Units,"Rate per 1,000,000 population",E92000001,0.0
2013,England,Female,Victim of volcanic eruption,Undefined,Units,"Rate per 1,000,000 population",E92000001,0.0
2013,England,Female,"Victim of avalanche, landslide and other earth movements",Undefined,Units,"Rate per 1,000,000 population",E92000001,0.0
2013,England,Female,Victim of cataclysmic storm,Undefined,Units,"Rate per 1,000,000 population",E92000001,0.0
2013,England,Female,Victim of flood,Undefined,Units,"Rate per 1,000,000 population",E92000001,0.0
2013,England,Female,Exposure to other and unspecified forces of nature,Undefined,Units,"Rate per 1,000,000 population",E92000001,0.0
2013,Wales,,,Undefined,Units,"Rate per 1,000,000 population",W92000004,1.94652758943321
2013,Wales,,Exposure to excessive natural heat,Undefined,Units,"Rate per 1,000,000 population",W92000004,0.0
2013,Wales,,Exposure to excessive natural cold,Undefined,Units,"Rate per 1,000,000 population",W92000004,1.94652758943321
2013,Wales,,Exposure to sunlight,Undefined,Units,"Rate per 1,000,000 population",W92000004,0.0
2013,Wales,,Victim of lightning,Undefined,Units,"Rate per 1,000,000 population",W92000004,0.0
2013,Wales,,Victim of earthquake,Undefined,Units,"Rate per 1,000,000 population",W92000004,0.0
2013,Wales,,Victim of volcanic eruption,Undefined,Units,"Rate per 1,000,000 population",W92000004,0.0
2013,Wales,,"Victim of avalanche, landslide and other earth movements",Undefined,Units,"Rate per 1,000,000 population",W92000004,0.0
2013,Wales,,Victim of cataclysmic storm,Undefined,Units,"Rate per 1,000,000 population",W92000004,0.0
2013,Wales,,Victim of flood,Undefined,Units,"Rate per 1,000,000 population",W92000004,0.0
2013,Wales,,Exposure to other and unspecified forces of nature,Undefined,Units,"Rate per 1,000,000 population",W92000004,0.0
2013,Wales,Male,,Undefined,Units,"Rate per 1,000,000 population",W92000004,1.97990136131417
2013,Wales,Male,Exposure to excessive natural heat,Undefined,Units,"Rate per 1,000,000 population",W92000004,0.0
2013,Wales,Male,Exposure to excessive natural cold,Undefined,Units,"Rate per 1,000,000 population",W92000004,1.97990136131417
2013,Wales,Male,Exposure to sunlight,Undefined,Units,"Rate per 1,000,000 population",W92000004,0.0
2013,Wales,Male,Victim of lightning,Undefined,Units,"Rate per 1,000,000 population",W92000004,0.0
2013,Wales,Male,Victim of earthquake,Undefined,Units,"Rate per 1,000,000 population",W92000004,0.0
2013,Wales,Male,Victim of volcanic eruption,Undefined,Units,"Rate per 1,000,000 population",W92000004,0.0
2013,Wales,Male,"Victim of avalanche, landslide and other earth movements",Undefined,Units,"Rate per 1,000,000 population",W92000004,0.0
2013,Wales,Male,Victim of cataclysmic storm,Undefined,Units,"Rate per 1,000,000 population",W92000004,0.0
2013,Wales,Male,Victim of flood,Undefined,Units,"Rate per 1,000,000 population",W92000004,0.0
2013,Wales,Male,Exposure to other and unspecified forces of nature,Undefined,Units,"Rate per 1,000,000 population",W92000004,0.0
2013,Wales,Female,,Undefined,Units,"Rate per 1,000,000 population",W92000004,1.91426028197053
2013,Wales,Female,Exposure to excessive natural heat,Undefined,Units,"Rate per 1,000,000 population",W92000004,0.0
2013,Wales,Female,Exposure to excessive natural cold,Undefined,Units,"Rate per 1,000,000 population",W92000004,1.91426028197053
2013,Wales,Female,Exposure to sunlight,Undefined,Units,"Rate per 1,000,000 population",W92000004,0.0
2013,Wales,Female,Victim of lightning,Undefined,Units,"Rate per 1,000,000 population",W92000004,0.0
2013,Wales,Female,Victim of earthquake,Undefined,Units,"Rate per 1,000,000 population",W92000004,0.0
2013,Wales,Female,Victim of volcanic eruption,Undefined,Units,"Rate per 1,000,000 population",W92000004,0.0
2013,Wales,Female,"Victim of avalanche, landslide and other earth movements",Undefined,Units,"Rate per 1,000,000 population",W92000004,0.0
2013,Wales,Female,Victim of cataclysmic storm,Undefined,Units,"Rate per 1,000,000 population",W92000004,0.0
2013,Wales,Female,Victim of flood,Undefined,Units,"Rate per 1,000,000 population",W92000004,0.0
2013,Wales,Female,Exposure to other and unspecified forces of nature,Undefined,Units,"Rate per 1,000,000 population",W92000004,0.0
2013,,,Exposure to excessive natural heat,Undefined,Units,"Rate per 1,000,000 population",,0.0175598085763123
2013,,,Exposure to excessive natural cold,Undefined,Units,"Rate per 1,000,000 population",,1.4750239204102298
2013,,,Exposure to sunlight,Undefined,Units,"Rate per 1,000,000 population",,0.0
2013,,,Victim of lightning,Undefined,Units,"Rate per 1,000,000 population",,0.0175598085763123
2013,,,Victim of earthquake,Undefined,Units,"Rate per 1,000,000 population",,0.0
2013,,,Victim of volcanic eruption,Undefined,Units,"Rate per 1,000,000 population",,0.0
2013,,,"Victim of avalanche, landslide and other earth movements",Undefined,Units,"Rate per 1,000,000 population",,0.0
2013,,,Victim of cataclysmic storm,Undefined,Units,"Rate per 1,000,000 population",,0.0
2013,,,Victim of flood,Undefined,Units,"Rate per 1,000,000 population",,0.0
2013,,,Exposure to other and unspecified forces of nature,Undefined,Units,"Rate per 1,000,000 population",,0.0877990428815617
2013,,Male,,Undefined,Units,"Rate per 1,000,000 population",,1.8895372259511398
2013,,Male,Exposure to excessive natural heat,Undefined,Units,"Rate per 1,000,000 population",,0.0356516457726631
2013,,Male,Exposure to excessive natural cold,Undefined,Units,"Rate per 1,000,000 population",,1.6756273513151598
2013,,Male,Exposure to sunlight,Undefined,Units,"Rate per 1,000,000 population",,0.0
2013,,Male,Victim of lightning,Undefined,Units,"Rate per 1,000,000 population",,0.0
2013,,Male,Victim of earthquake,Undefined,Units,"Rate per 1,000,000 population",,0.0
2013,,Male,Victim of volcanic eruption,Undefined,Units,"Rate per 1,000,000 population",,0.0
2013,,Male,"Victim of avalanche, landslide and other earth movements",Undefined,Units,"Rate per 1,000,000 population",,0.0
2013,,Male,Victim of cataclysmic storm,Undefined,Units,"Rate per 1,000,000 population",,0.0
2013,,Male,Victim of flood,Undefined,Units,"Rate per 1,000,000 population",,0.0
2013,,Male,Exposure to other and unspecified forces of nature,Undefined,Units,"Rate per 1,000,000 population",,0.178258228863315
2013,,Female,,Undefined,Units,"Rate per 1,000,000 population",,1.31492289032646
2013,,Female,Exposure to excessive natural heat,Undefined,Units,"Rate per 1,000,000 population",,0.0
2013,,Female,Exposure to excessive natural cold,Undefined,Units,"Rate per 1,000,000 population",,1.2803196563705
2013,,Female,Exposure to sunlight,Undefined,Units,"Rate per 1,000,000 population",,0.0
2013,,Female,Victim of lightning,Undefined,Units,"Rate per 1,000,000 population",,0.0346032339559597
2013,,Female,Victim of earthquake,Undefined,Units,"Rate per 1,000,000 population",,0.0
2013,,Female,Victim of volcanic eruption,Undefined,Units,"Rate per 1,000,000 population",,0.0
2013,,Female,"Victim of avalanche, landslide and other earth movements",Undefined,Units,"Rate per 1,000,000 population",,0.0
2013,,Female,Victim of cataclysmic storm,Undefined,Units,"Rate per 1,000,000 population",,0.0
2013,,Female,Victim of flood,Undefined,Units,"Rate per 1,000,000 population",,0.0
2013,,Female,Exposure to other and unspecified forces of nature,Undefined,Units,"Rate per 1,000,000 population",,0.0
2013,,,,Undefined,Units,"Rate per 1,000,000 population",,1.59794258044442
2014,England,,,Undefined,Units,"Rate per 1,000,000 population",E92000001,1.17827660035829
2014,England,,Exposure to excessive natural heat,Undefined,Units,"Rate per 1,000,000 population",E92000001,0.0
2014,England,,Exposure to excessive natural cold,Undefined,Units,"Rate per 1,000,000 population",E92000001,1.0678131690747
2014,England,,Exposure to sunlight,Undefined,Units,"Rate per 1,000,000 population",E92000001,0.0
2014,England,,Victim of lightning,Undefined,Units,"Rate per 1,000,000 population",E92000001,0.0368211437611966
2014,England,,Victim of earthquake,Undefined,Units,"Rate per 1,000,000 population",E92000001,0.0
2014,England,,Victim of volcanic eruption,Undefined,Units,"Rate per 1,000,000 population",E92000001,0.0
2014,England,,"Victim of avalanche, landslide and other earth movements",Undefined,Units,"Rate per 1,000,000 population",E92000001,0.0368211437611966
2014,England,,Victim of cataclysmic storm,Undefined,Units,"Rate per 1,000,000 population",E92000001,0.0
2014,England,,Victim of flood,Undefined,Units,"Rate per 1,000,000 population",E92000001,0.0
2014,England,,Exposure to other and unspecified forces of nature,Undefined,Units,"Rate per 1,000,000 population",E92000001,0.0368211437611966
2014,England,Male,,Undefined,Units,"Rate per 1,000,000 population",E92000001,1.26992683279202
2014,England,Male,Exposure to excessive natural heat,Undefined,Units,"Rate per 1,000,000 population",E92000001,0.0
2014,England,Male,Exposure to excessive natural cold,Undefined,Units,"Rate per 1,000,000 population",E92000001,1.12052367599296
2014,England,Male,Exposure to sunlight,Undefined,Units,"Rate per 1,000,000 population",E92000001,0.0
2014,England,Male,Victim of lightning,Undefined,Units,"Rate per 1,000,000 population",E92000001,0.0747015783995306
2014,England,Male,Victim of earthquake,Undefined,Units,"Rate per 1,000,000 population",E92000001,0.0
2014,England,Male,Victim of volcanic eruption,Undefined,Units,"Rate per 1,000,000 population",E92000001,0.0
2014,England,Male,"Victim of avalanche, landslide and other earth movements",Undefined,Units,"Rate per 1,000,000 population",E92000001,0.0373507891997653
2014,England,Male,Victim of cataclysmic storm,Undefined,Units,"Rate per 1,000,000 population",E92000001,0.0
2014,England,Male,Victim of flood,Undefined,Units,"Rate per 1,000,000 population",E92000001,0.0
2014,England,Male,Exposure to other and unspecified forces of nature,Undefined,Units,"Rate per 1,000,000 population",E92000001,0.0373507891997653
2014,England,Female,,Undefined,Units,"Rate per 1,000,000 population",E92000001,1.0891892808380799
2014,England,Female,Exposure to excessive natural heat,Undefined,Units,"Rate per 1,000,000 population",E92000001,0.0
2014,England,Female,Exposure to excessive natural cold,Undefined,Units,"Rate per 1,000,000 population",E92000001,1.01657666211555
2014,England,Female,Exposure to sunlight,Undefined,Units,"Rate per 1,000,000 population",E92000001,0.0
2014,England,Female,Victim of lightning,Undefined,Units,"Rate per 1,000,000 population",E92000001,0.0
2014,England,Female,Victim of earthquake,Undefined,Units,"Rate per 1,000,000 population",E92000001,0.0
2014,England,Female,Victim of volcanic eruption,Undefined,Units,"Rate per 1,000,000 population",E92000001,0.0
2014,England,Female,"Victim of avalanche, landslide and other earth movements",Undefined,Units,"Rate per 1,000,000 population",E92000001,0.0363063093612696
2014,England,Female,Victim of cataclysmic storm,Undefined,Units,"Rate per 1,000,000 population",E92000001,0.0
2014,England,Female,Victim of flood,Undefined,Units,"Rate per 1,000,000 population",E92000001,0.0
2014,England,Female,Exposure to other and unspecified forces of nature,Undefined,Units,"Rate per 1,000,000 population",E92000001,0.0363063093612696
2014,Wales,,,Undefined,Units,"Rate per 1,000,000 population",W92000004,2.2638804981572003
2014,Wales,,Exposure to excessive natural heat,Undefined,Units,"Rate per 1,000,000 population",W92000004,0.0
2014,Wales,,Exposure to excessive natural cold,Undefined,Units,"Rate per 1,000,000 population",W92000004,1.9404689984204502
2014,Wales,,Exposure to sunlight,Undefined,Units,"Rate per 1,000,000 population",W92000004,0.0
2014,Wales,,Victim of lightning,Undefined,Units,"Rate per 1,000,000 population",W92000004,0.0
2014,Wales,,Victim of earthquake,Undefined,Units,"Rate per 1,000,000 population",W92000004,0.0
2014,Wales,,Victim of volcanic eruption,Undefined,Units,"Rate per 1,000,000 population",W92000004,0.0
2014,Wales,,"Victim of avalanche, landslide and other earth movements",Undefined,Units,"Rate per 1,000,000 population",W92000004,0.0
2014,Wales,,Victim of cataclysmic storm,Undefined,Units,"Rate per 1,000,000 population",W92000004,0.0
2014,Wales,,Victim of flood,Undefined,Units,"Rate per 1,000,000 population",W92000004,0.0
2014,Wales,,Exposure to other and unspecified forces of nature,Undefined,Units,"Rate per 1,000,000 population",W92000004,0.323411499736743
2014,Wales,Male,,Undefined,Units,"Rate per 1,000,000 population",W92000004,1.9719781899212099
2014,Wales,Male,Exposure to excessive natural heat,Undefined,Units,"Rate per 1,000,000 population",W92000004,0.0
2014,Wales,Male,Exposure to excessive natural cold,Undefined,Units,"Rate per 1,000,000 population",W92000004,1.3146521266141398
2014,Wales,Male,Exposure to sunlight,Undefined,Units,"Rate per 1,000,000 population",W92000004,0.0
2014,Wales,Male,Victim of lightning,Undefined,Units,"Rate per 1,000,000 population",W92000004,0.0
2014,Wales,Male,Victim of earthquake,Undefined,Units,"Rate per 1,000,000 population",W92000004,0.0
2014,Wales,Male,Victim of volcanic eruption,Undefined,Units,"Rate per 1,000,000 population",W92000004,0.0
2014,Wales,Male,"Victim of avalanche, landslide and other earth movements",Undefined,Units,"Rate per 1,000,000 population",W92000004,0.0
2014,Wales,Male,Victim of cataclysmic storm,Undefined,Units,"Rate per 1,000,000 population",W92000004,0.0
2014,Wales,Male,Victim of flood,Undefined,Units,"Rate per 1,000,000 population",W92000004,0.0
2014,Wales,Male,Exposure to other and unspecified forces of nature,Undefined,Units,"Rate per 1,000,000 population",W92000004,0.657326063307073
2014,Wales,Female,,Undefined,Units,"Rate per 1,000,000 population",W92000004,2.54660121052688
2014,Wales,Female,Exposure to excessive natural heat,Undefined,Units,"Rate per 1,000,000 population",W92000004,0.0
2014,Wales,Female,Exposure to excessive natural cold,Undefined,Units,"Rate per 1,000,000 population",W92000004,2.54660121052688
2014,Wales,Female,Exposure to sunlight,Undefined,Units,"Rate per 1,000,000 population",W92000004,0.0
2014,Wales,Female,Victim of lightning,Undefined,Units,"Rate per 1,000,000 population",W92000004,0.0
2014,Wales,Female,Victim of earthquake,Undefined,Units,"Rate per 1,000,000 population",W92000004,0.0
2014,Wales,Female,Victim of volcanic eruption,Undefined,Units,"Rate per 1,000,000 population",W92000004,0.0
2014,Wales,Female,"Victim of avalanche, landslide and other earth movements",Undefined,Units,"Rate per 1,000,000 population",W92000004,0.0
2014,Wales,Female,Victim of cataclysmic storm,Undefined,Units,"Rate per 1,000,000 population",W92000004,0.0
2014,Wales,Female,Victim of flood,Undefined,Units,"Rate per 1,000,000 population",W92000004,0.0
2014,Wales,Female,Exposure to other and unspecified forces of nature,Undefined,Units,"Rate per 1,000,000 population",W92000004,0.0
2014,,,Exposure to excessive natural heat,Undefined,Units,"Rate per 1,000,000 population",,0.0
2014,,,Exposure to excessive natural cold,Undefined,Units,"Rate per 1,000,000 population",,1.01030064212966
2014,,,Exposure to sunlight,Undefined,Units,"Rate per 1,000,000 population",,0.0
2014,,,Victim of lightning,Undefined,Units,"Rate per 1,000,000 population",,0.0348379531768851
2014,,,Victim of earthquake,Undefined,Units,"Rate per 1,000,000 population",,0.0
2014,,,Victim of volcanic eruption,Undefined,Units,"Rate per 1,000,000 population",,0.0
2014,,,"Victim of avalanche, landslide and other earth movements",Undefined,Units,"Rate per 1,000,000 population",,0.0348379531768851
2014,,,Victim of cataclysmic storm,Undefined,Units,"Rate per 1,000,000 population",,0.0
2014,,,Victim of flood,Undefined,Units,"Rate per 1,000,000 population",,0.0
2014,,,Exposure to other and unspecified forces of nature,Undefined,Units,"Rate per 1,000,000 population",,0.0348379531768851
2014,,Male,,Undefined,Units,"Rate per 1,000,000 population",,1.20164649602885
2014,,Male,Exposure to excessive natural heat,Undefined,Units,"Rate per 1,000,000 population",,0.0
2014,,Male,Exposure to excessive natural cold,Undefined,Units,"Rate per 1,000,000 population",,1.06027632002546
2014,,Male,Exposure to sunlight,Undefined,Units,"Rate per 1,000,000 population",,0.0
2014,,Male,Victim of lightning,Undefined,Units,"Rate per 1,000,000 population",,0.0706850880016975
2014,,Male,Victim of earthquake,Undefined,Units,"Rate per 1,000,000 population",,0.0
2014,,Male,Victim of volcanic eruption,Undefined,Units,"Rate per 1,000,000 population",,0.0
2014,,Male,"Victim of avalanche, landslide and other earth movements",Undefined,Units,"Rate per 1,000,000 population",,0.0353425440008487
2014,,Male,Victim of cataclysmic storm,Undefined,Units,"Rate per 1,000,000 population",,0.0
2014,,Male,Victim of flood,Undefined,Units,"Rate per 1,000,000 population",,0.0
2014,,Male,Exposure to other and unspecified forces of nature,Undefined,Units,"Rate per 1,000,000 population",,0.0353425440008487
2014,,Female,,Undefined,Units,"Rate per 1,000,000 population",,1.0304270333493901
2014,,Female,Exposure to excessive natural heat,Undefined,Units,"Rate per 1,000,000 population",,0.0
2014,,Female,Exposure to excessive natural cold,Undefined,Units,"Rate per 1,000,000 population",,0.9617318977927659
2014,,Female,Exposure to sunlight,Undefined,Units,"Rate per 1,000,000 population",,0.0
2014,,Female,Victim of lightning,Undefined,Units,"Rate per 1,000,000 population",,0.0
2014,,Female,Victim of earthquake,Undefined,Units,"Rate per 1,000,000 population",,0.0
2014,,Female,Victim of volcanic eruption,Undefined,Units,"Rate per 1,000,000 population",,0.0
2014,,Female,"Victim of avalanche, landslide and other earth movements",Undefined,Units,"Rate per 1,000,000 population",,0.0343475677783131
2014,,Female,Victim of cataclysmic storm,Undefined,Units,"Rate per 1,000,000 population",,0.0
2014,,Female,Victim of flood,Undefined,Units,"Rate per 1,000,000 population",,0.0
2014,,Female,Exposure to other and unspecified forces of nature,Undefined,Units,"Rate per 1,000,000 population",,0.0343475677783131
2014,,,,Undefined,Units,"Rate per 1,000,000 population",,1.11481450166032
2015,England,,,Undefined,Units,"Rate per 1,000,000 population",E92000001,0.657098257380897
2015,England,,Exposure to excessive natural heat,Undefined,Units,"Rate per 1,000,000 population",E92000001,0.0547581881150747
2015,England,,Exposure to excessive natural cold,Undefined,Units,"Rate per 1,000,000 population",E92000001,0.529329151779056
2015,England,,Exposure to sunlight,Undefined,Units,"Rate per 1,000,000 population",E92000001,0.0
2015,England,,Victim of lightning,Undefined,Units,"Rate per 1,000,000 population",E92000001,0.0365054587433831
2015,England,,Victim of earthquake,Undefined,Units,"Rate per 1,000,000 population",E92000001,0.0
2015,England,,Victim of volcanic eruption,Undefined,Units,"Rate per 1,000,000 population",E92000001,0.0
2015,England,,"Victim of avalanche, landslide and other earth movements",Undefined,Units,"Rate per 1,000,000 population",E92000001,0.0
2015,England,,Victim of cataclysmic storm,Undefined,Units,"Rate per 1,000,000 population",E92000001,0.0
2015,England,,Victim of flood,Undefined,Units,"Rate per 1,000,000 population",E92000001,0.0
2015,England,,Exposure to other and unspecified forces of nature,Undefined,Units,"Rate per 1,000,000 population",E92000001,0.0365054587433831
2015,England,Male,,Undefined,Units,"Rate per 1,000,000 population",E92000001,0.591950523591337
2015,England,Male,Exposure to excessive natural heat,Undefined,Units,"Rate per 1,000,000 population",E92000001,0.0369969077244585
2015,England,Male,Exposure to excessive natural cold,Undefined,Units,"Rate per 1,000,000 population",E92000001,0.48095980041796105
2015,England,Male,Exposure to sunlight,Undefined,Units,"Rate per 1,000,000 population",E92000001,0.0
2015,England,Male,Victim of lightning,Undefined,Units,"Rate per 1,000,000 population",E92000001,0.0739938154489171
2015,England,Male,Victim of earthquake,Undefined,Units,"Rate per 1,000,000 population",E92000001,0.0
2015,England,Male,Victim of volcanic eruption,Undefined,Units,"Rate per 1,000,000 population",E92000001,0.0
2015,England,Male,"Victim of avalanche, landslide and other earth movements",Undefined,Units,"Rate per 1,000,000 population",E92000001,0.0
2015,England,Male,Victim of cataclysmic storm,Undefined,Units,"Rate per 1,000,000 population",E92000001,0.0
2015,England,Male,Victim of flood,Undefined,Units,"Rate per 1,000,000 population",E92000001,0.0
2015,England,Male,Exposure to other and unspecified forces of nature,Undefined,Units,"Rate per 1,000,000 population",E92000001,0.0
2015,England,Female,,Undefined,Units,"Rate per 1,000,000 population",E92000001,0.720537898834389
2015,England,Female,Exposure to excessive natural heat,Undefined,Units,"Rate per 1,000,000 population",E92000001,0.0720537898834389
2015,England,Female,Exposure to excessive natural cold,Undefined,Units,"Rate per 1,000,000 population",E92000001,0.576430319067511
2015,England,Female,Exposure to sunlight,Undefined,Units,"Rate per 1,000,000 population",E92000001,0.0
2015,England,Female,Victim of lightning,Undefined,Units,"Rate per 1,000,000 population",E92000001,0.0
2015,England,Female,Victim of earthquake,Undefined,Units,"Rate per 1,000,000 population",E92000001,0.0
2015,England,Female,Victim of volcanic eruption,Undefined,Units,"Rate per 1,000,000 population",E92000001,0.0
2015,England,Female,"Victim of avalanche, landslide and other earth movements",Undefined,Units,"Rate per 1,000,000 population",E92000001,0.0
2015,England,Female,Victim of cataclysmic storm,Undefined,Units,"Rate per 1,000,000 population",E92000001,0.0
2015,England,Female,Victim of flood,Undefined,Units,"Rate per 1,000,000 population",E92000001,0.0
2015,England,Female,Exposure to other and unspecified forces of nature,Undefined,Units,"Rate per 1,000,000 population",E92000001,0.0720537898834389
2015,Wales,,,Undefined,Units,"Rate per 1,000,000 population",W92000004,0.968027347417916
2015,Wales,,Exposure to excessive natural heat,Undefined,Units,"Rate per 1,000,000 population",W92000004,0.0
2015,Wales,,Exposure to excessive natural cold,Undefined,Units,"Rate per 1,000,000 population",W92000004,0.968027347417916
2015,Wales,,Exposure to sunlight,Undefined,Units,"Rate per 1,000,000 population",W92000004,0.0
2015,Wales,,Victim of lightning,Undefined,Units,"Rate per 1,000,000 population",W92000004,0.0
2015,Wales,,Victim of earthquake,Undefined,Units,"Rate per 1,000,000 population",W92000004,0.0
2015,Wales,,Victim of volcanic eruption,Undefined,Units,"Rate per 1,000,000 population",W92000004,0.0
2015,Wales,,"Victim of avalanche, landslide and other earth movements",Undefined,Units,"Rate per 1,000,000 population",W92000004,0.0
2015,Wales,,Victim of cataclysmic storm,Undefined,Units,"Rate per 1,000,000 population",W92000004,0.0
2015,Wales,,Victim of flood,Undefined,Units,"Rate per 1,000,000 population",W92000004,0.0
2015,Wales,,Exposure to other and unspecified forces of nature,Undefined,Units,"Rate per 1,000,000 population",W92000004,0.0
2015,Wales,Male,,Undefined,Units,"Rate per 1,000,000 population",W92000004,1.31099313629543
2015,Wales,Male,Exposure to excessive natural heat,Undefined,Units,"Rate per 1,000,000 population",W92000004,0.0
2015,Wales,Male,Exposure to excessive natural cold,Undefined,Units,"Rate per 1,000,000 population",W92000004,1.31099313629543
2015,Wales,Male,Exposure to sunlight,Undefined,Units,"Rate per 1,000,000 population",W92000004,0.0
2015,Wales,Male,Victim of lightning,Undefined,Units,"Rate per 1,000,000 population",W92000004,0.0
2015,Wales,Male,Victim of earthquake,Undefined,Units,"Rate per 1,000,000 population",W92000004,0.0
2015,Wales,Male,Victim of volcanic eruption,Undefined,Units,"Rate per 1,000,000 population",W92000004,0.0
2015,Wales,Male,"Victim of avalanche, landslide and other earth movements",Undefined,Units,"Rate per 1,000,000 population",W92000004,0.0
2015,Wales,Male,Victim of cataclysmic storm,Undefined,Units,"Rate per 1,000,000 population",W92000004,0.0
2015,Wales,Male,Victim of flood,Undefined,Units,"Rate per 1,000,000 population",W92000004,0.0
2015,Wales,Male,Exposure to other and unspecified forces of nature,Undefined,Units,"Rate per 1,000,000 population",W92000004,0.0
2015,Wales,Female,,Undefined,Units,"Rate per 1,000,000 population",W92000004,0.63551580051159
2015,Wales,Female,Exposure to excessive natural heat,Undefined,Units,"Rate per 1,000,000 population",W92000004,0.0
2015,Wales,Female,Exposure to excessive natural cold,Undefined,Units,"Rate per 1,000,000 population",W92000004,0.63551580051159
2015,Wales,Female,Exposure to sunlight,Undefined,Units,"Rate per 1,000,000 population",W92000004,0.0
2015,Wales,Female,Victim of lightning,Undefined,Units,"Rate per 1,000,000 population",W92000004,0.0
2015,Wales,Female,Victim of earthquake,Undefined,Units,"Rate per 1,000,000 population",W92000004,0.0
2015,Wales,Female,Victim of volcanic eruption,Undefined,Units,"Rate per 1,000,000 population",W92000004,0.0
2015,Wales,Female,"Victim of avalanche, landslide and other earth movements",Undefined,Units,"Rate per 1,000,000 population",W92000004,0.0
2015,Wales,Female,Victim of cataclysmic storm,Undefined,Units,"Rate per 1,000,000 population",W92000004,0.0
2015,Wales,Female,Victim of flood,Undefined,Units,"Rate per 1,000,000 population",W92000004,0.0
2015,Wales,Female,Exposure to other and unspecified forces of nature,Undefined,Units,"Rate per 1,000,000 population",W92000004,0.0
2015,,,Exposure to excessive natural heat,Undefined,Units,"Rate per 1,000,000 population",,0.0518265283863483
2015,,,Exposure to excessive natural cold,Undefined,Units,"Rate per 1,000,000 population",,0.500989774401367
2015,,,Exposure to sunlight,Undefined,Units,"Rate per 1,000,000 population",,0.0
2015,,,Victim of lightning,Undefined,Units,"Rate per 1,000,000 population",,0.0345510189242322
2015,,,Victim of earthquake,Undefined,Units,"Rate per 1,000,000 population",,0.0
2015,,,Victim of volcanic eruption,Undefined,Units,"Rate per 1,000,000 population",,0.0
2015,,,"Victim of avalanche, landslide and other earth movements",Undefined,Units,"Rate per 1,000,000 population",,0.0
2015,,,Victim of cataclysmic storm,Undefined,Units,"Rate per 1,000,000 population",,0.0
2015,,,Victim of flood,Undefined,Units,"Rate per 1,000,000 population",,0.0
2015,,,Exposure to other and unspecified forces of nature,Undefined,Units,"Rate per 1,000,000 population",,0.0345510189242322
2015,,Male,,Undefined,Units,"Rate per 1,000,000 population",,0.5603251875242049
2015,,Male,Exposure to excessive natural heat,Undefined,Units,"Rate per 1,000,000 population",,0.0350203242202628
2015,,Male,Exposure to excessive natural cold,Undefined,Units,"Rate per 1,000,000 population",,0.45526421486341706
2015,,Male,Exposure to sunlight,Undefined,Units,"Rate per 1,000,000 population",,0.0
2015,,Male,Victim of lightning,Undefined,Units,"Rate per 1,000,000 population",,0.0700406484405257
2015,,Male,Victim of earthquake,Undefined,Units,"Rate per 1,000,000 population",,0.0
2015,,Male,Victim of volcanic eruption,Undefined,Units,"Rate per 1,000,000 population",,0.0
2015,,Male,"Victim of avalanche, landslide and other earth movements",Undefined,Units,"Rate per 1,000,000 population",,0.0
2015,,Male,Victim of cataclysmic storm,Undefined,Units,"Rate per 1,000,000 population",,0.0
2015,,Male,Victim of flood,Undefined,Units,"Rate per 1,000,000 population",,0.0
2015,,Male,Exposure to other and unspecified forces of nature,Undefined,Units,"Rate per 1,000,000 population",,0.0
2015,,Female,,Undefined,Units,"Rate per 1,000,000 population",,0.6818825112341839
2015,,Female,Exposure to excessive natural heat,Undefined,Units,"Rate per 1,000,000 population",,0.0681882511234184
2015,,Female,Exposure to excessive natural cold,Undefined,Units,"Rate per 1,000,000 population",,0.545506008987347
2015,,Female,Exposure to sunlight,Undefined,Units,"Rate per 1,000,000 population",,0.0
2015,,Female,Victim of lightning,Undefined,Units,"Rate per 1,000,000 population",,0.0
2015,,Female,Victim of earthquake,Undefined,Units,"Rate per 1,000,000 population",,0.0
2015,,Female,Victim of volcanic eruption,Undefined,Units,"Rate per 1,000,000 population",,0.0
2015,,Female,"Victim of avalanche, landslide and other earth movements",Undefined,Units,"Rate per 1,000,000 population",,0.0
2015,,Female,Victim of cataclysmic storm,Undefined,Units,"Rate per 1,000,000 population",,0.0
2015,,Female,Victim of flood,Undefined,Units,"Rate per 1,000,000 population",,0.0
2015,,Female,Exposure to other and unspecified forces of nature,Undefined,Units,"Rate per 1,000,000 population",,0.0681882511234184
2015,,,,Undefined,Units,"Rate per 1,000,000 population",,0.62191834063618
2016,England,,,Undefined,Units,"Rate per 1,000,000 population",E92000001,0.8684942789839201
2016,England,,Exposure to excessive natural heat,Undefined,Units,"Rate per 1,000,000 population",E92000001,0.03618726162433
2016,England,,Exposure to excessive natural cold,Undefined,Units,"Rate per 1,000,000 population",E92000001,0.6332770784257751
2016,England,,Exposure to sunlight,Undefined,Units,"Rate per 1,000,000 population",E92000001,0.0
2016,England,,Victim of lightning,Undefined,Units,"Rate per 1,000,000 population",E92000001,0.0
2016,England,,Victim of earthquake,Undefined,Units,"Rate per 1,000,000 population",E92000001,0.0
2016,England,,Victim of volcanic eruption,Undefined,Units,"Rate per 1,000,000 population",E92000001,0.0
2016,England,,"Victim of avalanche, landslide and other earth movements",Undefined,Units,"Rate per 1,000,000 population",E92000001,0.018093630812165
2016,England,,Victim of cataclysmic storm,Undefined,Units,"Rate per 1,000,000 population",E92000001,0.0
2016,England,,Victim of flood,Undefined,Units,"Rate per 1,000,000 population",E92000001,0.018093630812165
2016,England,,Exposure to other and unspecified forces of nature,Undefined,Units,"Rate per 1,000,000 population",E92000001,0.16284267730948498
2016,England,Male,,Undefined,Units,"Rate per 1,000,000 population",E92000001,1.0256064630789
2016,England,Male,Exposure to excessive natural heat,Undefined,Units,"Rate per 1,000,000 population",E92000001,0.0732576045056357
2016,England,Male,Exposure to excessive natural cold,Undefined,Units,"Rate per 1,000,000 population",E92000001,0.8058336495619921
2016,England,Male,Exposure to sunlight,Undefined,Units,"Rate per 1,000,000 population",E92000001,0.0
2016,England,Male,Victim of lightning,Undefined,Units,"Rate per 1,000,000 population",E92000001,0.0
2016,England,Male,Victim of earthquake,Undefined,Units,"Rate per 1,000,000 population",E92000001,0.0
2016,England,Male,Victim of volcanic eruption,Undefined,Units,"Rate per 1,000,000 population",E92000001,0.0
2016,England,Male,"Victim of avalanche, landslide and other earth movements",Undefined,Units,"Rate per 1,000,000 population",E92000001,0.0
2016,England,Male,Victim of cataclysmic storm,Undefined,Units,"Rate per 1,000,000 population",E92000001,0.0
2016,England,Male,Victim of flood,Undefined,Units,"Rate per 1,000,000 population",E92000001,0.0
2016,England,Male,Exposure to other and unspecified forces of nature,Undefined,Units,"Rate per 1,000,000 population",E92000001,0.146515209011271
2016,England,Female,,Undefined,Units,"Rate per 1,000,000 population",E92000001,0.715124785520668
2016,England,Female,Exposure to excessive natural heat,Undefined,Units,"Rate per 1,000,000 population",E92000001,0.0
2016,England,Female,Exposure to excessive natural cold,Undefined,Units,"Rate per 1,000,000 population",E92000001,0.46483111058843396
2016,England,Female,Exposure to sunlight,Undefined,Units,"Rate per 1,000,000 population",E92000001,0.0
2016,England,Female,Victim of lightning,Undefined,Units,"Rate per 1,000,000 population",E92000001,0.0
2016,England,Female,Victim of earthquake,Undefined,Units,"Rate per 1,000,000 population",E92000001,0.0
2016,England,Female,Victim of volcanic eruption,Undefined,Units,"Rate per 1,000,000 population",E92000001,0.0
2016,England,Female,"Victim of avalanche, landslide and other earth movements",Undefined,Units,"Rate per 1,000,000 population",E92000001,0.0357562392760334
2016,England,Female,Victim of cataclysmic storm,Undefined,Units,"Rate per 1,000,000 population",E92000001,0.0
2016,England,Female,Victim of flood,Undefined,Units,"Rate per 1,000,000 population",E92000001,0.0357562392760334
2016,England,Female,Exposure to other and unspecified forces of nature,Undefined,Units,"Rate per 1,000,000 population",E92000001,0.178781196380167
2016,Wales,,,Undefined,Units,"Rate per 1,000,000 population",W92000004,1.60609029439635
2016,Wales,,Exposure to excessive natural heat,Undefined,Units,"Rate per 1,000,000 population",W92000004,0.0
2016,Wales,,Exposure to excessive natural cold,Undefined,Units,"Rate per 1,000,000 population",W92000004,1.60609029439635
2016,Wales,,Exposure to sunlight,Undefined,Units,"Rate per 1,000,000 population",W92000004,0.0
2016,Wales,,Victim of lightning,Undefined,Units,"Rate per 1,000,000 population",W92000004,0.0
2016,Wales,,Victim of earthquake,Undefined,Units,"Rate per 1,000,000 population",W92000004,0.0
2016,Wales,,Victim of volcanic eruption,Undefined,Units,"Rate per 1,000,000 population",W92000004,0.0
2016,Wales,,"Victim of avalanche, landslide and other earth movements",Undefined,Units,"Rate per 1,000,000 population",W92000004,0.0
2016,Wales,,Victim of cataclysmic storm,Undefined,Units,"Rate per 1,000,000 population",W92000004,0.0
2016,Wales,,Victim of flood,Undefined,Units,"Rate per 1,000,000 population",W92000004,0.0
2016,Wales,,Exposure to other and unspecified forces of nature,Undefined,Units,"Rate per 1,000,000 population",W92000004,0.0
2016,Wales,Male,,Undefined,Units,"Rate per 1,000,000 population",W92000004,2.60749733709334
2016,Wales,Male,Exposure to excessive natural heat,Undefined,Units,"Rate per 1,000,000 population",W92000004,0.0
2016,Wales,Male,Exposure to excessive natural cold,Undefined,Units,"Rate per 1,000,000 population",W92000004,2.60749733709334
2016,Wales,Male,Exposure to sunlight,Undefined,Units,"Rate per 1,000,000 population",W92000004,0.0
2016,Wales,Male,Victim of lightning,Undefined,Units,"Rate per 1,000,000 population",W92000004,0.0
2016,Wales,Male,Victim of earthquake,Undefined,Units,"Rate per 1,000,000 population",W92000004,0.0
2016,Wales,Male,Victim of volcanic eruption,Undefined,Units,"Rate per 1,000,000 population",W92000004,0.0
2016,Wales,Male,"Victim of avalanche, landslide and other earth movements",Undefined,Units,"Rate per 1,000,000 population",W92000004,0.0
2016,Wales,Male,Victim of cataclysmic storm,Undefined,Units,"Rate per 1,000,000 population",W92000004,0.0
2016,Wales,Male,Victim of flood,Undefined,Units,"Rate per 1,000,000 population",W92000004,0.0
2016,Wales,Male,Exposure to other and unspecified forces of nature,Undefined,Units,"Rate per 1,000,000 population",W92000004,0.0
2016,Wales,Female,,Undefined,Units,"Rate per 1,000,000 population",W92000004,0.633267304662367
2016,Wales,Female,Exposure to excessive natural heat,Undefined,Units,"Rate per 1,000,000 population",W92000004,0.0
2016,Wales,Female,Exposure to excessive natural cold,Undefined,Units,"Rate per 1,000,000 population",W92000004,0.633267304662367
2016,Wales,Female,Exposure to sunlight,Undefined,Units,"Rate per 1,000,000 population",W92000004,0.0
2016,Wales,Female,Victim of lightning,Undefined,Units,"Rate per 1,000,000 population",W92000004,0.0
2016,Wales,Female,Victim of earthquake,Undefined,Units,"Rate per 1,000,000 population",W92000004,0.0
2016,Wales,Female,Victim of volcanic eruption,Undefined,Units,"Rate per 1,000,000 population",W92000004,0.0
2016,Wales,Female,"Victim of avalanche, landslide and other earth movements",Undefined,Units,"Rate per 1,000,000 population",W92000004,0.0
2016,Wales,Female,Victim of cataclysmic storm,Undefined,Units,"Rate per 1,000,000 population",W92000004,0.0
2016,Wales,Female,Victim of flood,Undefined,Units,"Rate per 1,000,000 population",W92000004,0.0
2016,Wales,Female,Exposure to other and unspecified forces of nature,Undefined,Units,"Rate per 1,000,000 population",W92000004,0.0
2016,,,Exposure to excessive natural heat,Undefined,Units,"Rate per 1,000,000 population",,0.0342575934996353
2016,,,Exposure to excessive natural cold,Undefined,Units,"Rate per 1,000,000 population",,0.599507886243618
2016,,,Exposure to sunlight,Undefined,Units,"Rate per 1,000,000 population",,0.0
2016,,,Victim of lightning,Undefined,Units,"Rate per 1,000,000 population",,0.0
2016,,,Victim of earthquake,Undefined,Units,"Rate per 1,000,000 population",,0.0
2016,,,Victim of volcanic eruption,Undefined,Units,"Rate per 1,000,000 population",,0.0
2016,,,"Victim of avalanche, landslide and other earth movements",Undefined,Units,"Rate per 1,000,000 population",,0.0171287967498176
2016,,,Victim of cataclysmic storm,Undefined,Units,"Rate per 1,000,000 population",,0.0
2016,,,Victim of flood,Undefined,Units,"Rate per 1,000,000 population",,0.0171287967498176
2016,,,Exposure to other and unspecified forces of nature,Undefined,Units,"Rate per 1,000,000 population",,0.154159170748359
2016,,Male,,Undefined,Units,"Rate per 1,000,000 population",,0.9710435506790049
2016,,Male,Exposure to excessive natural heat,Undefined,Units,"Rate per 1,000,000 population",,0.0693602536199289
2016,,Male,Exposure to excessive natural cold,Undefined,Units,"Rate per 1,000,000 population",,0.7629627898192181
2016,,Male,Exposure to sunlight,Undefined,Units,"Rate per 1,000,000 population",,0.0
2016,,Male,Victim of lightning,Undefined,Units,"Rate per 1,000,000 population",,0.0
2016,,Male,Victim of earthquake,Undefined,Units,"Rate per 1,000,000 population",,0.0
2016,,Male,Victim of volcanic eruption,Undefined,Units,"Rate per 1,000,000 population",,0.0
2016,,Male,"Victim of avalanche, landslide and other earth movements",Undefined,Units,"Rate per 1,000,000 population",,0.0
2016,,Male,Victim of cataclysmic storm,Undefined,Units,"Rate per 1,000,000 population",,0.0
2016,,Male,Victim of flood,Undefined,Units,"Rate per 1,000,000 population",,0.0
2016,,Male,Exposure to other and unspecified forces of nature,Undefined,Units,"Rate per 1,000,000 population",,0.13872050723985802
2016,,Female,,Undefined,Units,"Rate per 1,000,000 population",,0.6769046463716429
2016,,Female,Exposure to excessive natural heat,Undefined,Units,"Rate per 1,000,000 population",,0.0
2016,,Female,Exposure to excessive natural cold,Undefined,Units,"Rate per 1,000,000 population",,0.43998802014156796
2016,,Female,Exposure to sunlight,Undefined,Units,"Rate per 1,000,000 population",,0.0
2016,,Female,Victim of lightning,Undefined,Units,"Rate per 1,000,000 population",,0.0
2016,,Female,Victim of earthquake,Undefined,Units,"Rate per 1,000,000 population",,0.0
2016,,Female,Victim of volcanic eruption,Undefined,Units,"Rate per 1,000,000 population",,0.0
2016,,Female,"Victim of avalanche, landslide and other earth movements",Undefined,Units,"Rate per 1,000,000 population",,0.0338452323185821
2016,,Female,Victim of cataclysmic storm,Undefined,Units,"Rate per 1,000,000 population",,0.0
2016,,Female,Victim of flood,Undefined,Units,"Rate per 1,000,000 population",,0.0338452323185821
2016,,Female,Exposure to other and unspecified forces of nature,Undefined,Units,"Rate per 1,000,000 population",,0.16922616159291098
2016,,,,Undefined,Units,"Rate per 1,000,000 population",,0.8221822439912478
