Year,Age,Sex,Region,Police Force Area,Unit measure,Unit multiplier,Observation status,GeoCode,Value
2007/08,,,,,"Rate per 100,000 population",Units,Undefined,,1.34038152149
2007/08,,Male,,,"Rate per 100,000 population",Units,Undefined,,1.9873112054354798
2007/08,,Female,,,"Rate per 100,000 population",Units,Undefined,,0.7179372472337758
2007/08,Under 1,Male,,,"Rate per 100,000 population",Units,Undefined,,2.88350634371395
2007/08,Under 1,Female,,,"Rate per 100,000 population",Units,Undefined,,3.0321406913280695
2007/08,Under 1,,,,"Rate per 100,000 population",Units,Undefined,,2.9559562518474705
2007/08,1 to 4,Male,,,"Rate per 100,000 population",Units,Undefined,,0.923432089265102
2007/08,1 to 4,Female,,,"Rate per 100,000 population",Units,Undefined,,0.6465168902537571
2007/08,1 to 4,,,,"Rate per 100,000 population",Units,Undefined,,0.7883637510347271
2007/08,5 to 15,Male,,,"Rate per 100,000 population",Units,Undefined,,0.436657387697178
2007/08,5 to 15,Female,,,"Rate per 100,000 population",Units,Undefined,,0.171482465917859
2007/08,5 to 15,,,,"Rate per 100,000 population",Units,Undefined,,0.307129594728539
2007/08,16 to 24,Male,,,"Rate per 100,000 population",Units,Undefined,,4.04721753794266
2007/08,16 to 24,Female,,,"Rate per 100,000 population",Units,Undefined,,1.03487205218263
2007/08,16 to 24,,,,"Rate per 100,000 population",Units,Undefined,,2.55802055718338
2007/08,25 to 34,Male,,,"Rate per 100,000 population",Units,Undefined,,3.2158836689037997
2007/08,25 to 34,Female,,,"Rate per 100,000 population",Units,Undefined,,0.972789682870563
2007/08,25 to 34,,,,"Rate per 100,000 population",Units,Undefined,,2.09091289256889
2007/08,35 to 44,Male,,,"Rate per 100,000 population",Units,Undefined,,2.7399941285839997
2007/08,35 to 44,Female,,,"Rate per 100,000 population",Units,Undefined,,0.7230657989877071
2007/08,35 to 44,,,,"Rate per 100,000 population",Units,Undefined,,1.72401233518684
2007/08,45 to 54,Male,,,"Rate per 100,000 population",Units,Undefined,,1.94086082886174
2007/08,45 to 54,Female,,,"Rate per 100,000 population",Units,Undefined,,0.758959943780744
2007/08,45 to 54,,,,"Rate per 100,000 population",Units,Undefined,,1.34539944201328
2007/08,55 to 64,Male,,,"Rate per 100,000 population",Units,Undefined,,1.3574517788932
2007/08,55 to 64,Female,,,"Rate per 100,000 population",Units,Undefined,,0.520498453813416
2007/08,55 to 64,,,,"Rate per 100,000 population",Units,Undefined,,0.93257483913084
2007/08,65 to 74,Male,,,"Rate per 100,000 population",Units,Undefined,,0.610615312353217
2007/08,65 to 74,Female,,,"Rate per 100,000 population",Units,Undefined,,0.4282288454950321
2007/08,65 to 74,,,,"Rate per 100,000 population",Units,Undefined,,0.515209892029927
2007/08,75 and over,Male,,,"Rate per 100,000 population",Units,Undefined,,0.5510316537072181
2007/08,75 and over,Female,,,"Rate per 100,000 population",Units,Undefined,,0.89924541580326
2007/08,75 and over,,,,"Rate per 100,000 population",Units,Undefined,,0.763540921021236
2008/09,,,,,"Rate per 100,000 population",Units,Undefined,,1.16516963338183
2008/09,,Male,,,"Rate per 100,000 population",Units,Undefined,,1.6459712716707098
2008/09,,Female,,,"Rate per 100,000 population",Units,Undefined,,0.701814692275741
2008/09,Under 1,Male,,,"Rate per 100,000 population",Units,Undefined,,2.77700638711469
2008/09,Under 1,Female,,,"Rate per 100,000 population",Units,Undefined,,1.74774249927177
2008/09,Under 1,,,,"Rate per 100,000 population",Units,Undefined,,2.27466590844469
2008/09,1 to 4,Male,,,"Rate per 100,000 population",Units,Undefined,,0.524344569288389
2008/09,1 to 4,Female,,,"Rate per 100,000 population",Units,Undefined,,0.6280913872968511
2008/09,1 to 4,,,,"Rate per 100,000 population",Units,Undefined,,0.5749990416682629
2008/09,5 to 15,Male,,,"Rate per 100,000 population",Units,Undefined,,0.24764053600418198
2008/09,5 to 15,Female,,,"Rate per 100,000 population",Units,Undefined,,0.17313518972731198
2008/09,5 to 15,,,,"Rate per 100,000 population",Units,Undefined,,0.211273557001605
2008/09,16 to 24,Male,,,"Rate per 100,000 population",Units,Undefined,,3.16474955876087
2008/09,16 to 24,Female,,,"Rate per 100,000 population",Units,Undefined,,0.8347503478126441
2008/09,16 to 24,,,,"Rate per 100,000 population",Units,Undefined,,2.00898676522459
2008/09,25 to 34,Male,,,"Rate per 100,000 population",Units,Undefined,,2.6224258819632302
2008/09,25 to 34,Female,,,"Rate per 100,000 population",Units,Undefined,,0.8
2008/09,25 to 34,,,,"Rate per 100,000 population",Units,Undefined,,1.7109111981897398
2008/09,35 to 44,Male,,,"Rate per 100,000 population",Units,Undefined,,2.1433322657732
2008/09,35 to 44,Female,,,"Rate per 100,000 population",Units,Undefined,,0.8753373696112041
2008/09,35 to 44,,,,"Rate per 100,000 population",Units,Undefined,,1.50517633813847
2008/09,45 to 54,Male,,,"Rate per 100,000 population",Units,Undefined,,2.0924004017408704
2008/09,45 to 54,Female,,,"Rate per 100,000 population",Units,Undefined,,0.823926835297025
2008/09,45 to 54,,,,"Rate per 100,000 population",Units,Undefined,,1.45318663068299
2008/09,55 to 64,Male,,,"Rate per 100,000 population",Units,Undefined,,1.03467736878409
2008/09,55 to 64,Female,,,"Rate per 100,000 population",Units,Undefined,,0.365141187925998
2008/09,55 to 64,,,,"Rate per 100,000 population",Units,Undefined,,0.69489483924766
2008/09,65 to 74,Male,,,"Rate per 100,000 population",Units,Undefined,,0.734585188926128
2008/09,65 to 74,Female,,,"Rate per 100,000 population",Units,Undefined,,0.7144358058415631
2008/09,65 to 74,,,,"Rate per 100,000 population",Units,Undefined,,0.7240652975250129
2008/09,75 and over,Male,,,"Rate per 100,000 population",Units,Undefined,,0.42042042042041994
2008/09,75 and over,Female,,,"Rate per 100,000 population",Units,Undefined,,0.9743170037803499
2008/09,75 and over,,,,"Rate per 100,000 population",Units,Undefined,,0.7563402585738249
2009/10,,,,,"Rate per 100,000 population",Units,Undefined,,1.07720968293826
2009/10,,Male,,,"Rate per 100,000 population",Units,Undefined,,1.48220250868305
2009/10,,Female,,,"Rate per 100,000 population",Units,Undefined,,0.6865029256407061
2009/10,Under 1,Male,,,"Rate per 100,000 population",Units,Undefined,,2.52030243629235
2009/10,Under 1,Female,,,"Rate per 100,000 population",Units,Undefined,,3.2286469034341003
2009/10,Under 1,,,,"Rate per 100,000 population",Units,Undefined,,2.8661507595299502
2009/10,1 to 4,Male,,,"Rate per 100,000 population",Units,Undefined,,0.436681222707423
2009/10,1 to 4,Female,,,"Rate per 100,000 population",Units,Undefined,,0.7617886798202181
2009/10,1 to 4,,,,"Rate per 100,000 population",Units,Undefined,,0.595526110097889
2009/10,5 to 15,Male,,,"Rate per 100,000 population",Units,Undefined,,0.193098121431132
2009/10,5 to 15,Female,,,"Rate per 100,000 population",Units,Undefined,,0.0869212493480906
2009/10,5 to 15,,,,"Rate per 100,000 population",Units,Undefined,,0.14131279587366596
2009/10,16 to 24,Male,,,"Rate per 100,000 population",Units,Undefined,,2.76620968477368
2009/10,16 to 24,Female,,,"Rate per 100,000 population",Units,Undefined,,0.6158014656074879
2009/10,16 to 24,,,,"Rate per 100,000 population",Units,Undefined,,1.6978967495219799
2009/10,25 to 34,Male,,,"Rate per 100,000 population",Units,Undefined,,2.37763384438796
2009/10,25 to 34,Female,,,"Rate per 100,000 population",Units,Undefined,,0.874986328338619
2009/10,25 to 34,,,,"Rate per 100,000 population",Units,Undefined,,1.6265052007162
2009/10,35 to 44,Male,,,"Rate per 100,000 population",Units,Undefined,,1.89620758483033
2009/10,35 to 44,Female,,,"Rate per 100,000 population",Units,Undefined,,1.1564391516165502
2009/10,35 to 44,,,,"Rate per 100,000 population",Units,Undefined,,1.5237481727410098
2009/10,45 to 54,Male,,,"Rate per 100,000 population",Units,Undefined,,1.66194420226678
2009/10,45 to 54,Female,,,"Rate per 100,000 population",Units,Undefined,,0.563350054993695
2009/10,45 to 54,,,,"Rate per 100,000 population",Units,Undefined,,1.10839269542179
2009/10,55 to 64,Male,,,"Rate per 100,000 population",Units,Undefined,,1.24933629009588
2009/10,55 to 64,Female,,,"Rate per 100,000 population",Units,Undefined,,0.48474566001151204
2009/10,55 to 64,,,,"Rate per 100,000 population",Units,Undefined,,0.8612204724409441
2009/10,65 to 74,Male,,,"Rate per 100,000 population",Units,Undefined,,0.5354513408593989
2009/10,65 to 74,Female,,,"Rate per 100,000 population",Units,Undefined,,0.41023957991466997
2009/10,65 to 74,,,,"Rate per 100,000 population",Units,Undefined,,0.47021608566482104
2009/10,75 and over,Male,,,"Rate per 100,000 population",Units,Undefined,,0.766690257136117
2009/10,75 and over,Female,,,"Rate per 100,000 population",Units,Undefined,,0.893724499708568
2009/10,75 and over,,,,"Rate per 100,000 population",Units,Undefined,,0.8432690731067429
2010/11,,,,,"Rate per 100,000 population",Units,Undefined,,1.1366023669340202
2010/11,,Male,,,"Rate per 100,000 population",Units,Undefined,,1.5782147906490702
2010/11,,Female,,,"Rate per 100,000 population",Units,Undefined,,0.709755787511123
2010/11,Under 1,Male,,,"Rate per 100,000 population",Units,Undefined,,2.76014352746342
2010/11,Under 1,Female,,,"Rate per 100,000 population",Units,Undefined,,2.02780996523754
2010/11,Under 1,,,,"Rate per 100,000 population",Units,Undefined,,2.40282685512367
2010/11,1 to 4,Male,,,"Rate per 100,000 population",Units,Undefined,,0.6397952655150351
2010/11,1 to 4,Female,,,"Rate per 100,000 population",Units,Undefined,,0.521687285735579
2010/11,1 to 4,,,,"Rate per 100,000 population",Units,Undefined,,0.582135710387484
2010/11,5 to 15,Male,,,"Rate per 100,000 population",Units,Undefined,,0.41492628143066496
2010/11,5 to 15,Female,,,"Rate per 100,000 population",Units,Undefined,,0.232247575915926
2010/11,5 to 15,,,,"Rate per 100,000 population",Units,Undefined,,0.32579288071731
2010/11,16 to 24,Male,,,"Rate per 100,000 population",Units,Undefined,,2.4887556221889
2010/11,16 to 24,Female,,,"Rate per 100,000 population",Units,Undefined,,0.67538527660097
2010/11,16 to 24,,,,"Rate per 100,000 population",Units,Undefined,,1.5927431587888998
2010/11,25 to 34,Male,,,"Rate per 100,000 population",Units,Undefined,,2.26843100189035
2010/11,25 to 34,Female,,,"Rate per 100,000 population",Units,Undefined,,1.04960034448421
2010/11,25 to 34,,,,"Rate per 100,000 population",Units,Undefined,,1.65797242104411
2010/11,35 to 44,Male,,,"Rate per 100,000 population",Units,Undefined,,2.2332191346275803
2010/11,35 to 44,Female,,,"Rate per 100,000 population",Units,Undefined,,1.15020128522491
2010/11,35 to 44,,,,"Rate per 100,000 population",Units,Undefined,,1.6876999420640302
2010/11,45 to 54,Male,,,"Rate per 100,000 population",Units,Undefined,,1.80855873826431
2010/11,45 to 54,Female,,,"Rate per 100,000 population",Units,Undefined,,0.497395219770151
2010/11,45 to 54,,,,"Rate per 100,000 population",Units,Undefined,,1.1477875405683502
2010/11,55 to 64,Male,,,"Rate per 100,000 population",Units,Undefined,,1.27570864059242
2010/11,55 to 64,Female,,,"Rate per 100,000 population",Units,Undefined,,0.5436259853220979
2010/11,55 to 64,,,,"Rate per 100,000 population",Units,Undefined,,0.904214559386973
2010/11,65 to 74,Male,,,"Rate per 100,000 population",Units,Undefined,,0.7396771526780659
2010/11,65 to 74,Female,,,"Rate per 100,000 population",Units,Undefined,,0.602603246022818
2010/11,65 to 74,,,,"Rate per 100,000 population",Units,Undefined,,0.66840731070496
2010/11,75 and over,Male,,,"Rate per 100,000 population",Units,Undefined,,0.9781357882623699
2010/11,75 and over,Female,,,"Rate per 100,000 population",Units,Undefined,,0.770594128072744
2010/11,75 and over,,,,"Rate per 100,000 population",Units,Undefined,,0.8538330179535691
2011/12,,,,,"Rate per 100,000 population",Units,Undefined,,0.93642626978334
2011/12,,Male,,,"Rate per 100,000 population",Units,Undefined,,1.28448665762098
2011/12,,Female,,,"Rate per 100,000 population",Units,Undefined,,0.595790912436259
2011/12,Under 1,Male,,,"Rate per 100,000 population",Units,Undefined,,1.36425648021828
2011/12,Under 1,Female,,,"Rate per 100,000 population",Units,Undefined,,2.57953568357695
2011/12,Under 1,,,,"Rate per 100,000 population",Units,Undefined,,1.95694716242661
2011/12,1 to 4,Male,,,"Rate per 100,000 population",Units,Undefined,,0.769930706236438
2011/12,1 to 4,Female,,,"Rate per 100,000 population",Units,Undefined,,0.5136106831022079
2011/12,1 to 4,,,,"Rate per 100,000 population",Units,Undefined,,0.64479151740937
2011/12,5 to 15,Male,,,"Rate per 100,000 population",Units,Undefined,,0.19303954552975502
2011/12,5 to 15,Female,,,"Rate per 100,000 population",Units,Undefined,,0.20275162925416298
2011/12,5 to 15,,,,"Rate per 100,000 population",Units,Undefined,,0.197776427875174
2011/12,16 to 24,Male,,,"Rate per 100,000 population",Units,Undefined,,1.9258118037449599
2011/12,16 to 24,Female,,,"Rate per 100,000 population",Units,Undefined,,1.00794135613927
2011/12,16 to 24,,,,"Rate per 100,000 population",Units,Undefined,,1.4738615171749898
2011/12,25 to 34,Male,,,"Rate per 100,000 population",Units,Undefined,,2.12049725660667
2011/12,25 to 34,Female,,,"Rate per 100,000 population",Units,Undefined,,0.768293329094473
2011/12,25 to 34,,,,"Rate per 100,000 population",Units,Undefined,,1.4442250871172402
2011/12,35 to 44,Male,,,"Rate per 100,000 population",Units,Undefined,,2.24736515809051
2011/12,35 to 44,Female,,,"Rate per 100,000 population",Units,Undefined,,0.662217920635729
2011/12,35 to 44,,,,"Rate per 100,000 population",Units,Undefined,,1.4492010157231798
2011/12,45 to 54,Male,,,"Rate per 100,000 population",Units,Undefined,,1.01750632680216
2011/12,45 to 54,Female,,,"Rate per 100,000 population",Units,Undefined,,0.6402376562179879
2011/12,45 to 54,,,,"Rate per 100,000 population",Units,Undefined,,0.8271191697791329
2011/12,55 to 64,Male,,,"Rate per 100,000 population",Units,Undefined,,1.02189328956739
2011/12,55 to 64,Female,,,"Rate per 100,000 population",Units,Undefined,,0.27042456656951397
2011/12,55 to 64,,,,"Rate per 100,000 population",Units,Undefined,,0.640497758257846
2011/12,65 to 74,Male,,,"Rate per 100,000 population",Units,Undefined,,0.552509668919206
2011/12,65 to 74,Female,,,"Rate per 100,000 population",Units,Undefined,,0.314700444514377
2011/12,65 to 74,,,,"Rate per 100,000 population",Units,Undefined,,0.429009193054136
2011/12,75 and over,Male,,,"Rate per 100,000 population",Units,Undefined,,0.841798080700376
2011/12,75 and over,Female,,,"Rate per 100,000 population",Units,Undefined,,0.6490035886080779
2011/12,75 and over,,,,"Rate per 100,000 population",Units,Undefined,,0.727057914707018
2012/13,,,,,"Rate per 100,000 population",Units,Undefined,,0.961674444915853
2012/13,,Male,,,"Rate per 100,000 population",Units,Undefined,,1.34681343940237
2012/13,,Female,,,"Rate per 100,000 population",Units,Undefined,,0.588347925986527
2012/13,Under 1,Male,,,"Rate per 100,000 population",Units,Undefined,,2.66737796745798
2012/13,Under 1,Female,,,"Rate per 100,000 population",Units,Undefined,,3.3604032483897996
2012/13,Under 1,,,,"Rate per 100,000 population",Units,Undefined,,3.00546448087431
2012/13,1 to 4,Male,,,"Rate per 100,000 population",Units,Undefined,,0.9627286480539119
2012/13,1 to 4,Female,,,"Rate per 100,000 population",Units,Undefined,,0.5767428447840811
2012/13,1 to 4,,,,"Rate per 100,000 population",Units,Undefined,,0.7742934572202859
2012/13,5 to 15,Male,,,"Rate per 100,000 population",Units,Undefined,,0.38438306518038506
2012/13,5 to 15,Female,,,"Rate per 100,000 population",Units,Undefined,,0.25926139309788504
2012/13,5 to 15,,,,"Rate per 100,000 population",Units,Undefined,,0.323324336482231
2012/13,16 to 24,Male,,,"Rate per 100,000 population",Units,Undefined,,2.01153675491791
2012/13,16 to 24,Female,,,"Rate per 100,000 population",Units,Undefined,,0.583448487640104
2012/13,16 to 24,,,,"Rate per 100,000 population",Units,Undefined,,1.3108332077745901
2012/13,25 to 34,Male,,,"Rate per 100,000 population",Units,Undefined,,1.8128316956544501
2012/13,25 to 34,Female,,,"Rate per 100,000 population",Units,Undefined,,0.7321409894362509
2012/13,25 to 34,,,,"Rate per 100,000 population",Units,Undefined,,1.27119754671978
2012/13,35 to 44,Male,,,"Rate per 100,000 population",Units,Undefined,,2.0018965335581003
2012/13,35 to 44,Female,,,"Rate per 100,000 population",Units,Undefined,,0.6231500233681251
2012/13,35 to 44,,,,"Rate per 100,000 population",Units,Undefined,,1.3075655744135501
2012/13,45 to 54,Male,,,"Rate per 100,000 population",Units,Undefined,,1.6933063088488
2012/13,45 to 54,Female,,,"Rate per 100,000 population",Units,Undefined,,0.553445196347261
2012/13,45 to 54,,,,"Rate per 100,000 population",Units,Undefined,,1.1177725840869799
2012/13,55 to 64,Male,,,"Rate per 100,000 population",Units,Undefined,,0.819026618365096
2012/13,55 to 64,Female,,,"Rate per 100,000 population",Units,Undefined,,0.518941359626362
2012/13,55 to 64,,,,"Rate per 100,000 population",Units,Undefined,,0.6666253255612049
2012/13,65 to 74,Male,,,"Rate per 100,000 population",Units,Undefined,,0.8449004224502109
2012/13,65 to 74,Female,,,"Rate per 100,000 population",Units,Undefined,,0.3735245779172271
2012/13,65 to 74,,,,"Rate per 100,000 population",Units,Undefined,,0.6004609990896229
2012/13,75 and over,Male,,,"Rate per 100,000 population",Units,Undefined,,0.600633395216774
2012/13,75 and over,Female,,,"Rate per 100,000 population",Units,Undefined,,0.7551729346020241
2012/13,75 and over,,,,"Rate per 100,000 population",Units,Undefined,,0.691995178356176
2013/14,,,,,"Rate per 100,000 population",Units,Undefined,,0.9148660268258729
2013/14,,Male,,,"Rate per 100,000 population",Units,Undefined,,1.20859079169328
2013/14,,Female,,,"Rate per 100,000 population",Units,Undefined,,0.629778857998466
2013/14,Under 1,Male,,,"Rate per 100,000 population",Units,Undefined,,2.19203305585848
2013/14,Under 1,Female,,,"Rate per 100,000 population",Units,Undefined,,2.31234590382375
2013/14,Under 1,,,,"Rate per 100,000 population",Units,Undefined,,2.2505826899245602
2013/14,1 to 4,Male,,,"Rate per 100,000 population",Units,Undefined,,0.406627210273029
2013/14,1 to 4,Female,,,"Rate per 100,000 population",Units,Undefined,,0.78212377890925
2013/14,1 to 4,,,,"Rate per 100,000 population",Units,Undefined,,0.589872240612356
2013/14,5 to 15,Male,,,"Rate per 100,000 population",Units,Undefined,,0.16339704638052302
2013/14,5 to 15,Female,,,"Rate per 100,000 population",Units,Undefined,,0.14287922790351298
2013/14,5 to 15,,,,"Rate per 100,000 population",Units,Undefined,,0.153385011997496
2013/14,16 to 24,Male,,,"Rate per 100,000 population",Units,Undefined,,2.16710261052742
2013/14,16 to 24,Female,,,"Rate per 100,000 population",Units,Undefined,,0.742426782798713
2013/14,16 to 24,,,,"Rate per 100,000 population",Units,Undefined,,1.46943091364518
2013/14,25 to 34,Male,,,"Rate per 100,000 population",Units,Undefined,,1.71042814348833
2013/14,25 to 34,Female,,,"Rate per 100,000 population",Units,Undefined,,0.7218336637440992
2013/14,25 to 34,,,,"Rate per 100,000 population",Units,Undefined,,1.21483237962529
2013/14,35 to 44,Male,,,"Rate per 100,000 population",Units,Undefined,,1.8171750837503897
2013/14,35 to 44,Female,,,"Rate per 100,000 population",Units,Undefined,,0.6070164770663891
2013/14,35 to 44,,,,"Rate per 100,000 population",Units,Undefined,,1.2083234631453301
2013/14,45 to 54,Male,,,"Rate per 100,000 population",Units,Undefined,,1.4453574990345202
2013/14,45 to 54,Female,,,"Rate per 100,000 population",Units,Undefined,,0.5955100034514761
2013/14,45 to 54,,,,"Rate per 100,000 population",Units,Undefined,,1.01582428497257
2013/14,55 to 64,Male,,,"Rate per 100,000 population",Units,Undefined,,0.9475825747145171
2013/14,55 to 64,Female,,,"Rate per 100,000 population",Units,Undefined,,0.5507514391441071
2013/14,55 to 64,,,,"Rate per 100,000 population",Units,Undefined,,0.746011983128317
2013/14,65 to 74,Male,,,"Rate per 100,000 population",Units,Undefined,,0.46537313618058895
2013/14,65 to 74,Female,,,"Rate per 100,000 population",Units,Undefined,,0.612725221572253
2013/14,65 to 74,,,,"Rate per 100,000 population",Units,Undefined,,0.54174560896503
2013/14,75 and over,Male,,,"Rate per 100,000 population",Units,Undefined,,0.691801408294805
2013/14,75 and over,Female,,,"Rate per 100,000 population",Units,Undefined,,0.8976690899991809
2013/14,75 and over,,,,"Rate per 100,000 population",Units,Undefined,,0.8126968730719041
2014/15,,,,,"Rate per 100,000 population",Units,Undefined,,0.888367806010571
2014/15,,Male,,,"Rate per 100,000 population",Units,Undefined,,1.1450984256274999
2014/15,,Female,,,"Rate per 100,000 population",Units,Undefined,,0.635430003898792
2014/15,Under 1,Male,,,"Rate per 100,000 population",Units,Undefined,,4.47372247262641
2014/15,Under 1,Female,,,"Rate per 100,000 population",Units,Undefined,,2.64574373326199
2014/15,Under 1,,,,"Rate per 100,000 population",Units,Undefined,,3.58262170524194
2014/15,1 to 4,Male,,,"Rate per 100,000 population",Units,Undefined,,0.469428470836756
2014/15,1 to 4,Female,,,"Rate per 100,000 population",Units,Undefined,,0.42264116919453004
2014/15,1 to 4,,,,"Rate per 100,000 population",Units,Undefined,,0.44660969988171706
2014/15,5 to 15,Male,,,"Rate per 100,000 population",Units,Undefined,,0.24248106627007504
2014/15,5 to 15,Female,,,"Rate per 100,000 population",Units,Undefined,,0.19784434454875197
2014/15,5 to 15,,,,"Rate per 100,000 population",Units,Undefined,,0.22069680879311201
2014/15,16 to 24,Male,,,"Rate per 100,000 population",Units,Undefined,,2.02050695708086
2014/15,16 to 24,Female,,,"Rate per 100,000 population",Units,Undefined,,0.5909845616169829
2014/15,16 to 24,,,,"Rate per 100,000 population",Units,Undefined,,1.3220948182089198
2014/15,25 to 34,Male,,,"Rate per 100,000 population",Units,Undefined,,1.3610948749898502
2014/15,25 to 34,Female,,,"Rate per 100,000 population",Units,Undefined,,0.5632591196772011
2014/15,25 to 34,,,,"Rate per 100,000 population",Units,Undefined,,0.9615675551208979
2014/15,35 to 44,Male,,,"Rate per 100,000 population",Units,Undefined,,1.53526627846875
2014/15,35 to 44,Female,,,"Rate per 100,000 population",Units,Undefined,,0.8788282290279621
2014/15,35 to 44,,,,"Rate per 100,000 population",Units,Undefined,,1.2051885778654199
2014/15,45 to 54,Male,,,"Rate per 100,000 population",Units,Undefined,,1.3040677132144398
2014/15,45 to 54,Female,,,"Rate per 100,000 population",Units,Undefined,,0.8085066661374621
2014/15,45 to 54,,,,"Rate per 100,000 population",Units,Undefined,,1.05339837469305
2014/15,55 to 64,Male,,,"Rate per 100,000 population",Units,Undefined,,0.846867531098857
2014/15,55 to 64,Female,,,"Rate per 100,000 population",Units,Undefined,,0.5770657663630789
2014/15,55 to 64,,,,"Rate per 100,000 population",Units,Undefined,,0.70979559584177
2014/15,65 to 74,Male,,,"Rate per 100,000 population",Units,Undefined,,0.792001837444262
2014/15,65 to 74,Female,,,"Rate per 100,000 population",Units,Undefined,,0.31581030608334804
2014/15,65 to 74,,,,"Rate per 100,000 population",Units,Undefined,,0.5453235686483301
2014/15,75 and over,Male,,,"Rate per 100,000 population",Units,Undefined,,0.723632760509086
2014/15,75 and over,Female,,,"Rate per 100,000 population",Units,Undefined,,1.03075667479369
2014/15,75 and over,,,,"Rate per 100,000 population",Units,Undefined,,0.9030055896045992
2015/16,,,,,"Rate per 100,000 population",Units,Undefined,,0.984704039340619
2015/16,,Male,,,"Rate per 100,000 population",Units,Undefined,,1.37629874185633
2015/16,,Female,,,"Rate per 100,000 population",Units,Undefined,,0.600056609886082
2015/16,Under 1,Male,,,"Rate per 100,000 population",Units,Undefined,,1.9586939428788799
2015/16,Under 1,Female,,,"Rate per 100,000 population",Units,Undefined,,2.35892173687407
2015/16,Under 1,,,,"Rate per 100,000 population",Units,Undefined,,2.15356652151628
2015/16,1 to 4,Male,,,"Rate per 100,000 population",Units,Undefined,,0.200926270105184
2015/16,1 to 4,Female,,,"Rate per 100,000 population",Units,Undefined,,0.42223845494504497
2015/16,1 to 4,,,,"Rate per 100,000 population",Units,Undefined,,0.308845012307473
2015/16,5 to 15,Male,,,"Rate per 100,000 population",Units,Undefined,,0.18601576031816103
2015/16,5 to 15,Female,,,"Rate per 100,000 population",Units,Undefined,,0.19516661513338604
2015/16,5 to 15,,,,"Rate per 100,000 population",Units,Undefined,,0.190481347726285
2015/16,16 to 24,Male,,,"Rate per 100,000 population",Units,Undefined,,2.1147511637833
2015/16,16 to 24,Female,,,"Rate per 100,000 population",Units,Undefined,,0.499828964776115
2015/16,16 to 24,,,,"Rate per 100,000 population",Units,Undefined,,1.32653011436824
2015/16,25 to 34,Male,,,"Rate per 100,000 population",Units,Undefined,,1.9312412061821003
2015/16,25 to 34,Female,,,"Rate per 100,000 population",Units,Undefined,,0.712881229149815
2015/16,25 to 34,,,,"Rate per 100,000 population",Units,Undefined,,1.32264769650729
2015/16,35 to 44,Male,,,"Rate per 100,000 population",Units,Undefined,,2.01963516233288
2015/16,35 to 44,Female,,,"Rate per 100,000 population",Units,Undefined,,0.799065200257725
2015/16,35 to 44,,,,"Rate per 100,000 population",Units,Undefined,,1.40601229604619
2015/16,45 to 54,Male,,,"Rate per 100,000 population",Units,Undefined,,1.7423918460044199
2015/16,45 to 54,Female,,,"Rate per 100,000 population",Units,Undefined,,0.8987890639233349
2015/16,45 to 54,,,,"Rate per 100,000 population",Units,Undefined,,1.3154471856560601
2015/16,55 to 64,Male,,,"Rate per 100,000 population",Units,Undefined,,1.05230578768183
2015/16,55 to 64,Female,,,"Rate per 100,000 population",Units,Undefined,,0.479883868103918
2015/16,55 to 64,,,,"Rate per 100,000 population",Units,Undefined,,0.7615983817557579
2015/16,65 to 74,Male,,,"Rate per 100,000 population",Units,Undefined,,0.994779617628821
2015/16,65 to 74,Female,,,"Rate per 100,000 population",Units,Undefined,,0.308463942107487
2015/16,65 to 74,,,,"Rate per 100,000 population",Units,Undefined,,0.639221343174501
2015/16,75 and over,Male,,,"Rate per 100,000 population",Units,Undefined,,1.1660802466006202
2015/16,75 and over,Female,,,"Rate per 100,000 population",Units,Undefined,,0.695442618114523
2015/16,75 and over,,,,"Rate per 100,000 population",Units,Undefined,,0.892763577286649
2016/17,,,,,"Rate per 100,000 population",Units,Undefined,,1.20929305053712
2016/17,,Male,,,"Rate per 100,000 population",Units,Undefined,,1.8068346067991399
2016/17,,Female,,,"Rate per 100,000 population",Units,Undefined,,0.6261367978937701
2016/17,Under 1,Male,,,"Rate per 100,000 population",Units,Undefined,,4.4420136758496
2016/17,Under 1,Female,,,"Rate per 100,000 population",Units,Undefined,,2.04528255578508
2016/17,Under 1,,,,"Rate per 100,000 population",Units,Undefined,,3.2742637177413796
2016/17,1 to 4,Male,,,"Rate per 100,000 population",Units,Undefined,,0.538310552703631
2016/17,1 to 4,Female,,,"Rate per 100,000 population",Units,Undefined,,0.282939858303718
2016/17,1 to 4,,,,"Rate per 100,000 population",Units,Undefined,,0.413813223332582
2016/17,5 to 15,Male,,,"Rate per 100,000 population",Units,Undefined,,0.547912609504248
2016/17,5 to 15,Female,,,"Rate per 100,000 population",Units,Undefined,,0.273886759875808
2016/17,5 to 15,,,,"Rate per 100,000 population",Units,Undefined,,0.414224080796678
2016/17,16 to 24,Male,,,"Rate per 100,000 population",Units,Undefined,,3.8986670457370605
2016/17,16 to 24,Female,,,"Rate per 100,000 population",Units,Undefined,,0.727150634944772
2016/17,16 to 24,,,,"Rate per 100,000 population",Units,Undefined,,2.3547503779912997
2016/17,25 to 34,Male,,,"Rate per 100,000 population",Units,Undefined,,2.7296916575363905
2016/17,25 to 34,Female,,,"Rate per 100,000 population",Units,Undefined,,0.7338476339993121
2016/17,25 to 34,,,,"Rate per 100,000 population",Units,Undefined,,1.73696355359583
2016/17,35 to 44,Male,,,"Rate per 100,000 population",Units,Undefined,,2.29343007830849
2016/17,35 to 44,Female,,,"Rate per 100,000 population",Units,Undefined,,1.14903950985715
2016/17,35 to 44,,,,"Rate per 100,000 population",Units,Undefined,,1.71846795896352
2016/17,45 to 54,Male,,,"Rate per 100,000 population",Units,Undefined,,1.70633820562958
2016/17,45 to 54,Female,,,"Rate per 100,000 population",Units,Undefined,,0.6992922679977329
2016/17,45 to 54,,,,"Rate per 100,000 population",Units,Undefined,,1.19646476405165
2016/17,55 to 64,Male,,,"Rate per 100,000 population",Units,Undefined,,1.5169626766503
2016/17,55 to 64,Female,,,"Rate per 100,000 population",Units,Undefined,,0.23530761323075802
2016/17,55 to 64,,,,"Rate per 100,000 population",Units,Undefined,,0.866206233249923
2016/17,65 to 74,Male,,,"Rate per 100,000 population",Units,Undefined,,0.6476360026610639
2016/17,65 to 74,Female,,,"Rate per 100,000 population",Units,Undefined,,0.267859444774246
2016/17,65 to 74,,,,"Rate per 100,000 population",Units,Undefined,,0.45092074547605
2016/17,75 and over,Male,,,"Rate per 100,000 population",Units,Undefined,,0.7489069702768799
2016/17,75 and over,Female,,,"Rate per 100,000 population",Units,Undefined,,0.873178467855572
2016/17,75 and over,,,,"Rate per 100,000 population",Units,Undefined,,0.8207937791408101
2017/18,,,,,"Rate per 100,000 population",Units,Undefined,,1.235858379822
2017/18,,Male,,,"Rate per 100,000 population",Units,Undefined,,1.71942955047461
2017/18,,Female,,,"Rate per 100,000 population",Units,Undefined,,0.763709545178331
2017/18,Under 1,Male,,,"Rate per 100,000 population",Units,Undefined,,2.55985801320886
2017/18,Under 1,Female,,,"Rate per 100,000 population",Units,Undefined,,2.69154853759196
2017/18,Under 1,,,,"Rate per 100,000 population",Units,Undefined,,2.62405206119289
2017/18,1 to 4,Male,,,"Rate per 100,000 population",Units,Undefined,,0.47578169232829204
2017/18,1 to 4,Female,,,"Rate per 100,000 population",Units,Undefined,,0.6435885352568521
2017/18,1 to 4,,,,"Rate per 100,000 population",Units,Undefined,,0.557555009771151
2017/18,5 to 15,Male,,,"Rate per 100,000 population",Units,Undefined,,0.357641182688736
2017/18,5 to 15,Female,,,"Rate per 100,000 population",Units,Undefined,,0.50978532939779
2017/18,5 to 15,,,,"Rate per 100,000 population",Units,Undefined,,0.43184690320622704
2017/18,16 to 24,Male,,,"Rate per 100,000 population",Units,Undefined,,3.67389644955861
2017/18,16 to 24,Female,,,"Rate per 100,000 population",Units,Undefined,,0.994607941591488
2017/18,16 to 24,,,,"Rate per 100,000 population",Units,Undefined,,2.3711794371319197
2017/18,25 to 34,Male,,,"Rate per 100,000 population",Units,Undefined,,2.4938837501028703
2017/18,25 to 34,Female,,,"Rate per 100,000 population",Units,Undefined,,1.0078651274886299
2017/18,25 to 34,,,,"Rate per 100,000 population",Units,Undefined,,1.75469490555668
2017/18,35 to 44,Male,,,"Rate per 100,000 population",Units,Undefined,,2.4337545531491402
2017/18,35 to 44,Female,,,"Rate per 100,000 population",Units,Undefined,,0.7753152458524641
2017/18,35 to 44,,,,"Rate per 100,000 population",Units,Undefined,,1.59980554968512
2017/18,45 to 54,Male,,,"Rate per 100,000 population",Units,Undefined,,1.7315053583906799
2017/18,45 to 54,Female,,,"Rate per 100,000 population",Units,Undefined,,0.9163120177455871
2017/18,45 to 54,,,,"Rate per 100,000 population",Units,Undefined,,1.3187160980069799
2017/18,55 to 64,Male,,,"Rate per 100,000 population",Units,Undefined,,1.27414127322863
2017/18,55 to 64,Female,,,"Rate per 100,000 population",Units,Undefined,,0.5169937274299921
2017/18,55 to 64,,,,"Rate per 100,000 population",Units,Undefined,,0.8896681668999978
2017/18,65 to 74,Male,,,"Rate per 100,000 population",Units,Undefined,,0.922215388369729
2017/18,65 to 74,Female,,,"Rate per 100,000 population",Units,Undefined,,0.39571245554417794
2017/18,65 to 74,,,,"Rate per 100,000 population",Units,Undefined,,0.6493725096350639
2017/18,75 and over,Male,,,"Rate per 100,000 population",Units,Undefined,,0.9287688094014859
2017/18,75 and over,Female,,,"Rate per 100,000 population",Units,Undefined,,0.7924335562472941
2017/18,75 and over,,,,"Rate per 100,000 population",Units,Undefined,,0.850273653316886
2017/18,,,,Cleveland,"Rate per 100,000 population",Units,Undefined,E23000013,0.529894904177338
2017/18,,,,Durham,"Rate per 100,000 population",Units,Undefined,E23000008,0.476183673566568
2017/18,,,,Northumbria,"Rate per 100,000 population",Units,Undefined,E23000007,1.03550540948025
2017/18,,,North East,,"Rate per 100,000 population",Units,Undefined,E12000001,0.7940328056544208
2017/18,,,,Cheshire,"Rate per 100,000 population",Units,Undefined,E23000006,0.569189218417824
2017/18,,,,Cumbria,"Rate per 100,000 population",Units,Undefined,E23000002,0.601956358164033
2017/18,,,,Greater Manchester,"Rate per 100,000 population",Units,Undefined,E23000005,3.00128733789028
2017/18,,,,Lancashire,"Rate per 100,000 population",Units,Undefined,E23000003,0.9392840106353779
2017/18,,,,Merseyside,"Rate per 100,000 population",Units,Undefined,E23000004,2.0468300601697402
2017/18,,,North West,,"Rate per 100,000 population",Units,Undefined,E12000002,1.87363257541681
2017/18,,,,Humberside,"Rate per 100,000 population",Units,Undefined,E23000012,1.72070023896224
2017/18,,,,North Yorkshire,"Rate per 100,000 population",Units,Undefined,E23000009,0.7318893968743441
2017/18,,,,South Yorkshire,"Rate per 100,000 population",Units,Undefined,E23000011,0.574116667683331
2017/18,,,,West Yorkshire,"Rate per 100,000 population",Units,Undefined,E23000010,0.996950631438188
2017/18,,,Yorkshire and The Humber,,"Rate per 100,000 population",Units,Undefined,E12000003,0.9724538680728709
2017/18,,,,Derbyshire,"Rate per 100,000 population",Units,Undefined,E23000018,0.8579599618684459
2017/18,,,,Leicestershire,"Rate per 100,000 population",Units,Undefined,E23000021,1.3847525816403898
2017/18,,,,Lincolnshire,"Rate per 100,000 population",Units,Undefined,E23000020,0.6656274004188121
2017/18,,,,Northamptonshire,"Rate per 100,000 population",Units,Undefined,E23000022,0.6745735683187869
2017/18,,,,Nottinghamshire,"Rate per 100,000 population",Units,Undefined,E23000019,1.3076909664708
2017/18,,,East Midlands,,"Rate per 100,000 population",Units,Undefined,E12000004,1.02689500899685
2017/18,,,,Staffordshire,"Rate per 100,000 population",Units,Undefined,E23000015,0.9767333242763508
2017/18,,,,Warwickshire,"Rate per 100,000 population",Units,Undefined,E23000017,2.30267003446919
2017/18,,,,West Mercia,"Rate per 100,000 population",Units,Undefined,E23000016,1.33580798310281
2017/18,,,,West Midlands,"Rate per 100,000 population",Units,Undefined,E23000014,1.4841388698386002
2017/18,,,West Midlands,,"Rate per 100,000 population",Units,Undefined,E12000005,1.43327442120454
2017/18,,,,Bedfordshire,"Rate per 100,000 population",Units,Undefined,E23000026,0.601865783930183
2017/18,,,,Cambridgeshire,"Rate per 100,000 population",Units,Undefined,E23000023,0.7082562612804559
2017/18,,,,Essex,"Rate per 100,000 population",Units,Undefined,E23000028,1.42827400228194
2017/18,,,,Hertfordshire,"Rate per 100,000 population",Units,Undefined,E23000027,0.5927511613688821
2017/18,,,,Norfolk,"Rate per 100,000 population",Units,Undefined,E23000024,0.890481861997573
2017/18,,,,Suffolk,"Rate per 100,000 population",Units,Undefined,E23000025,0.39631270657799794
2017/18,,,East,,"Rate per 100,000 population",Units,Undefined,E12000007,0.875425067504999
2017/18,,,,Metropolitan Police,"Rate per 100,000 population",Units,Undefined,E23000001,1.81460477851217
2017/18,,,London,,"Rate per 100,000 population",Units,Undefined,E12000007,1.8356938429808602
2017/18,,,,Hampshire,"Rate per 100,000 population",Units,Undefined,E23000030,1.01071918228775
2017/18,,,,Kent,"Rate per 100,000 population",Units,Undefined,E23000032,0.709509390629673
2017/18,,,,Surrey,"Rate per 100,000 population",Units,Undefined,E23000031,0.5061919935612371
2017/18,,,,Sussex,"Rate per 100,000 population",Units,Undefined,E23000033,1.77224626897854
2017/18,,,,Thames Valley,"Rate per 100,000 population",Units,Undefined,E23000029,0.919849345401756
2017/18,,,South East,,"Rate per 100,000 population",Units,Undefined,E12000008,1.28132270802344
2017/18,,,,Avon and Somerset,"Rate per 100,000 population",Units,Undefined,E23000036,0.825965524199019
2017/18,,,,Devon and Cornwall,"Rate per 100,000 population",Units,Undefined,E23000035,0.9147582522628829
2017/18,,,,Dorset,"Rate per 100,000 population",Units,Undefined,E23000039,0.38926207588274897
2017/18,,,,Gloucestershire,"Rate per 100,000 population",Units,Undefined,E23000037,0.477601295254712
2017/18,,,,Wiltshire,"Rate per 100,000 population",Units,Undefined,E23000038,0.13958565394482997
2017/18,,,South West,,"Rate per 100,000 population",Units,Undefined,E12000009,0.665549502852509
2017/18,,,,Dyfed-Powys,"Rate per 100,000 population",Units,Undefined,W15000004,1.3546097369347798
2017/18,,,,Gwent,"Rate per 100,000 population",Units,Undefined,W15000002,1.1909967451760302
2017/18,,,,North Wales,"Rate per 100,000 population",Units,Undefined,W15000001,1.43619557536867
2017/18,,,,South Wales,"Rate per 100,000 population",Units,Undefined,W15000003,0.7550680165269279
2017/18,,,Wales,,"Rate per 100,000 population",Units,Undefined,W92000004,1.0879425566329999
