Year,Sex,Age,Nationality,Unit measure,Unit multiplier,Observation status,Value
2002,,,,Percentage (%),Units,Undefined,18.3675475301
2003,,,,Percentage (%),Units,Undefined,17.748482832588802
2004,,,,Percentage (%),Units,Undefined,16.7745140156803
2005,,,,Percentage (%),Units,Undefined,16.8841055256595
2006,,,,Percentage (%),Units,Undefined,16.7564309712497
2007,,,,Percentage (%),Units,Undefined,16.1085609652093
2008,,,,Percentage (%),Units,Undefined,16.1550111786907
2009,,,,Percentage (%),Units,Undefined,16.123852661346298
2009a,,,,Percentage (%),Units,Undefined,15.9201832332026
2010,,,,Percentage (%),Units,Undefined,15.298463565563098
2011,,,,Percentage (%),Units,Undefined,14.5992925246562
2012,,,,Percentage (%),Units,Undefined,13.1600966902194
2013,,,,Percentage (%),Units,Undefined,13.085327162997
2014,,,,Percentage (%),Units,Undefined,14.263995602802
2015,,,,Percentage (%),Units,Undefined,13.672804056013801
2016,,,,Percentage (%),Units,Undefined,10.9098597505109
2017,,,,Percentage (%),Units,Undefined,11.2248582043487
2018,,,,Percentage (%),Units,Undefined,11.2174259722373
2002,,15 to 17,,Percentage (%),Units,Undefined,19.398380254531396
2003,,15 to 17,,Percentage (%),Units,Undefined,20.984915705412604
2004,,15 to 17,,Percentage (%),Units,Undefined,22.4175824175824
2005,,15 to 17,,Percentage (%),Units,Undefined,20.8852599914052
2006,,15 to 17,,Percentage (%),Units,Undefined,23.5245901639344
2007,,15 to 17,,Percentage (%),Units,Undefined,22.3960477562783
2008,,15 to 17,,Percentage (%),Units,Undefined,23.4665611396913
2009,,15 to 17,,Percentage (%),Units,Undefined,25.8325404376784
2009a,,15 to 17,,Percentage (%),Units,Undefined,24.245283018867898
2010,,15 to 17,,Percentage (%),Units,Undefined,28.442028985507196
2011,,15 to 17,,Percentage (%),Units,Undefined,27.1979759645793
2012,,15 to 17,,Percentage (%),Units,Undefined,22.2308892355694
2013,,15 to 17,,Percentage (%),Units,Undefined,21.247113163972198
2014,,15 to 17,,Percentage (%),Units,Undefined,25.2361673414304
2015,,15 to 17,,Percentage (%),Units,Undefined,22.647058823529395
2016,,15 to 17,,Percentage (%),Units,Undefined,23.307086614173198
2017,,15 to 17,,Percentage (%),Units,Undefined,27.580893682588602
2018,,15 to 17,,Percentage (%),Units,Undefined,30.8411214953271
2002,,18 to 20,,Percentage (%),Units,Undefined,25.1980792316926
2003,,18 to 20,,Percentage (%),Units,Undefined,22.9578351164254
2004,,18 to 20,,Percentage (%),Units,Undefined,23.216132368148898
2005,,18 to 20,,Percentage (%),Units,Undefined,23.6845474331071
2006,,18 to 20,,Percentage (%),Units,Undefined,23.9410221167062
2007,,18 to 20,,Percentage (%),Units,Undefined,22.353760445682397
2008,,18 to 20,,Percentage (%),Units,Undefined,21.971671388101896
2009,,18 to 20,,Percentage (%),Units,Undefined,22.393563526651
2009a,,18 to 20,,Percentage (%),Units,Undefined,22.7086183310533
2010,,18 to 20,,Percentage (%),Units,Undefined,21.9864770342737
2011,,18 to 20,,Percentage (%),Units,Undefined,21.533997729279598
2012,,18 to 20,,Percentage (%),Units,Undefined,20.1934703748488
2013,,18 to 20,,Percentage (%),Units,Undefined,20.105229591836697
2014,,18 to 20,,Percentage (%),Units,Undefined,22.2066304157165
2015,,18 to 20,,Percentage (%),Units,Undefined,23.465346534653396
2016,,18 to 20,,Percentage (%),Units,Undefined,19.0173283614827
2017,,18 to 20,,Percentage (%),Units,Undefined,21.1816192560175
2018,,18 to 20,,Percentage (%),Units,Undefined,22.4003772695119
2002,,21 to 24,,Percentage (%),Units,Undefined,20.2501716116238
2003,,21 to 24,,Percentage (%),Units,Undefined,19.4373025784176
2004,,21 to 24,,Percentage (%),Units,Undefined,17.744860943168
2005,,21 to 24,,Percentage (%),Units,Undefined,17.3248997223079
2006,,21 to 24,,Percentage (%),Units,Undefined,17.7994296577946
2007,,21 to 24,,Percentage (%),Units,Undefined,17.401174168297402
2008,,21 to 24,,Percentage (%),Units,Undefined,16.9491525423728
2009,,21 to 24,,Percentage (%),Units,Undefined,17.0666666666666
2009a,,21 to 24,,Percentage (%),Units,Undefined,17.3341002228772
2010,,21 to 24,,Percentage (%),Units,Undefined,16.0431553874176
2011,,21 to 24,,Percentage (%),Units,Undefined,14.892859685342
2012,,21 to 24,,Percentage (%),Units,Undefined,14.059264548375499
2013,,21 to 24,,Percentage (%),Units,Undefined,13.9057869287162
2014,,21 to 24,,Percentage (%),Units,Undefined,17.189128517598
2015,,21 to 24,,Percentage (%),Units,Undefined,16.1738839098752
2016,,21 to 24,,Percentage (%),Units,Undefined,12.6854735299505
2017,,21 to 24,,Percentage (%),Units,Undefined,13.4513614933128
2018,,21 to 24,,Percentage (%),Units,Undefined,14.207082770796498
2002,,25 to 29,,Percentage (%),Units,Undefined,18.5822486947569
2003,,25 to 29,,Percentage (%),Units,Undefined,18.2950397251449
2004,,25 to 29,,Percentage (%),Units,Undefined,16.9462730940751
2005,,25 to 29,,Percentage (%),Units,Undefined,16.618911174785097
2006,,25 to 29,,Percentage (%),Units,Undefined,16.5424138625831
2007,,25 to 29,,Percentage (%),Units,Undefined,15.9288511316121
2008,,25 to 29,,Percentage (%),Units,Undefined,16.550852811118098
2009,,25 to 29,,Percentage (%),Units,Undefined,15.6575121163166
2009a,,25 to 29,,Percentage (%),Units,Undefined,15.603799185888699
2010,,25 to 29,,Percentage (%),Units,Undefined,15.5680224403927
2011,,25 to 29,,Percentage (%),Units,Undefined,14.6472145116519
2012,,25 to 29,,Percentage (%),Units,Undefined,13.3547351524879
2013,,25 to 29,,Percentage (%),Units,Undefined,14.0695030854173
2014,,25 to 29,,Percentage (%),Units,Undefined,14.780614774417401
2015,,25 to 29,,Percentage (%),Units,Undefined,14.5263550472401
2016,,25 to 29,,Percentage (%),Units,Undefined,11.672979797979698
2017,,25 to 29,,Percentage (%),Units,Undefined,11.6337108850067
2018,,25 to 29,,Percentage (%),Units,Undefined,11.921926006528802
2002,,30 to 39,,Percentage (%),Units,Undefined,17.914766318473802
2003,,30 to 39,,Percentage (%),Units,Undefined,17.5810473815461
2004,,30 to 39,,Percentage (%),Units,Undefined,15.6922795630113
2005,,30 to 39,,Percentage (%),Units,Undefined,16.812832280637902
2006,,30 to 39,,Percentage (%),Units,Undefined,16.0428051001821
2007,,30 to 39,,Percentage (%),Units,Undefined,15.4945362846735
2008,,30 to 39,,Percentage (%),Units,Undefined,15.5808263863718
2009,,30 to 39,,Percentage (%),Units,Undefined,15.6378032500115
2009a,,30 to 39,,Percentage (%),Units,Undefined,15.2218996267109
2010,,30 to 39,,Percentage (%),Units,Undefined,14.8514851485148
2011,,30 to 39,,Percentage (%),Units,Undefined,14.665787159190801
2012,,30 to 39,,Percentage (%),Units,Undefined,13.0305676855895
2013,,30 to 39,,Percentage (%),Units,Undefined,12.9817618719889
2014,,30 to 39,,Percentage (%),Units,Undefined,14.3056524773203
2015,,30 to 39,,Percentage (%),Units,Undefined,13.798604187437599
2016,,30 to 39,,Percentage (%),Units,Undefined,10.889674064075502
2017,,30 to 39,,Percentage (%),Units,Undefined,11.2110913725187
2018,,30 to 39,,Percentage (%),Units,Undefined,11.1615962070327
2002,,40 to 49,,Percentage (%),Units,Undefined,14.3829888902162
2003,,40 to 49,,Percentage (%),Units,Undefined,14.4951140065146
2004,,40 to 49,,Percentage (%),Units,Undefined,14.7698786724155
2005,,40 to 49,,Percentage (%),Units,Undefined,14.465124683773
2006,,40 to 49,,Percentage (%),Units,Undefined,14.215975086272199
2007,,40 to 49,,Percentage (%),Units,Undefined,13.792830576877401
2008,,40 to 49,,Percentage (%),Units,Undefined,14.2601298410566
2009,,40 to 49,,Percentage (%),Units,Undefined,14.284678938976601
2009a,,40 to 49,,Percentage (%),Units,Undefined,13.803548247511802
2010,,40 to 49,,Percentage (%),Units,Undefined,12.935427574171
2011,,40 to 49,,Percentage (%),Units,Undefined,12.693752133834
2012,,40 to 49,,Percentage (%),Units,Undefined,11.669753903148901
2013,,40 to 49,,Percentage (%),Units,Undefined,11.5804904051172
2014,,40 to 49,,Percentage (%),Units,Undefined,12.1262569088366
2015,,40 to 49,,Percentage (%),Units,Undefined,11.9823158442233
2016,,40 to 49,,Percentage (%),Units,Undefined,10.0045802525682
2017,,40 to 49,,Percentage (%),Units,Undefined,10.0885762667708
2018,,40 to 49,,Percentage (%),Units,Undefined,9.55505433668238
2002,,50 to 59,,Percentage (%),Units,Undefined,9.68910353154241
2003,,50 to 59,,Percentage (%),Units,Undefined,9.170052234474749
2004,,50 to 59,,Percentage (%),Units,Undefined,11.6246886244118
2005,,50 to 59,,Percentage (%),Units,Undefined,11.7587172308475
2006,,50 to 59,,Percentage (%),Units,Undefined,11.413043478260802
2007,,50 to 59,,Percentage (%),Units,Undefined,11.171721579751198
2008,,50 to 59,,Percentage (%),Units,Undefined,10.1620029455081
2009,,50 to 59,,Percentage (%),Units,Undefined,11.613936724068802
2009a,,50 to 59,,Percentage (%),Units,Undefined,11.2880748556639
2010,,50 to 59,,Percentage (%),Units,Undefined,10.232729959364601
2011,,50 to 59,,Percentage (%),Units,Undefined,9.733468286099859
2012,,50 to 59,,Percentage (%),Units,Undefined,8.59133126934984
2013,,50 to 59,,Percentage (%),Units,Undefined,9.260355029585801
2014,,50 to 59,,Percentage (%),Units,Undefined,9.36141304347826
2015,,50 to 59,,Percentage (%),Units,Undefined,8.499555329691269
2016,,50 to 59,,Percentage (%),Units,Undefined,6.95757575757575
2017,,50 to 59,,Percentage (%),Units,Undefined,7.391405885100419
2018,,50 to 59,,Percentage (%),Units,Undefined,7.08725456024166
2002,,60 and over,,Percentage (%),Units,Undefined,7.941760423560551
2003,,60 and over,,Percentage (%),Units,Undefined,7.41687979539642
2004,,60 and over,,Percentage (%),Units,Undefined,7.311178247734129
2005,,60 and over,,Percentage (%),Units,Undefined,7.88732394366197
2006,,60 and over,,Percentage (%),Units,Undefined,8.80245649948822
2007,,60 and over,,Percentage (%),Units,Undefined,8.04338002711251
2008,,60 and over,,Percentage (%),Units,Undefined,7.73088173840367
2009,,60 and over,,Percentage (%),Units,Undefined,6.695549428909009
2009a,,60 and over,,Percentage (%),Units,Undefined,6.33663366336633
2010,,60 and over,,Percentage (%),Units,Undefined,7.3008073008073
2011,,60 and over,,Percentage (%),Units,Undefined,6.46766169154228
2012,,60 and over,,Percentage (%),Units,Undefined,5.63207835935108
2013,,60 and over,,Percentage (%),Units,Undefined,5.61797752808988
2014,,60 and over,,Percentage (%),Units,Undefined,5.913978494623651
2015,,60 and over,,Percentage (%),Units,Undefined,5.0133852518861
2016,,60 and over,,Percentage (%),Units,Undefined,4.32735426008968
2017,,60 and over,,Percentage (%),Units,Undefined,3.9484621778886098
2018,,60 and over,,Percentage (%),Units,Undefined,3.65342383709323
2002,Male,,,Percentage (%),Units,Undefined,18.081826888543
2003,Male,,,Percentage (%),Units,Undefined,17.3771393820045
2004,Male,,,Percentage (%),Units,Undefined,16.4829516248786
2005,Male,,,Percentage (%),Units,Undefined,16.5508677939617
2006,Male,,,Percentage (%),Units,Undefined,16.5467430188114
2007,Male,,,Percentage (%),Units,Undefined,15.8420696876118
2008,Male,,,Percentage (%),Units,Undefined,15.969195186112401
2009,Male,,,Percentage (%),Units,Undefined,15.9390080598297
2009a,Male,,,Percentage (%),Units,Undefined,15.7591927570684
2010,Male,,,Percentage (%),Units,Undefined,15.1334613240849
2011,Male,,,Percentage (%),Units,Undefined,14.4317579967729
2012,Male,,,Percentage (%),Units,Undefined,13.0497406164174
2013,Male,,,Percentage (%),Units,Undefined,12.9642825888559
2014,Male,,,Percentage (%),Units,Undefined,14.1002696739396
2015,Male,,,Percentage (%),Units,Undefined,13.560743234211099
2016,Male,,,Percentage (%),Units,Undefined,10.783541687173901
2017,Male,,,Percentage (%),Units,Undefined,11.076768960125001
2018,Male,,,Percentage (%),Units,Undefined,11.082689628973
2002,Female,,,Percentage (%),Units,Undefined,22.7127901684114
2003,Female,,,Percentage (%),Units,Undefined,23.3297062023939
2004,Female,,,Percentage (%),Units,Undefined,21.361185983827397
2005,Female,,,Percentage (%),Units,Undefined,22.1754541426672
2006,Female,,,Percentage (%),Units,Undefined,20.2106206587497
2007,Female,,,Percentage (%),Units,Undefined,20.803175344384698
2008,Female,,,Percentage (%),Units,Undefined,19.400665926747998
2009,Female,,,Percentage (%),Units,Undefined,19.5297951582867
2009a,Female,,,Percentage (%),Units,Undefined,18.876247968423396
2010,Female,,,Percentage (%),Units,Undefined,18.420435903445
2011,Female,,,Percentage (%),Units,Undefined,17.849462365591396
2012,Female,,,Percentage (%),Units,Undefined,15.3528983749696
2013,Female,,,Percentage (%),Units,Undefined,15.5982351414482
2014,Female,,,Percentage (%),Units,Undefined,17.663527615169198
2015,Female,,,Percentage (%),Units,Undefined,16.0348360655737
2016,Female,,,Percentage (%),Units,Undefined,13.568099430346901
2017,Female,,,Percentage (%),Units,Undefined,14.250062390816
2018,Female,,,Percentage (%),Units,Undefined,14.0152511175387
2002,,,British nationals,Percentage (%),Units,Undefined,17.570807493127
2003,,,British nationals,Percentage (%),Units,Undefined,16.6614267299651
2004,,,British nationals,Percentage (%),Units,Undefined,15.2068221003743
2005,,,British nationals,Percentage (%),Units,Undefined,15.236790010659302
2006,,,British nationals,Percentage (%),Units,Undefined,15.1375453446191
2007,,,British nationals,Percentage (%),Units,Undefined,14.353593932149801
2008,,,British nationals,Percentage (%),Units,Undefined,14.583539455272698
2009,,,British nationals,Percentage (%),Units,Undefined,14.5568642866167
2009a,,,British nationals,Percentage (%),Units,Undefined,14.8015458828175
2010,,,British nationals,Percentage (%),Units,Undefined,13.4800608313619
2011,,,British nationals,Percentage (%),Units,Undefined,13.122004655620898
2012,,,British nationals,Percentage (%),Units,Undefined,11.8408476473961
2013,,,British nationals,Percentage (%),Units,Undefined,11.8303107552058
2014,,,British nationals,Percentage (%),Units,Undefined,13.009635265341402
2015,,,British nationals,Percentage (%),Units,Undefined,12.3827516930322
2016,,,British nationals,Percentage (%),Units,Undefined,9.97986425037671
2017,,,British nationals,Percentage (%),Units,Undefined,10.370722308007
2018,,,British nationals,Percentage (%),Units,Undefined,10.350745760403099
2002,,,Foreign nationals,Percentage (%),Units,Undefined,18.4162778641783
2003,,,Foreign nationals,Percentage (%),Units,Undefined,18.8734290843806
2004,,,Foreign nationals,Percentage (%),Units,Undefined,20.7895325430552
2005,,,Foreign nationals,Percentage (%),Units,Undefined,23.5312402859807
2006,,,Foreign nationals,Percentage (%),Units,Undefined,22.005699053221804
2007,,,Foreign nationals,Percentage (%),Units,Undefined,22.2212205895609
2008,,,Foreign nationals,Percentage (%),Units,Undefined,20.9427726561141
2009,,,Foreign nationals,Percentage (%),Units,Undefined,21.0132158590308
2009a,,,Foreign nationals,Percentage (%),Units,Undefined,20.484869625882897
2010,,,Foreign nationals,Percentage (%),Units,Undefined,22.442748091602997
2011,,,Foreign nationals,Percentage (%),Units,Undefined,21.912978940532497
2012,,,Foreign nationals,Percentage (%),Units,Undefined,19.086640272534698
2013,,,Foreign nationals,Percentage (%),Units,Undefined,19.0153903207862
2014,,,Foreign nationals,Percentage (%),Units,Undefined,20.7956433450249
2015,,,Foreign nationals,Percentage (%),Units,Undefined,21.2233637747336
2016,,,Foreign nationals,Percentage (%),Units,Undefined,17.2783338388433
2017,,,Foreign nationals,Percentage (%),Units,Undefined,16.7384173841738
2018,,,Foreign nationals,Percentage (%),Units,Undefined,17.1630266931392
2002,,,Nationality not recorded,Percentage (%),Units,Undefined,71.03301384451541
2003,,,Nationality not recorded,Percentage (%),Units,Undefined,70.1413427561837
2004,,,Nationality not recorded,Percentage (%),Units,Undefined,72.407883461868
2005,,,Nationality not recorded,Percentage (%),Units,Undefined,67.433831990794
2006,,,Nationality not recorded,Percentage (%),Units,Undefined,69.7033898305084
2007,,,Nationality not recorded,Percentage (%),Units,Undefined,74.4851258581235
2008,,,Nationality not recorded,Percentage (%),Units,Undefined,75.3699788583509
2009,,,Nationality not recorded,Percentage (%),Units,Undefined,80.3203661327231
2009a,,,Nationality not recorded,Percentage (%),Units,Undefined,42.2027290448343
2010,,,Nationality not recorded,Percentage (%),Units,Undefined,32.6902841108383
2011,,,Nationality not recorded,Percentage (%),Units,Undefined,33.1629392971246
2012,,,Nationality not recorded,Percentage (%),Units,Undefined,29.7075423293996
2013,,,Nationality not recorded,Percentage (%),Units,Undefined,43.443557582668106
2014,,,Nationality not recorded,Percentage (%),Units,Undefined,46.8934911242603
2015,,,Nationality not recorded,Percentage (%),Units,Undefined,47.5
2016,,,Nationality not recorded,Percentage (%),Units,Undefined,37.6984126984126
2017,,,Nationality not recorded,Percentage (%),Units,Undefined,43.75
2018,,,Nationality not recorded,Percentage (%),Units,Undefined,44.5205479452054
2019 Q1,,,,Percentage (%),Units,Undefined,11.056704147019708
2019 Q1,,15 to 17,,Percentage (%),Units,Undefined,29.725085910652922
2019 Q1,,18 to 20,,Percentage (%),Units,Undefined,23.11365807067813
2019 Q1,,21 to 24,,Percentage (%),Units,Undefined,13.62805205980424
2019 Q1,,25 to 29,,Percentage (%),Units,Undefined,11.941727652007387
2019 Q1,,30 to 39,,Percentage (%),Units,Undefined,11.023499708681298
2019 Q1,,40 to 49,,Percentage (%),Units,Undefined,9.645293315143247
2019 Q1,,50 to 59,,Percentage (%),Units,Undefined,6.877562975981253
2019 Q1,,60 and over,,Percentage (%),Units,Undefined,2.9909484454939004
2019 Q1,Male,,,Percentage (%),Units,Undefined,10.885482645046869
2019 Q1,Female,,,Percentage (%),Units,Undefined,14.64190981432361
