Year,Sex,Age,Region,County,Local Authority,Disability status,Ethnicity,Ethnic group,Economic activity,GeoCode,Value
2011,Female,16 to 24,,,,,,,,,97.3
2011,Female,25 to 34,,,,,,,,,96.1
2011,Female,35 to 44,,,,,,,,,92.9
2011,Female,45 to 54,,,,,,,,,86.2
2011,Female,55 to 64,,,,,,,,,73.3
2011,Female,65 to 74,,,,,,,,,47.1
2011,Female,75 and over,,,,,,,,,13.1
2011,Female,,,,,,,,,,76.8
2011,Male,16 to 24,,,,,,,,,97.7
2011,Male,25 to 34,,,,,,,,,96.0
2011,Male,35 to 44,,,,,,,,,93.4
2011,Male,45 to 54,,,,,,,,,86.6
2011,Male,55 to 64,,,,,,,,,76.2
2011,Male,65 to 74,,,,,,,,,57.4
2011,Male,75 and over,,,,,,,,,29.3
2011,Male,,,,,,,,,,82.1
2011,,16 to 24,,,,,,,,,97.5
2011,,25 to 34,,,,,,,,,96.0
2011,,35 to 44,,,,,,,,,93.2
2011,,45 to 54,,,,,,,,,86.4
2011,,55 to 64,,,,,,,,,74.7
2011,,65 to 74,,,,,,,,,52.0
2011,,75 and over,,,,,,,,,19.9
2011,,,East Midlands,,,,,,,E12000004,78.2
2011,,,East of England,,,,,,,E12000006,81.7
2011,,,London,,,,,,,E12000007,83.2
2011,,,North East,,,,,,,E12000001,74.3
2011,,,North West,,,,,,,E12000002,76.7
2011,,,Northern Ireland,,,,,,,,68.7
2011,,,Scotland,,,,,,,,78.5
2011,,,South East,,,,,,,E12000008,83.5
2011,,,South West,,,,,,,E12000009,81.1
2011,,,Wales,,,,,,,,77.4
2011,,,West Midlands,,,,,,,E12000005,76.5
2011,,,Yorkshire and the Humber,,,,,,,,78.4
2011,,,,,,,Asian/Asian British,Bangladeshi,,,67.9
2011,,,,,,,Black/African/Caribbean/Black British,,,,81.7
2011,,,,,,,Asian/Asian British,Chinese,,,92.2
2011,,,,,,,Asian/Asian British,Indian,,,82.4
2011,,,,,,,Mixed/multiple ethnic groups,,,,93.1
2011,,,,,,,Asian/Asian British,Any other Asian background,,,87.1
2011,,,,,,,Other ethnic group,,,,85.7
2011,,,,,,,Asian/Asian British,Pakistani,,,72.6
2011,,,,,,,White,,,,79.0
2011,,,,,,,,,Employee,,93.2
2011,,,,,,,,,Government employment  training programmes,,90.8
2011,,,,,,,,,Inactive,,69.9
2011,,,,,,,,,Retired,,39.8
2011,,,,,,,,,Self-employed,,89.8
2011,,,,,,,,,Student,,98.7
2011,,,,,,,,,Unemployed,,89.8
2011,,,,,,,,,Unpaid family worker,,83.9
2011,,,,,,,,,,,79.4
2012,Female,16 to 24,,,,,,,,,97.6
2012,Female,25 to 34,,,,,,,,,96.5
2012,Female,35 to 44,,,,,,,,,94.0
2012,Female,45 to 54,,,,,,,,,87.4
2012,Female,55 to 64,,,,,,,,,76.3
2012,Female,65 to 74,,,,,,,,,51.2
2012,Female,75 and over,,,,,,,,,17.6
2012,Female,,,,,,,,,,78.4
2012,Male,16 to 24,,,,,,,,,97.7
2012,Male,25 to 34,,,,,,,,,96.8
2012,Male,35 to 44,,,,,,,,,94.4
2012,Male,45 to 54,,,,,,,,,88.3
2012,Male,55 to 64,,,,,,,,,79.6
2012,Male,65 to 74,,,,,,,,,61.7
2012,Male,75 and over,,,,,,,,,30.2
2012,Male,,,,,,,,,,83.5
2012,,16 to 24,,,,,,,,,97.6
2012,,25 to 34,,,,,,,,,96.7
2012,,35 to 44,,,,,,,,,94.2
2012,,45 to 54,,,,,,,,,87.8
2012,,55 to 64,,,,,,,,,77.9
2012,,65 to 74,,,,,,,,,56.2
2012,,75 and over,,,,,,,,,22.9
2012,,,East Midlands,,Derby,,,,,E06000015,73.5
2012,,,East Midlands,,East Derbyshire,,,,,E12000004,77.2
2012,,,East Midlands,,Leicester,,,,,E06000016,78.5
2012,,,East Midlands,,Leicestershire CC and Rutland,,,,,E12000004,81.2
2012,,,East Midlands,,Lincolnshire,,,,,E06000012,80.0
2012,,,East Midlands,Nottinghamshire,North Nottinghamshire,,,,,E10000024,77.4
2012,,,East Midlands,,Nottingham,,,,,E06000018,74.7
2012,,,East Midlands,,South and West Derbyshire,,,,,E12000004,83.1
2012,,,East Midlands,Nottinghamshire,South Nottinghamshire,,,,,E10000024,79.0
2012,,,East Midlands,,,,,,,E12000004,79.8
2012,,,East of England,,Cambridgeshire CC,,,,,E12000006,84.3
2012,,,East of England,,Hertfordshire,,,,,E07000242,85.2
2012,,,East of England,,Luton,,,,,E06000032,77.0
2012,,,East of England,,Peterborough,,,,,E06000031,82.3
2012,,,East of England,,Southend-on-Sea,,,,,E06000033,87.2
2012,,,East of England,,Suffolk,,,,,E07000203,79.7
2012,,,East of England,,Thurrock,,,,,E06000034,78.0
2012,,,East of England,,,,,,,E12000006,83.0
2012,,,London,,,,,,,E12000007,84.6
2012,,,North East,,Darlington,,,,,E06000005,77.1
2012,,,North East,,County Durham,,,,,E06000047,71.3
2012,,,North East,,Hartlepool and Stockton-on-Tees,,,,,E12000001,75.6
2012,,,North East,,Northumberland,,,,,E06000057,81.6
2012,,,North East,,Middlesbrough,,,,,E06000002,77.2
2012,,,North East,,Sunderland,,,,,E08000024,75.7
2012,,,North East,,Tyneside,,,,,E08000022,77.3
2012,,,North East,,,,,,,E12000001,76.3
2012,,,North West,,Blackburn with Darwen,,,,,E06000008,74.7
2012,,,North West,,Blackpool,,,,,E06000009,76.8
2012,,,North West,,Carlisle,,,,,E07000028,75.8
2012,,,North West,,Allerdale,,,,,E07000026,79.9
2012,,,North West,,,,,,,E12000002,79.8
2012,,,Northern Ireland,,,,,,,,72.3
2012,,,Scotland,,Angus and Dundee City,,,,,,79.1
2012,,,Scotland,,Clackmannanshire and Fife,,,,,,77.7
2012,,,Scotland,,Dumfries  Galloway,,,,,,75.3
2012,,,Scotland,,East Ayrshire and North Ayrshire mainland,,,,,,76.4
2012,,,Scotland,,"East Dunbartonshire, West Dunbartonshire and Helensburgh  Lomond",,,,,,86.0
2012,,,Scotland,,East Lothian and Midlothian,,,,,,90.7
2012,,,Scotland,,"Edinburgh, City of",,,,,,86.6
2012,,,Scotland,,Falkirk,,,,,S12000014,78.9
2012,,,Scotland,,Glasgow City,,,,,S12000046,78.1
2012,,,Scotland,,Highlands and Islands,,,,,,79.4
2012,,,Scotland,,"Inverclyde, East Renfrewshire and Renfrewshire",,,,,,76.8
2012,,,Scotland,,North Lanarkshire,,,,,S12000044,72.4
2012,,,Scotland,,Perth  Kinross and Stirling,,,,,,78.4
2012,,,Scotland,,Scottish Borders,,,,,S12000026,77.5
2012,,,Scotland,,South Ayrshire,,,,,S12000028,77.6
2012,,,Scotland,,South Lanarkshire,,,,,S12000029,74.9
2012,,,Scotland,,West Lothian,,,,,S12000040,80.3
2012,,,Scotland,,,,,,,,79.6
2012,,,South East,,Berkshire,,,,,E06000037,89.3
2012,,,South East,,Brighton and Hove,,,,,E06000043,86.7
2012,,,South East,Buckinghamshire,,,,,,E10000002,89.6
2012,,,South East,,East Sussex CC,,,,,E12000008,80.3
2012,,,South East,,Isle of Wight,,,,,E06000046,76.6
2012,,,South East,,Medway,,,,,E06000035,80.8
2012,,,South East,,Milton Keynes,,,,,E06000042,88.4
2012,,,South East,,Oxfordshire,,,,,E07000179,86.3
2012,,,South East,,Portsmouth,,,,,E06000044,82.1
2012,,,South East,,Southampton,,,,,E06000045,83.9
2012,,,South East,,,,,,,E12000008,85.0
2012,,,South West,,"Bath and North East Somerset, North Somerset and South Gloucestershire",,,,,E12000009,83.7
2012,,,South West,,Bournemouth and Poole,,,,,E12000009,82.4
2012,,,South West,,"Bristol, City of",,,,,E06000023,84.4
2012,,,South West,,Cornwall and Isles of Scilly,,,,,E12000009,78.7
2012,,,South West,,Devon CC,,,,,E12000009,82.3
2012,,,South West,,Dorset CC,,,,,E12000009,80.7
2012,,,South West,,Gloucestershire,,,,,E06000025,83.7
2012,,,South West,,Plymouth,,,,,E06000026,84.1
2012,,,South West,,Somerset,,,,,E06000024,80.3
2012,,,South West,,Swindon,,,,,E06000030,83.2
2012,,,South West,,Torbay,,,,,E06000027,81.7
2012,,,South West,,Wiltshire,,,,,E06000054,84.3
2012,,,South West,,,,,,,E12000009,82.4
2012,,,Wales,,Bridgend and Neath Port Talbot,,,,,,76.8
2012,,,Wales,,Cardiff and Vale of Glamorgan,,,,,,81.6
2012,,,Wales,,Central Valleys,,,,,,80.5
2012,,,Wales,,Conwy and Denbighshire,,,,,,77.2
2012,,,Wales,,Flintshire and Wrexham,,,,,,80.8
2012,,,Wales,,Gwent,,,,,W06000019,79.6
2012,,,Wales,,Gwynedd,,,,,W06000002,72.6
2012,,,Wales,,Isle of Anglesey,,,,,W06000001,74.6
2012,,,Wales,,Monmouthshire and Newport,,,,,,76.5
2012,,,Wales,,Powys,,,,,W06000023,68.1
2012,,,Wales,,Pembrokeshire,,,,,W06000009,75.5
2012,,,Wales,,Swansea,,,,,W06000011,77.0
2012,,,Wales,,,,,,,,77.8
2012,,,West Midlands,,Birmingham,,,,,E08000025,76.1
2012,,,West Midlands,,Coventry,,,,,E08000026,78.2
2012,,,West Midlands,,"Herefordshire, County of",,,,,E06000019,72.7
2012,,,West Midlands,,Shropshire CC,,,,,E12000005,77.4
2012,,,West Midlands,,Solihull,,,,,E08000029,86.5
2012,,,West Midlands,,Staffordshire CC,,,,,E12000005,79.6
2012,,,West Midlands,,Stoke-on-Trent,,,,,E06000021,73.3
2012,,,West Midlands,,Telford and Wrekin,,,,,E06000020,74.8
2012,,,West Midlands,,Warwickshire,,,,,E07000218,82.7
2012,,,West Midlands,Worcestershire,,,,,,E10000034,78.8
2012,,,West Midlands,,,,,,,E12000005,77.7
2012,,,Yorkshire and the Humber,,"Barnsley, Doncaster and Rotherham",,,,,,74.4
2012,,,Yorkshire and the Humber,,Bradford,,,,,E08000032,80.3
2012,,,Yorkshire and the Humber,,East Riding of Yorkshire,,,,,E06000011,75.7
2012,,,Yorkshire and the Humber,,"Kingston upon Hull, City of",,,,,E06000010,77.0
2012,,,Yorkshire and the Humber,,Leeds,,,,,E08000035,79.4
2012,,,Yorkshire and the Humber,,North and North East Lincolnshire,,,,,,78.0
2012,,,Yorkshire and the Humber,North Yorkshire,,,,,,E10000023,80.0
2012,,,Yorkshire and the Humber,,Sheffield,,,,,E08000019,81.3
2012,,,Yorkshire and the Humber,,York,,,,,E06000014,89.5
2012,,,Yorkshire and the Humber,,,,,,,,78.8
2012,,,,,,,Asian/Asian British,Bangladeshi,,,68.6
2012,,,,,,,Black/African/Caribbean/Black British,,,,82.8
2012,,,,,,,Asian/Asian British,Chinese,,,92.0
2012,,,,,,,Asian/Asian British,Indian,,,79.6
2012,,,,,,,Mixed/multiple ethnic groups,,,,92.5
2012,,,,,,,Asian/Asian British,Any other Asian background,,,86.7
2012,,,,,,,Other ethnic group,,,,86.9
2012,,,,,,,Asian/Asian British,Pakistani,,,77.2
2012,,,,,,,White,,,,80.7
2012,,,,,,,,,Employee,,94.4
2012,,,,,,,,,Government employment  training programmes,,91.6
2012,,,,,,,,,Inactive,,71.5
2012,,,,,,,,,Retired,,43.2
2012,,,,,,,,,Self-employed,,90.9
2012,,,,,,,,,Student,,98.8
2012,,,,,,,,,Unemployed,,90.8
2012,,,,,,,,,Unpaid family worker,,85.9
2012,,,,,,,,,,,80.9
2013,Female,16 to 24,,,,,,,,,98.3
2013,Female,25 to 34,,,,,,,,,98.0
2013,Female,35 to 44,,,,,,,,,96.0
2013,Female,45 to 54,,,,,,,,,90.0
2013,Female,55 to 64,,,,,,,,,80.4
2013,Female,65 to 74,,,,,,,,,56.3
2013,Female,75 and over,,,,,,,,,22.3
2013,Female,,,,,,,,,,81.0
2013,Male,16 to 24,,,,,,,,,98.3
2013,Male,25 to 34,,,,,,,,,97.3
2013,Male,35 to 44,,,,,,,,,95.7
2013,Male,45 to 54,,,,,,,,,90.5
2013,Male,55 to 64,,,,,,,,,82.2
2013,Male,65 to 74,,,,,,,,,66.3
2013,Male,75 and over,,,,,,,,,38.4
2013,Male,,,,,,,,,,85.6
2013,,16 to 24,,,,,,,,,98.3
2013,,25 to 34,,,,,,,,,97.7
2013,,35 to 44,,,,,,,,,95.8
2013,,45 to 54,,,,,,,,,90.2
2013,,55 to 64,,,,,,,,,81.3
2013,,65 to 74,,,,,,,,,61.1
2013,,75 and over,,,,,,,,,29.1
2013,,,East Midlands,,Derby,,,,,E06000015,89.6
2013,,,East Midlands,,East Derbyshire,,,,,E12000004,79.0
2013,,,East Midlands,,Leicester,,,,,E06000016,80.6
2013,,,East Midlands,,Leicestershire CC and Rutland,,,,,E12000004,83.1
2013,,,East Midlands,,Lincolnshire,,,,,E06000012,81.4
2013,,,East Midlands,Nottinghamshire,North Nottinghamshire,,,,,E10000024,77.6
2013,,,East Midlands,,Nottingham,,,,,E06000018,82.9
2013,,,East Midlands,,South and West Derbyshire,,,,,E12000004,84.0
2013,,,East Midlands,Nottinghamshire,South Nottinghamshire,,,,,E10000024,83.5
2013,,,East Midlands,,,,,,,E12000004,83.0
2013,,,East of England,,Cambridgeshire CC,,,,,E12000006,84.2
2013,,,East of England,,Hertfordshire,,,,,E07000242,88.1
2013,,,East of England,,Luton,,,,,E06000032,91.3
2013,,,East of England,,Peterborough,,,,,E06000031,76.4
2013,,,East of England,,Southend-on-Sea,,,,,E06000033,82.1
2013,,,East of England,,Suffolk,,,,,E07000203,82.6
2013,,,East of England,,Thurrock,,,,,E06000034,87.7
2013,,,East of England,,,,,,,E12000006,84.3
2013,,,London,,,,,,,E12000007,87.8
2013,,,North East,,Darlington,,,,,E06000005,74.4
2013,,,North East,,County Durham,,,,,E06000047,77.4
2013,,,North East,,Hartlepool and Stockton-on-Tees,,,,,E12000001,75.4
2013,,,North East,,Northumberland,,,,,E06000057,84.3
2013,,,North East,,Middlesbrough,,,,,E06000002,85.5
2013,,,North East,,Sunderland,,,,,E08000024,79.7
2013,,,North East,,Tyneside,,,,,E08000022,78.7
2013,,,North East,,,,,,,E12000001,79.4
2013,,,North West,,Blackburn with Darwen,,,,,E06000008,83.1
2013,,,North West,,Blackpool,,,,,E06000009,79.1
2013,,,North West,,Carlisle,,,,,E07000028,81.6
2013,,,North West,,Allerdale,,,,,E07000026,76.1
2013,,,North West,,,,,,,E12000002,81.9
2013,,,Northern Ireland,,,,,,,,77.3
2013,,,Scotland,,Angus and Dundee City,,,,,,80.1
2013,,,Scotland,,Clackmannanshire and Fife,,,,,,83.1
2013,,,Scotland,,Dumfries  Galloway,,,,,,81.7
2013,,,Scotland,,East Ayrshire and North Ayrshire mainland,,,,,,77.5
2013,,,Scotland,,"East Dunbartonshire, West Dunbartonshire and Helensburgh  Lomond",,,,,,84.1
2013,,,Scotland,,East Lothian and Midlothian,,,,,,86.0
2013,,,Scotland,,"Edinburgh, City of",,,,,,83.8
2013,,,Scotland,,Falkirk,,,,,S12000014,91.4
2013,,,Scotland,,Glasgow City,,,,,S12000046,80.0
2013,,,Scotland,,Highlands and Islands,,,,,,80.5
2013,,,Scotland,,"Inverclyde, East Renfrewshire and Renfrewshire",,,,,,82.4
2013,,,Scotland,,North Lanarkshire,,,,,S12000044,72.9
2013,,,Scotland,,Perth  Kinross and Stirling,,,,,,87.6
2013,,,Scotland,,Scottish Borders,,,,,S12000026,86.3
2013,,,Scotland,,South Ayrshire,,,,,S12000028,83.7
2013,,,Scotland,,South Lanarkshire,,,,,S12000029,86.5
2013,,,Scotland,,West Lothian,,,,,S12000040,88.8
2013,,,Scotland,,,,,,,,82.6
2013,,,South East,,Berkshire,,,,,E06000037,89.2
2013,,,South East,,Brighton and Hove,,,,,E06000043,91.1
2013,,,South East,Buckinghamshire,,,,,,E10000002,90.3
2013,,,South East,,East Sussex CC,,,,,E12000008,80.3
2013,,,South East,,Isle of Wight,,,,,E06000046,85.9
2013,,,South East,,Medway,,,,,E06000035,83.7
2013,,,South East,,Milton Keynes,,,,,E06000042,89.0
2013,,,South East,,Oxfordshire,,,,,E07000179,87.0
2013,,,South East,,Portsmouth,,,,,E06000044,83.2
2013,,,South East,,Southampton,,,,,E06000045,86.2
2013,,,South East,,,,,,,E12000008,86.6
2013,,,South West,,"Bath and North East Somerset, North Somerset and South Gloucestershire",,,,,E12000009,86.1
2013,,,South West,,Bournemouth and Poole,,,,,E12000009,79.2
2013,,,South West,,"Bristol, City of",,,,,E06000023,85.0
2013,,,South West,,Cornwall and Isles of Scilly,,,,,E12000009,81.6
2013,,,South West,,Devon CC,,,,,E12000009,83.9
2013,,,South West,,Dorset CC,,,,,E12000009,78.6
2013,,,South West,,Gloucestershire,,,,,E06000025,83.9
2013,,,South West,,Plymouth,,,,,E06000026,83.5
2013,,,South West,,Somerset,,,,,E06000024,82.0
2013,,,South West,,Swindon,,,,,E06000030,89.5
2013,,,South West,,Torbay,,,,,E06000027,84.1
2013,,,South West,,Wiltshire,,,,,E06000054,88.6
2013,,,South West,,,,,,,E12000009,83.7
2013,,,Wales,,Bridgend and Neath Port Talbot,,,,,,78.8
2013,,,Wales,,Cardiff and Vale of Glamorgan,,,,,,84.7
2013,,,Wales,,Central Valleys,,,,,,74.3
2013,,,Wales,,Conwy and Denbighshire,,,,,,78.8
2013,,,Wales,,Flintshire and Wrexham,,,,,,80.3
2013,,,Wales,,Gwent,,,,,W06000019,74.7
2013,,,Wales,,Gwynedd,,,,,W06000002,84.6
2013,,,Wales,,Isle of Anglesey,,,,,W06000001,68.8
2013,,,Wales,,Monmouthshire and Newport,,,,,,85.4
2013,,,Wales,,Powys,,,,,W06000023,79.9
2013,,,Wales,,Pembrokeshire,,,,,W06000009,72.8
2013,,,Wales,,Swansea,,,,,W06000011,83.6
2013,,,Wales,,,,,,,,79.1
2013,,,West Midlands,,Birmingham,,,,,E08000025,77.4
2013,,,West Midlands,,Coventry,,,,,E08000026,78.8
2013,,,West Midlands,,"Herefordshire, County of",,,,,E06000019,72.0
2013,,,West Midlands,,Shropshire CC,,,,,E12000005,80.3
2013,,,West Midlands,,Solihull,,,,,E08000029,83.5
2013,,,West Midlands,,Staffordshire CC,,,,,E12000005,82.2
2013,,,West Midlands,,Stoke-on-Trent,,,,,E06000021,73.8
2013,,,West Midlands,,Telford and Wrekin,,,,,E06000020,87.9
2013,,,West Midlands,,Warwickshire,,,,,E07000218,80.4
2013,,,West Midlands,Worcestershire,,,,,,E10000034,85.7
2013,,,West Midlands,,,,,,,E12000005,79.6
2013,,,Yorkshire and the Humber,,"Barnsley, Doncaster and Rotherham",,,,,,79.2
2013,,,Yorkshire and the Humber,,Bradford,,,,,E08000032,83.8
2013,,,Yorkshire and the Humber,,East Riding of Yorkshire,,,,,E06000011,83.9
2013,,,Yorkshire and the Humber,,"Kingston upon Hull, City of",,,,,E06000010,80.4
2013,,,Yorkshire and the Humber,,Leeds,,,,,E08000035,82.3
2013,,,Yorkshire and the Humber,,North and North East Lincolnshire,,,,,,78.2
2013,,,Yorkshire and the Humber,North Yorkshire,,,,,,E10000023,82.7
2013,,,Yorkshire and the Humber,,Sheffield,,,,,E08000019,82.1
2013,,,Yorkshire and the Humber,,York,,,,,E06000014,91.8
2013,,,Yorkshire and the Humber,,,,,,,,82.4
2013,,,,,,,Asian/Asian British,Bangladeshi,,,82.5
2013,,,,,,,Black/African/Caribbean/Black British,,,,86.2
2013,,,,,,,Asian/Asian British,Chinese,,,93.6
2013,,,,,,,Asian/Asian British,Indian,,,84.2
2013,,,,,,,Mixed/multiple ethnic groups,,,,95.1
2013,,,,,,,Asian/Asian British,Any other Asian background,,,91.3
2013,,,,,,,Other ethnic group,,,,87.9
2013,,,,,,,Asian/Asian British,Pakistani,,,79.5
2013,,,,,,,White,,,,82.9
2013,,,,,,,,,Employee,,95.6
2013,,,,,,,,,Government employment  training programmes,,92.2
2013,,,,,,,,,Inactive,,75.6
2013,,,,,,,,,Retired,,48.1
2013,,,,,,,,,Self-employed,,92.8
2013,,,,,,,,,Student,,99.0
2013,,,,,,,,,Unemployed,,92.6
2013,,,,,,,,,Unpaid family worker,,83.4
2013,,,,,,,,,,,83.3
2014,Female,16 to 24,,,,,,,,,99.0
2014,Female,25 to 34,,,,,,,,,98.4
2014,Female,35 to 44,,,,,,,,,96.6
2014,Female,45 to 54,,,,,,,,,92.6
2014,Female,55 to 64,,,,,,,,,83.0
2014,Female,65 to 74,,,,,,,,,62.3
2014,Female,75 and over,,,,,,,,,25.1
2014,Female,,,,,,,,,,83.0
2014,Male,16 to 24,,,,,,,,,98.7
2014,Male,25 to 34,,,,,,,,,98.3
2014,Male,35 to 44,,,,,,,,,96.7
2014,Male,45 to 54,,,,,,,,,91.9
2014,Male,55 to 64,,,,,,,,,85.4
2014,Male,65 to 74,,,,,,,,,68.9
2014,Male,75 and over,,,,,,,,,41.1
2014,Male,,,,,,,,,,87.1
2014,,16 to 24,,,,Equality Act Disabled,,,,,95.7
2014,,16 to 24,,,,Not Equality Act Disabled,,,,,99.2
2014,,16 to 24,,,,,,,,,98.9
2014,,25 to 34,,,,Equality Act Disabled,,,,,94.0
2014,,25 to 34,,,,Not Equality Act Disabled,,,,,98.8
2014,,25 to 34,,,,,,,,,98.3
2014,,35 to 44,,,,Equality Act Disabled,,,,,89.9
2014,,35 to 44,,,,Not Equality Act Disabled,,,,,97.9
2014,,35 to 44,,,,,,,,,96.7
2014,,45 to 54,,,,Equality Act Disabled,,,,,80.9
2014,,45 to 54,,,,Not Equality Act Disabled,,,,,95.0
2014,,45 to 54,,,,,,,,,92.3
2014,,55 to 64,,,,Equality Act Disabled,,,,,72.3
2014,,55 to 64,,,,Not Equality Act Disabled,,,,,88.9
2014,,55 to 64,,,,,,,,,84.2
2014,,65 to 74,,,,Equality Act Disabled,,,,,55.4
2014,,65 to 74,,,,Not Equality Act Disabled,,,,,71.2
2014,,65 to 74,,,,,,,,,65.5
2014,,75 and over,,,,Equality Act Disabled,,,,,25.8
2014,,75 and over,,,,Not Equality Act Disabled,,,,,39.3
2014,,75 and over,,,,,,,,,31.9
2014,,,East Midlands,,Derby,,,,,E06000015,81.9
2014,,,East Midlands,,East Derbyshire,,,,,E12000004,83.9
2014,,,East Midlands,,Leicester,,,,,E06000016,84.1
2014,,,East Midlands,,Leicestershire CC and Rutland,,,,,E12000004,82.1
2014,,,East Midlands,,Lincolnshire,,,,,E06000012,80.2
2014,,,East Midlands,Nottinghamshire,North Nottinghamshire,,,,,E10000024,85.4
2014,,,East Midlands,,Nottingham,,,,,E06000018,74.4
2014,,,East Midlands,,South and West Derbyshire,,,,,E12000004,85.9
2014,,,East Midlands,Nottinghamshire,South Nottinghamshire,,,,,E10000024,85.7
2014,,,East Midlands,,,,,,,E12000004,82.9
2014,,,East of England,,Cambridgeshire CC,,,,,E12000006,91.7
2014,,,East of England,,Hertfordshire,,,,,E07000242,90.6
2014,,,East of England,,Luton,,,,,E06000032,86.1
2014,,,East of England,,Peterborough,,,,,E06000031,88.8
2014,,,East of England,,Southend-on-Sea,,,,,E06000033,90.7
2014,,,East of England,,Suffolk,,,,,E07000203,82.4
2014,,,East of England,,Thurrock,,,,,E06000034,92.0
2014,,,East of England,,,,,,,E12000006,87.0
2014,,,London,,,,,,,E12000007,88.3
2014,,,North East,,Darlington,,,,,E06000005,85.2
2014,,,North East,,County Durham,,,,,E06000047,78.9
2014,,,North East,,Hartlepool and Stockton-on-Tees,,,,,E12000001,78.9
2014,,,North East,,Northumberland,,,,,E06000057,79.5
2014,,,North East,,Middlesbrough,,,,,E06000002,85.5
2014,,,North East,,Sunderland,,,,,E08000024,78.2
2014,,,North East,,Tyneside,,,,,E08000022,83.4
2014,,,North East,,,,,,,E12000001,81.3
2014,,,North West,,Blackburn with Darwen,,,,,E06000008,78.6
2014,,,North West,,Blackpool,,,,,E06000009,83.7
2014,,,North West,,Carlisle,,,,,E07000028,84.6
2014,,,North West,,Allerdale,,,,,E07000026,85.1
2014,,,North West,,,,,,,E12000002,83.7
2014,,,Northern Ireland,,,,,,,,77.4
2014,,,Scotland,,Angus and Dundee City,,,,,,89.4
2014,,,Scotland,,Clackmannanshire and Fife,,,,,,85.5
2014,,,Scotland,,Dumfries  Galloway,,,,,,70.0
2014,,,Scotland,,East Ayrshire and North Ayrshire mainland,,,,,,85.6
2014,,,Scotland,,"East Dunbartonshire, West Dunbartonshire and Helensburgh  Lomond",,,,,,89.4
2014,,,Scotland,,East Lothian and Midlothian,,,,,,83.5
2014,,,Scotland,,"Edinburgh, City of",,,,,,86.5
2014,,,Scotland,,Falkirk,,,,,S12000014,92.1
2014,,,Scotland,,Glasgow City,,,,,S12000046,80.6
2014,,,Scotland,,Highlands and Islands,,,,,,86.0
2014,,,Scotland,,"Inverclyde, East Renfrewshire and Renfrewshire",,,,,,81.9
2014,,,Scotland,,North Lanarkshire,,,,,S12000044,84.8
2014,,,Scotland,,Perth  Kinross and Stirling,,,,,,86.5
2014,,,Scotland,,Scottish Borders,,,,,S12000026,85.4
2014,,,Scotland,,South Ayrshire,,,,,S12000028,80.3
2014,,,Scotland,,South Lanarkshire,,,,,S12000029,81.6
2014,,,Scotland,,West Lothian,,,,,S12000040,91.2
2014,,,Scotland,,,,,,,,85.1
2014,,,South East,,Berkshire,,,,,E06000037,89.9
2014,,,South East,,Brighton and Hove,,,,,E06000043,89.3
2014,,,South East,Buckinghamshire,,,,,,E10000002,89.9
2014,,,South East,,East Sussex CC,,,,,E12000008,87.2
2014,,,South East,,Isle of Wight,,,,,E06000046,89.1
2014,,,South East,,Medway,,,,,E06000035,82.6
2014,,,South East,,Milton Keynes,,,,,E06000042,94.2
2014,,,South East,,Oxfordshire,,,,,E07000179,89.3
2014,,,South East,,Portsmouth,,,,,E06000044,73.3
2014,,,South East,,Southampton,,,,,E06000045,91.8
2014,,,South East,,,,,,,E12000008,88.1
2014,,,South West,,"Bath and North East Somerset, North Somerset and South Gloucestershire",,,,,E12000009,86.6
2014,,,South West,,Bournemouth and Poole,,,,,E12000009,87.7
2014,,,South West,,"Bristol, City of",,,,,E06000023,89.7
2014,,,South West,,Cornwall and Isles of Scilly,,,,,E12000009,83.2
2014,,,South West,,Devon CC,,,,,E12000009,84.8
2014,,,South West,,Dorset CC,,,,,E12000009,84.0
2014,,,South West,,Gloucestershire,,,,,E06000025,89.8
2014,,,South West,,Plymouth,,,,,E06000026,82.2
2014,,,South West,,Somerset,,,,,E06000024,87.1
2014,,,South West,,Swindon,,,,,E06000030,93.4
2014,,,South West,,Torbay,,,,,E06000027,82.9
2014,,,South West,,Wiltshire,,,,,E06000054,89.2
2014,,,South West,,,,,,,E12000009,86.7
2014,,,Wales,,Bridgend and Neath Port Talbot,,,,,,81.5
2014,,,Wales,,Cardiff and Vale of Glamorgan,,,,,,88.6
2014,,,Wales,,Central Valleys,,,,,,78.2
2014,,,Wales,,Conwy and Denbighshire,,,,,,78.8
2014,,,Wales,,Flintshire and Wrexham,,,,,,87.8
2014,,,Wales,,Gwent,,,,,W06000019,71.9
2014,,,Wales,,Gwynedd,,,,,W06000002,90.4
2014,,,Wales,,Isle of Anglesey,,,,,W06000001,92.6
2014,,,Wales,,Monmouthshire and Newport,,,,,,81.6
2014,,,Wales,,Powys,,,,,W06000023,75.9
2014,,,Wales,,Pembrokeshire,,,,,W06000009,78.3
2014,,,Wales,,Swansea,,,,,W06000011,83.2
2014,,,Wales,,,,,,,,81.7
2014,,,West Midlands,,Birmingham,,,,,E08000025,81.2
2014,,,West Midlands,,Coventry,,,,,E08000026,78.2
2014,,,West Midlands,,"Herefordshire, County of",,,,,E06000019,84.8
2014,,,West Midlands,,Shropshire CC,,,,,E12000005,88.4
2014,,,West Midlands,,Solihull,,,,,E08000029,83.0
2014,,,West Midlands,,Staffordshire CC,,,,,E12000005,81.2
2014,,,West Midlands,,Stoke-on-Trent,,,,,E06000021,88.3
2014,,,West Midlands,,Telford and Wrekin,,,,,E06000020,92.3
2014,,,West Midlands,,Warwickshire,,,,,E07000218,83.1
2014,,,West Midlands,Worcestershire,,,,,,E10000034,85.7
2014,,,West Midlands,,,,,,,E12000005,82.2
2014,,,Yorkshire and the Humber,,"Barnsley, Doncaster and Rotherham",,,,,,82.2
2014,,,Yorkshire and the Humber,,Bradford,,,,,E08000032,82.2
2014,,,Yorkshire and the Humber,,East Riding of Yorkshire,,,,,E06000011,84.9
2014,,,Yorkshire and the Humber,,"Kingston upon Hull, City of",,,,,E06000010,82.9
2014,,,Yorkshire and the Humber,,Leeds,,,,,E08000035,86.9
2014,,,Yorkshire and the Humber,,North and North East Lincolnshire,,,,,,82.7
2014,,,Yorkshire and the Humber,North Yorkshire,,,,,,E10000023,84.6
2014,,,Yorkshire and the Humber,,Sheffield,,,,,E08000019,83.1
2014,,,Yorkshire and the Humber,,York,,,,,E06000014,86.8
2014,,,Yorkshire and the Humber,,,,,,,,83.6
2014,,,,,,Equality Act Disabled,,,,,64.9
2014,,,,,,Not Equality Act Disabled,,,,,90.8
2014,,,,,,,Asian/Asian British,Bangladeshi,,,86.9
2014,,,,,,,Black/African/Caribbean/Black British,,,,87.7
2014,,,,,,,Asian/Asian British,Chinese,,,90.8
2014,,,,,,,Asian/Asian British,Indian,,,85.8
2014,,,,,,,Mixed/multiple ethnic groups,,,,95.2
2014,,,,,,,Asian/Asian British,Any other Asian background,,,90.4
2014,,,,,,,Other ethnic group,,,,88.0
2014,,,,,,,Asian/Asian British,Pakistani,,,79.2
2014,,,,,,,White,,,,84.7
2014,,,,,,,,,Employee,,96.3
2014,,,,,,,,,Government employment  training programmes,,93.9
2014,,,,,,,,,Inactive,,78.7
2014,,,,,,,,,Retired,,51.8
2014,,,,,,,,,Self-employed,,93.7
2014,,,,,,,,,Student,,99.5
2014,,,,,,,,,Unemployed,,94.6
2014,,,,,,,,,Unpaid family worker,,86.0
2014,,,,,,,,,,,85.0
2015,Female,16 to 24,,,,,,,,,98.9
2015,Female,25 to 34,,,,,,,,,98.6
2015,Female,35 to 44,,,,,,,,,97.5
2015,Female,45 to 54,,,,,,,,,93.6
2015,Female,55 to 64,,,,,,,,,86.8
2015,Female,65 to 74,,,,,,,,,68.4
2015,Female,75 and over,,,,,,,,,27.3
2015,Female,,,,,,,,,,84.6
2015,Male,16 to 24,,,,,,,,,98.8
2015,Male,25 to 34,,,,,,,,,98.6
2015,Male,35 to 44,,,,,,,,,97.1
2015,Male,45 to 54,,,,,,,,,93.7
2015,Male,55 to 64,,,,,,,,,86.5
2015,Male,65 to 74,,,,,,,,,73.0
2015,Male,75 and over,,,,,,,,,40.7
2015,Male,,,,,,,,,,87.9
2015,,16 to 24,,,,Equality Act Disabled,,,,,95.2
2015,,16 to 24,,,,Not Equality Act Disabled,,,,,99.3
2015,,16 to 24,,,,,,,,,98.8
2015,,25 to 34,,,,Equality Act Disabled,,,,,95.2
2015,,25 to 34,,,,Not Equality Act Disabled,,,,,99.0
2015,,25 to 34,,,,,,,,,98.6
2015,,35 to 44,,,,Equality Act Disabled,,,,,92.0
2015,,35 to 44,,,,Not Equality Act Disabled,,,,,98.2
2015,,35 to 44,,,,,,,,,97.3
2015,,45 to 54,,,,Equality Act Disabled,,,,,85.0
2015,,45 to 54,,,,Not Equality Act Disabled,,,,,95.8
2015,,45 to 54,,,,,,,,,93.6
2015,,55 to 64,,,,Equality Act Disabled,,,,,76.0
2015,,55 to 64,,,,Not Equality Act Disabled,,,,,91.0
2015,,55 to 64,,,,,,,,,86.7
2015,,65 to 74,,,,Equality Act Disabled,,,,,60.5
2015,,65 to 74,,,,Not Equality Act Disabled,,,,,76.1
2015,,65 to 74,,,,,,,,,70.6
2015,,75 and over,,,,Equality Act Disabled,,,,,27.4
2015,,75 and over,,,,Not Equality Act Disabled,,,,,40.0
2015,,75 and over,,,,,,,,,33.0
2015,,,East Midlands,,Derby,,,,,E06000015,89.5
2015,,,East Midlands,,East Derbyshire,,,,,E12000004,85.8
2015,,,East Midlands,,Leicester,,,,,E06000016,85.7
2015,,,East Midlands,,Leicestershire CC and Rutland,,,,,E12000004,87.5
2015,,,East Midlands,,Lincolnshire,,,,,E06000012,82.8
2015,,,East Midlands,Nottinghamshire,North Nottinghamshire,,,,,E10000024,85.8
2015,,,East Midlands,,Nottingham,,,,,E06000018,87.0
2015,,,East Midlands,,South and West Derbyshire,,,,,E12000004,82.4
2015,,,East Midlands,Nottinghamshire,South Nottinghamshire,,,,,E10000024,89.0
2015,,,East Midlands,,,,,,,E12000004,85.8
2015,,,East of England,,Cambridgeshire CC,,,,,E12000006,88.5
2015,,,East of England,,Hertfordshire,,,,,E07000242,88.8
2015,,,East of England,,Luton,,,,,E06000032,82.5
2015,,,East of England,,Peterborough,,,,,E06000031,94.6
2015,,,East of England,,Southend-on-Sea,,,,,E06000033,84.8
2015,,,East of England,,Suffolk,,,,,E07000203,83.9
2015,,,East of England,,Thurrock,,,,,E06000034,94.9
2015,,,East of England,,,,,,,E12000006,87.2
2015,,,London,,,,,,,E12000007,89.5
2015,,,North East,,Darlington,,,,,E06000005,86.2
2015,,,North East,,County Durham,,,,,E06000047,81.7
2015,,,North East,,Hartlepool and Stockton-on-Tees,,,,,E12000001,87.4
2015,,,North East,,Northumberland,,,,,E06000057,81.7
2015,,,North East,,Middlesbrough,,,,,E06000002,82.0
2015,,,North East,,Sunderland,,,,,E08000024,81.9
2015,,,North East,,Tyneside,,,,,E08000022,78.7
2015,,,North East,,,,,,,E12000001,81.6
2015,,,North West,,Blackburn with Darwen,,,,,E06000008,77.8
2015,,,North West,,Blackpool,,,,,E06000009,69.0
2015,,,North West,,Carlisle,,,,,E07000028,86.4
2015,,,North West,,Allerdale,,,,,E07000026,86.7
2015,,,North West,,,,,,,E12000002,84.4
2015,,,Northern Ireland,,,,,,,,79.6
2015,,,Scotland,,Angus and Dundee City,,,,,,88.8
2015,,,Scotland,,Clackmannanshire and Fife,,,,,,85.2
2015,,,Scotland,,Dumfries  Galloway,,,,,,79.4
2015,,,Scotland,,East Ayrshire and North Ayrshire mainland,,,,,,82.4
2015,,,Scotland,,"East Dunbartonshire, West Dunbartonshire and Helensburgh  Lomond",,,,,,80.8
2015,,,Scotland,,East Lothian and Midlothian,,,,,,93.5
2015,,,Scotland,,"Edinburgh, City of",,,,,,87.1
2015,,,Scotland,,Falkirk,,,,,S12000014,81.6
2015,,,Scotland,,Glasgow City,,,,,S12000046,83.3
2015,,,Scotland,,Highlands and Islands,,,,,,82.1
2015,,,Scotland,,"Inverclyde, East Renfrewshire and Renfrewshire",,,,,,82.1
2015,,,Scotland,,North Lanarkshire,,,,,S12000044,85.7
2015,,,Scotland,,Perth  Kinross and Stirling,,,,,,83.4
2015,,,Scotland,,Scottish Borders,,,,,S12000026,85.3
2015,,,Scotland,,South Ayrshire,,,,,S12000028,85.6
2015,,,Scotland,,South Lanarkshire,,,,,S12000029,88.3
2015,,,Scotland,,West Lothian,,,,,S12000040,89.4
2015,,,Scotland,,,,,,,,85.4
2015,,,South East,,Berkshire,,,,,E06000037,91.2
2015,,,South East,,Brighton and Hove,,,,,E06000043,90.5
2015,,,South East,Buckinghamshire,,,,,,E10000002,92.1
2015,,,South East,,East Sussex CC,,,,,E12000008,88.1
2015,,,South East,,Isle of Wight,,,,,E06000046,80.7
2015,,,South East,,Medway,,,,,E06000035,91.0
2015,,,South East,,Milton Keynes,,,,,E06000042,90.1
2015,,,South East,,Oxfordshire,,,,,E07000179,93.2
2015,,,South East,,Portsmouth,,,,,E06000044,86.6
2015,,,South East,,Southampton,,,,,E06000045,89.3
2015,,,South East,,,,,,,E12000008,89.6
2015,,,South West,,"Bath and North East Somerset, North Somerset and South Gloucestershire",,,,,E12000009,87.1
2015,,,South West,,Bournemouth and Poole,,,,,E12000009,87.3
2015,,,South West,,"Bristol, City of",,,,,E06000023,91.3
2015,,,South West,,Cornwall and Isles of Scilly,,,,,E12000009,79.9
2015,,,South West,,Devon CC,,,,,E12000009,86.3
2015,,,South West,,Dorset CC,,,,,E12000009,87.4
2015,,,South West,,Gloucestershire,,,,,E06000025,90.6
2015,,,South West,,Plymouth,,,,,E06000026,86.4
2015,,,South West,,Somerset,,,,,E06000024,87.1
2015,,,South West,,Swindon,,,,,E06000030,93.0
2015,,,South West,,Torbay,,,,,E06000027,84.0
2015,,,South West,,Wiltshire,,,,,E06000054,87.4
2015,,,South West,,,,,,,E12000009,87.2
2015,,,Wales,,Bridgend and Neath Port Talbot,,,,,,84.9
2015,,,Wales,,Cardiff and Vale of Glamorgan,,,,,,86.8
2015,,,Wales,,Central Valleys,,,,,,79.6
2015,,,Wales,,Conwy and Denbighshire,,,,,,80.3
2015,,,Wales,,Flintshire and Wrexham,,,,,,84.0
2015,,,Wales,,Gwent,,,,,W06000019,86.2
2015,,,Wales,,Gwynedd,,,,,W06000002,85.8
2015,,,Wales,,Isle of Anglesey,,,,,W06000001,58.2
2015,,,Wales,,Monmouthshire and Newport,,,,,,86.1
2015,,,Wales,,Powys,,,,,W06000023,84.1
2015,,,Wales,,Pembrokeshire,,,,,W06000009,77.0
2015,,,Wales,,Swansea,,,,,W06000011,80.2
2015,,,Wales,,,,,,,,82.5
2015,,,West Midlands,,Birmingham,,,,,E08000025,82.0
2015,,,West Midlands,,Coventry,,,,,E08000026,86.8
2015,,,West Midlands,,"Herefordshire, County of",,,,,E06000019,84.8
2015,,,West Midlands,,Shropshire CC,,,,,E12000005,80.2
2015,,,West Midlands,,Solihull,,,,,E08000029,90.3
2015,,,West Midlands,,Staffordshire CC,,,,,E12000005,86.0
2015,,,West Midlands,,Stoke-on-Trent,,,,,E06000021,86.6
2015,,,West Midlands,,Telford and Wrekin,,,,,E06000020,87.3
2015,,,West Midlands,,Warwickshire,,,,,E07000218,90.7
2015,,,West Midlands,Worcestershire,,,,,,E10000034,87.7
2015,,,West Midlands,,,,,,,E12000005,85.1
2015,,,Yorkshire and the Humber,,"Barnsley, Doncaster and Rotherham",,,,,,81.9
2015,,,Yorkshire and the Humber,,Bradford,,,,,E08000032,87.3
2015,,,Yorkshire and the Humber,,East Riding of Yorkshire,,,,,E06000011,86.1
2015,,,Yorkshire and the Humber,,"Kingston upon Hull, City of",,,,,E06000010,89.7
2015,,,Yorkshire and the Humber,,Leeds,,,,,E08000035,87.0
2015,,,Yorkshire and the Humber,,North and North East Lincolnshire,,,,,,80.7
2015,,,Yorkshire and the Humber,North Yorkshire,,,,,,E10000023,89.0
2015,,,Yorkshire and the Humber,,Sheffield,,,,,E08000019,83.4
2015,,,Yorkshire and the Humber,,York,,,,,E06000014,83.3
2015,,,Yorkshire and the Humber,,,,,,,,85.3
2015,,,,,,Equality Act Disabled,,,,,67.8
2015,,,,,,Not Equality Act Disabled,,,,,91.7
2015,,,,,,,Asian/Asian British,Bangladeshi,,,83.1
2015,,,,,,,Black/African/Caribbean/Black British,,,,87.7
2015,,,,,,,Asian/Asian British,Chinese,,,92.6
2015,,,,,,,Asian/Asian British,Indian,,,87.8
2015,,,,,,,Mixed/multiple ethnic groups,,,,97.0
2015,,,,,,,Asian/Asian British,Any other Asian background,,,91.0
2015,,,,,,,Other ethnic group,,,,90.5
2015,,,,,,,Asian/Asian British,Pakistani,,,85.7
2015,,,,,,,White,,,,85.9
2015,,,,,,,,,Employee,,96.9
2015,,,,,,,,,Government employment  training programmes,,92.4
2015,,,,,,,,,Inactive,,81.5
2015,,,,,,,,,Retired,,54.5
2015,,,,,,,,,Self-employed,,95.0
2015,,,,,,,,,Student,,99.1
2015,,,,,,,,,Unemployed,,94.9
2015,,,,,,,,,Unpaid family worker,,89.5
2015,,,,,,,,,,,86.2
2016,Female,16 to 24,,,,,,,,,99.4
2016,Female,25 to 34,,,,,,,,,99.1
2016,Female,35 to 44,,,,,,,,,98.3
2016,Female,45 to 54,,,,,,,,,94.9
2016,Female,55 to 64,,,,,,,,,88.3
2016,Female,65 to 74,,,,,,,,,72.5
2016,Female,75 and over,,,,,,,,,32.6
2016,Female,,,,,,,,,,86.4
2016,Male,16 to 24,,,,,,,,,99.0
2016,Male,25 to 34,,,,,,,,,98.8
2016,Male,35 to 44,,,,,,,,,98.1
2016,Male,45 to 54,,,,,,,,,95.0
2016,Male,55 to 64,,,,,,,,,88.2
2016,Male,65 to 74,,,,,,,,,75.8
2016,Male,75 and over,,,,,,,,,46.7
2016,Male,,,,,,,,,,89.4
2016,,16 to 24,,,,Equality Act Disabled,,,,,97.3
2016,,16 to 24,,,,Not Equality Act Disabled,,,,,99.4
2016,,16 to 24,,,,,,,,,99.2
2016,,25 to 34,,,,Equality Act Disabled,,,,,96.2
2016,,25 to 34,,,,Not Equality Act Disabled,,,,,99.3
2016,,25 to 34,,,,,,,,,98.9
2016,,35 to 44,,,,Equality Act Disabled,,,,,94.6
2016,,35 to 44,,,,Not Equality Act Disabled,,,,,98.9
2016,,35 to 44,,,,,,,,,98.2
2016,,45 to 54,,,,Equality Act Disabled,,,,,87.4
2016,,45 to 54,,,,Not Equality Act Disabled,,,,,96.8
2016,,45 to 54,,,,,,,,,94.9
2016,,55 to 64,,,,Equality Act Disabled,,,,,77.6
2016,,55 to 64,,,,Not Equality Act Disabled,,,,,92.5
2016,,55 to 64,,,,,,,,,88.3
2016,,65 to 74,,,,Equality Act Disabled,,,,,65.0
2016,,65 to 74,,,,Not Equality Act Disabled,,,,,79.1
2016,,65 to 74,,,,,,,,,74.1
2016,,75 and over,,,,Equality Act Disabled,,,,,30.8
2016,,75 and over,,,,Not Equality Act Disabled,,,,,48.1
2016,,75 and over,,,,,,,,,38.7
2016,,,East Midlands,,Derby,,,,,E06000015,84.4
2016,,,East Midlands,,East Derbyshire,,,,,E12000004,85.5
2016,,,East Midlands,,Leicester,,,,,E06000016,86.3
2016,,,East Midlands,,Leicestershire CC and Rutland,,,,,E12000004,89.2
2016,,,East Midlands,,Lincolnshire,,,,,E06000012,84.0
2016,,,East Midlands,Nottinghamshire,North Nottinghamshire,,,,,E10000024,83.5
2016,,,East Midlands,,Nottingham,,,,,E06000018,85.2
2016,,,East Midlands,,South and West Derbyshire,,,,,E12000004,87.8
2016,,,East Midlands,Nottinghamshire,South Nottinghamshire,,,,,E10000024,82.2
2016,,,East Midlands,,,,,,,E12000004,86.6
2016,,,East of England,,Cambridgeshire CC,,,,,E12000006,90.6
2016,,,East of England,,Hertfordshire,,,,,E07000242,91.1
2016,,,East of England,,Luton,,,,,E06000032,81.7
2016,,,East of England,,Peterborough,,,,,E06000031,87.2
2016,,,East of England,,Southend-on-Sea,,,,,E06000033,84.7
2016,,,East of England,,Suffolk,,,,,E07000203,89.8
2016,,,East of England,,Thurrock,,,,,E06000034,80.7
2016,,,East of England,,,,,,,E12000006,88.9
2016,,,London,,,,,,,E12000007,91.0
2016,,,North East,,Darlington,,,,,E06000005,85.2
2016,,,North East,,County Durham,,,,,E06000047,82.8
2016,,,North East,,Hartlepool and Stockton-on-Tees,,,,,E12000001,85.6
2016,,,North East,,Northumberland,,,,,E06000057,79.8
2016,,,North East,,Middlesbrough,,,,,E06000002,84.0
2016,,,North East,,Sunderland,,,,,E08000024,80.5
2016,,,North East,,Tyneside,,,,,E08000022,82.5
2016,,,North East,,,,,,,E12000001,82.6
2016,,,North West,,Blackburn with Darwen,,,,,E06000008,77.9
2016,,,North West,,Blackpool,,,,,E06000009,89.0
2016,,,North West,,Carlisle,,,,,E07000028,88.4
2016,,,North West,,Allerdale,,,,,E07000026,87.6
2016,,,North West,,,,,,,E12000002,87.3
2016,,,Northern Ireland,,,,,,,,82.0
2016,,,Scotland,,Angus and Dundee City,,,,,,86.6
2016,,,Scotland,,Clackmannanshire and Fife,,,,,,91.2
2016,,,Scotland,,Dumfries  Galloway,,,,,,80.9
2016,,,Scotland,,East Ayrshire and North Ayrshire mainland,,,,,,81.6
2016,,,Scotland,,"East Dunbartonshire, West Dunbartonshire and Helensburgh  Lomond",,,,,,84.7
2016,,,Scotland,,East Lothian and Midlothian,,,,,,89.4
2016,,,Scotland,,"Edinburgh, City of",,,,,,91.1
2016,,,Scotland,,Falkirk,,,,,S12000014,75.0
2016,,,Scotland,,Glasgow City,,,,,S12000046,83.1
2016,,,Scotland,,Highlands and Islands,,,,,,86.6
2016,,,Scotland,,"Inverclyde, East Renfrewshire and Renfrewshire",,,,,,86.0
2016,,,Scotland,,North Lanarkshire,,,,,S12000044,86.9
2016,,,Scotland,,Perth  Kinross and Stirling,,,,,,86.8
2016,,,Scotland,,Scottish Borders,,,,,S12000026,93.0
2016,,,Scotland,,South Ayrshire,,,,,S12000028,89.3
2016,,,Scotland,,South Lanarkshire,,,,,S12000029,90.1
2016,,,Scotland,,West Lothian,,,,,S12000040,88.5
2016,,,Scotland,,,,,,,,87.1
2016,,,South East,,Berkshire,,,,,E06000037,91.7
2016,,,South East,,Brighton and Hove,,,,,E06000043,96.0
2016,,,South East,Buckinghamshire,,,,,,E10000002,90.6
2016,,,South East,,East Sussex CC,,,,,E12000008,87.9
2016,,,South East,,Isle of Wight,,,,,E06000046,83.0
2016,,,South East,,Medway,,,,,E06000035,86.9
2016,,,South East,,Milton Keynes,,,,,E06000042,89.4
2016,,,South East,,Oxfordshire,,,,,E07000179,94.1
2016,,,South East,,Portsmouth,,,,,E06000044,89.6
2016,,,South East,,Southampton,,,,,E06000045,89.6
2016,,,South East,,,,,,,E12000008,90.6
2016,,,South West,,"Bath and North East Somerset, North Somerset and South Gloucestershire",,,,,E12000009,91.9
2016,,,South West,,Bournemouth and Poole,,,,,E12000009,86.8
2016,,,South West,,"Bristol, City of",,,,,E06000023,94.9
2016,,,South West,,Cornwall and Isles of Scilly,,,,,E12000009,88.1
2016,,,South West,,Devon CC,,,,,E12000009,87.8
2016,,,South West,,Dorset CC,,,,,E12000009,89.3
2016,,,South West,,Gloucestershire,,,,,E06000025,92.1
2016,,,South West,,Plymouth,,,,,E06000026,86.2
2016,,,South West,,Somerset,,,,,E06000024,88.2
2016,,,South West,,Swindon,,,,,E06000030,90.4
2016,,,South West,,Torbay,,,,,E06000027,95.1
2016,,,South West,,Wiltshire,,,,,E06000054,89.7
2016,,,South West,,,,,,,E12000009,89.8
2016,,,Wales,,Bridgend and Neath Port Talbot,,,,,,86.9
2016,,,Wales,,Cardiff and Vale of Glamorgan,,,,,,86.8
2016,,,Wales,,Central Valleys,,,,,,81.8
2016,,,Wales,,Conwy and Denbighshire,,,,,,80.6
2016,,,Wales,,Flintshire and Wrexham,,,,,,84.6
2016,,,Wales,,Gwent,,,,,W06000019,89.7
2016,,,Wales,,Gwynedd,,,,,W06000002,86.5
2016,,,Wales,,Isle of Anglesey,,,,,W06000001,89.1
2016,,,Wales,,Monmouthshire and Newport,,,,,,83.9
2016,,,Wales,,Powys,,,,,W06000023,88.5
2016,,,Wales,,Pembrokeshire,,,,,W06000009,86.1
2016,,,Wales,,Swansea,,,,,W06000011,83.4
2016,,,Wales,,,,,,,,85.5
2016,,,West Midlands,,Birmingham,,,,,E08000025,87.3
2016,,,West Midlands,,Coventry,,,,,E08000026,89.5
2016,,,West Midlands,,"Herefordshire, County of",,,,,E06000019,82.2
2016,,,West Midlands,,Shropshire CC,,,,,E12000005,82.7
2016,,,West Midlands,,Solihull,,,,,E08000029,82.2
2016,,,West Midlands,,Staffordshire CC,,,,,E12000005,83.1
2016,,,West Midlands,,Stoke-on-Trent,,,,,E06000021,87.7
2016,,,West Midlands,,Telford and Wrekin,,,,,E06000020,93.6
2016,,,West Midlands,,Warwickshire,,,,,E07000218,90.8
2016,,,West Midlands,Worcestershire,,,,,,E10000034,87.3
2016,,,West Midlands,,,,,,,E12000005,85.7
2016,,,Yorkshire and the Humber,,"Barnsley, Doncaster and Rotherham",,,,,,78.3
2016,,,Yorkshire and the Humber,,Bradford,,,,,E08000032,84.8
2016,,,Yorkshire and the Humber,,East Riding of Yorkshire,,,,,E06000011,89.2
2016,,,Yorkshire and the Humber,,"Kingston upon Hull, City of",,,,,E06000010,82.6
2016,,,Yorkshire and the Humber,,Leeds,,,,,E08000035,87.8
2016,,,Yorkshire and the Humber,,North and North East Lincolnshire,,,,,,89.5
2016,,,Yorkshire and the Humber,North Yorkshire,,,,,,E10000023,84.2
2016,,,Yorkshire and the Humber,,Sheffield,,,,,E08000019,88.4
2016,,,Yorkshire and the Humber,,York,,,,,E06000014,87.1
2016,,,Yorkshire and the Humber,,,,,,,,85.9
2016,,,,,,Equality Act Disabled,,,,,71.0
2016,,,,,,Not Equality Act Disabled,,,,,92.9
2016,,,,,,,Asian/Asian British,Bangladeshi,,,86.5
2016,,,,,,,Black/African/Caribbean/Black British,,,,90.5
2016,,,,,,,Asian/Asian British,Chinese,,,96.4
2016,,,,,,,Asian/Asian British,Indian,,,88.9
2016,,,,,,,Mixed/multiple ethnic groups,,,,95.4
2016,,,,,,,Asian/Asian British,Any other Asian background,,,92.7
2016,,,,,,,Other ethnic group,,,,94.2
2016,,,,,,,Asian/Asian British,Pakistani,,,88.1
2016,,,,,,,White,,,,87.4
2016,,,,,,,,,Employee,,97.7
2016,,,,,,,,,Government employment  training programmes,,92.5
2016,,,,,,,,,Inactive,,83.4
2016,,,,,,,,,Retired,,58.9
2016,,,,,,,,,Self-employed,,95.8
2016,,,,,,,,,Student,,99.2
2016,,,,,,,,,Unemployed,,96.0
2016,,,,,,,,,Unpaid family worker,,89.0
2016,,,,,,,,,,,87.9
2017,Female,16 to 24,,,,,,,,,99.2
2017,Female,25 to 34,,,,,,,,,99.1
2017,Female,35 to 44,,,,,,,,,98.5
2017,Female,45 to 54,,,,,,,,,96.3
2017,Female,55 to 64,,,,,,,,,90.2
2017,Female,65 to 74,,,,,,,,,76.0
2017,Female,75 and over,,,,,,,,,35.4
2017,Female,,,,,,,,,,87.6
2017,Male,16 to 24,,,,,,,,,99.1
2017,Male,25 to 34,,,,,,,,,99.1
2017,Male,35 to 44,,,,,,,,,98.3
2017,Male,45 to 54,,,,,,,,,96.0
2017,Male,55 to 64,,,,,,,,,89.9
2017,Male,65 to 74,,,,,,,,,79.1
2017,Male,75 and over,,,,,,,,,47.2
2017,Male,,,,,,,,,,90.2
2017,,16 to 24,,,,Equality Act Disabled,,,,,97.1
2017,,16 to 24,,,,Not Equality Act Disabled,,,,,99.5
2017,,16 to 24,,,,,,,,,99.2
2017,,25 to 34,,,,Equality Act Disabled,,,,,96.9
2017,,25 to 34,,,,Not Equality Act Disabled,,,,,99.4
2017,,25 to 34,,,,,,,,,99.1
2017,,35 to 44,,,,Equality Act Disabled,,,,,94.8
2017,,35 to 44,,,,Not Equality Act Disabled,,,,,99.1
2017,,35 to 44,,,,,,,,,98.4
2017,,45 to 54,,,,Equality Act Disabled,,,,,89.2
2017,,45 to 54,,,,Not Equality Act Disabled,,,,,97.9
2017,,45 to 54,,,,,,,,,96.2
2017,,55 to 64,,,,Equality Act Disabled,,,,,80.4
2017,,55 to 64,,,,Not Equality Act Disabled,,,,,93.8
2017,,55 to 64,,,,,,,,,90.0
2017,,65 to 74,,,,Equality Act Disabled,,,,,69.4
2017,,65 to 74,,,,Not Equality Act Disabled,,,,,82.2
2017,,65 to 74,,,,,,,,,77.5
2017,,75 and over,,,,Equality Act Disabled,,,,,34.0
2017,,75 and over,,,,Not Equality Act Disabled,,,,,48.1
2017,,75 and over,,,,,,,,,40.5
2017,,,East Midlands,,Derby,,,,,E06000015,87.4
2017,,,East Midlands,,East Derbyshire,,,,,E12000004,85.8
2017,,,East Midlands,,Leicester,,,,,E06000016,87.1
2017,,,East Midlands,,Leicestershire CC and Rutland,,,,,E12000004,88.2
2017,,,East Midlands,,Lincolnshire,,,,,E06000012,87.9
2017,,,East Midlands,,North Northamptonshire,,,,,E12000004,90.8
2017,,,East Midlands,Nottinghamshire,North Nottinghamshire,,,,,E10000024,82.2
2017,,,East Midlands,,Nottingham,,,,,E06000018,86.0
2017,,,East Midlands,,South and West Derbyshire,,,,,E12000004,89.6
2017,,,East Midlands,Nottinghamshire,South Nottinghamshire,,,,,E10000024,88.7
2017,,,East Midlands,,West Northamptonshire,,,,,E12000004,91.6
2017,,,East Midlands,,,,,,,E12000004,87.8
2017,,,East of England,,Bedford,,,,,E06000055,88.5
2017,,,East of England,,Breckland and South Norfolk,,,,,E12000006,86.2
2017,,,East of England,,Cambridgeshire CC,,,,,E12000006,88.2
2017,,,East of England,,Central Bedfordshire,,,,,E06000056,93.4
2017,,,East of England,,Colchester,,,,,E07000071,88.3
2017,,,East of England,,Essex Thames Gateway,,,,,E12000006,90.0
2017,,,East of England,,Heart of Essex,,,,,E12000006,95.5
2017,,,East of England,,Hertfordshire,,,,,E07000242,91.3
2017,,,East of England,,Luton,,,,,E06000032,89.9
2017,,,East of England,,North and West Norfolk,,,,,E12000006,89.8
2017,,,East of England,,Norwich and East Norfolk,,,,,E12000006,88.4
2017,,,East of England,,Peterborough,,,,,E06000031,93.1
2017,,,East of England,,Southend-on-Sea,,,,,E06000033,88.4
2017,,,East of England,,Suffolk,,,,,E07000203,89.8
2017,,,East of England,,Thurrock,,,,,E06000034,90.5
2017,,,East of England,,West Essex,,,,,E12000006,95.0
2017,,,East of England,,,,,,,E12000006,90.3
2017,,,London,,Barking  Dagenham and Havering,,,,,E12000007,92.2
2017,,,London,,Barnet,,,,,E09000003,87.6
2017,,,London,,Bexley and Greenwich,,,,,E12000007,93.6
2017,,,London,,Brent,,,,,E09000005,85.6
2017,,,London,,Bromley,,,,,E09000006,92.3
2017,,,London,,Camden and City of London,,,,,E12000007,91.8
2017,,,London,,Croydon,,,,,E09000008,93.2
2017,,,London,,Ealing,,,,,E09000009,93.8
2017,,,London,,Enfield,,,,,E09000010,88.2
2017,,,London,,Hackney and Newham,,,,,E12000007,93.0
2017,,,London,,Haringey and Islington,,,,,E12000007,95.0
2017,,,London,,Harrow and Hillingdon,,,,,E12000007,91.6
2017,,,London,,Hounslow and Richmond upon Thames,,,,,E12000007,93.9
2017,,,London,,Kensington  Chelsea and Hammersmith  Fulham,,,,,E12000007,95.6
2017,,,London,,Lambeth,,,,,E09000022,95.0
2017,,,London,,Lewisham and Southwark,,,,,E12000007,94.5
2017,,,London,,"Merton, Kingston upon Thames and Sutton",,,,,E12000007,94.1
2017,,,London,,Redbridge and Waltham Forest,,,,,E12000007,93.5
2017,,,London,,Tower Hamlets,,,,,E09000030,88.8
2017,,,London,,Wandsworth,,,,,E09000032,96.6
2017,,,London,,Westminster,,,,,E09000033,91.5
2017,,,London,,,,,,,E12000007,92.7
2017,,,North East,,Darlington,,,,,E06000005,90.0
2017,,,North East,,County Durham,,,,,E06000047,83.1
2017,,,North East,,Hartlepool and Stockton-on-Tees,,,,,E12000001,87.0
2017,,,North East,,Northumberland,,,,,E06000057,87.2
2017,,,North East,,Middlesbrough,,,,,E06000002,90.3
2017,,,North East,,Sunderland,,,,,E08000024,82.5
2017,,,North East,,Tyneside,,,,,E08000022,83.2
2017,,,North East,,,,,,,E12000001,85.0
2017,,,North West,,Blackburn with Darwen,,,,,E06000008,87.2
2017,,,North West,,Blackpool,,,,,E06000009,89.1
2017,,,North West,,Cheshire East,,,,,E06000049,85.9
2017,,,North West,,Cheshire West and Chester,,,,,E06000050,87.9
2017,,,North West,,Chorley and West Lancashire,,,,,E12000002,84.8
2017,,,North West,,Carlisle,,,,,E07000028,85.7
2017,,,North West,,East Lancashire,,,,,E12000002,92.5
2017,,,North West,,East Merseyside,,,,,E12000002,84.3
2017,,,North West,,Greater Manchester North East,,,,,E12000002,88.7
2017,,,North West,,Greater Manchester North West,,,,,E12000002,89.7
2017,,,North West,,Greater Manchester South East,,,,,E12000002,89.0
2017,,,North West,,Greater Manchester South West,,,,,E12000002,88.4
2017,,,North West,,Lancaster and Wyre,,,,,E12000002,86.8
2017,,,North West,,Liverpool,,,,,E08000012,87.1
2017,,,North West,,Manchester,,,,,E08000003,91.3
2017,,,North West,,Mid Lancashire,,,,,E12000002,89.7
2017,,,North West,,Sefton,,,,,E08000014,85.9
2017,,,North West,,Warrington,,,,,E06000007,91.6
2017,,,North West,,Allerdale,,,,,E07000026,87.4
2017,,,North West,,Wirral,,,,,E08000015,85.1
2017,,,North West,,,,,,,E12000002,88.1
2017,,,Northern Ireland,,,,,,,,84.0
2017,,,Scotland,,Aberdeen City and Aberdeenshire,,,,,,91.4
2017,,,Scotland,,Angus and Dundee City,,,,,,82.9
2017,,,Scotland,,Clackmannanshire and Fife,,,,,,90.6
2017,,,Scotland,,Dumfries  Galloway,,,,,,84.7
2017,,,Scotland,,East Ayrshire and North Ayrshire mainland,,,,,,84.3
2017,,,Scotland,,"East Dunbartonshire, West Dunbartonshire and Helensburgh  Lomond",,,,,,90.0
2017,,,Scotland,,East Lothian and Midlothian,,,,,,86.9
2017,,,Scotland,,"Edinburgh, City of",,,,,,92.4
2017,,,Scotland,,Falkirk,,,,,S12000014,83.7
2017,,,Scotland,,Glasgow City,,,,,S12000046,85.1
2017,,,Scotland,,Highlands and Islands,,,,,,87.5
2017,,,Scotland,,"Inverclyde, East Renfrewshire and Renfrewshire",,,,,,84.9
2017,,,Scotland,,North Lanarkshire,,,,,S12000044,83.3
2017,,,Scotland,,Perth  Kinross and Stirling,,,,,,81.7
2017,,,Scotland,,Scottish Borders,,,,,S12000026,85.1
2017,,,Scotland,,South Ayrshire,,,,,S12000028,89.4
2017,,,Scotland,,South Lanarkshire,,,,,S12000029,90.3
2017,,,Scotland,,West Lothian,,,,,S12000040,94.5
2017,,,Scotland,,,,,,,,87.5
2017,,,South East,,Berkshire,,,,,E06000037,92.3
2017,,,South East,,Brighton and Hove,,,,,E06000043,92.6
2017,,,South East,Buckinghamshire,,,,,,E10000002,94.4
2017,,,South East,,Central Hampshire,,,,,E12000008,91.9
2017,,,South East,,East Kent,,,,,E12000008,87.8
2017,,,South East,,East Surrey,,,,,E12000008,93.1
2017,,,South East,,East Sussex CC,,,,,E12000008,87.4
2017,,,South East,,Isle of Wight,,,,,E06000046,77.8
2017,,,South East,,Kent Thames Gateway,,,,,E12000008,92.8
2017,,,South East,,Medway,,,,,E06000035,92.5
2017,,,South East,,Mid Kent,,,,,E12000008,92.3
2017,,,South East,,Milton Keynes,,,,,E06000042,88.6
2017,,,South East,,North Hampshire,,,,,E12000008,95.4
2017,,,South East,,Oxfordshire,,,,,E07000179,91.8
2017,,,South East,,Portsmouth,,,,,E06000044,84.9
2017,,,South East,,South Hampshire,,,,,E12000008,90.6
2017,,,South East,,Southampton,,,,,E06000045,91.9
2017,,,South East,,West Kent,,,,,E12000008,92.3
2017,,,South East,,West Surrey,,,,,E12000008,95.4
2017,,,South East,,West Sussex (North East),,,,,E12000008,94.0
2017,,,South East,,West Sussex (South West),,,,,E12000008,90.1
2017,,,South East,,,,,,,E12000008,91.6
2017,,,South West,,"Bath and North East Somerset, North Somerset and South Gloucestershire",,,,,E12000009,87.2
2017,,,South West,,Bournemouth and Poole,,,,,E12000009,93.5
2017,,,South West,,"Bristol, City of",,,,,E06000023,89.0
2017,,,South West,,Cornwall and Isles of Scilly,,,,,E12000009,82.1
2017,,,South West,,Devon CC,,,,,E12000009,89.4
2017,,,South West,,Dorset CC,,,,,E12000009,92.4
2017,,,South West,,Gloucestershire,,,,,E06000025,89.8
2017,,,South West,,Plymouth,,,,,E06000026,92.0
2017,,,South West,,Somerset,,,,,E06000024,90.2
2017,,,South West,,Swindon,,,,,E06000030,95.8
2017,,,South West,,Torbay,,,,,E06000027,80.1
2017,,,South West,,Wiltshire,,,,,E06000054,90.8
2017,,,South West,,,,,,,E12000009,89.2
2017,,,Wales,,Bridgend and Neath Port Talbot,,,,,,88.7
2017,,,Wales,,Cardiff and Vale of Glamorgan,,,,,,89.5
2017,,,Wales,,Central Valleys,,,,,,81.5
2017,,,Wales,,Conwy and Denbighshire,,,,,,76.9
2017,,,Wales,,Flintshire and Wrexham,,,,,,89.4
2017,,,Wales,,Gwent,,,,,W06000019,86.6
2017,,,Wales,,Gwynedd,,,,,W06000002,78.9
2017,,,Wales,,Isle of Anglesey,,,,,W06000001,97.8
2017,,,Wales,,Monmouthshire and Newport,,,,,,86.6
2017,,,Wales,,Powys,,,,,W06000023,83.6
2017,,,Wales,,Pembrokeshire,,,,,W06000009,86.7
2017,,,Wales,,Swansea,,,,,W06000011,95.5
2017,,,Wales,,,,,,,,86.9
2017,,,West Midlands,,Birmingham,,,,,E08000025,88.5
2017,,,West Midlands,,Coventry,,,,,E08000026,91.8
2017,,,West Midlands,,Dudley,,,,,E08000027,79.8
2017,,,West Midlands,,"Herefordshire, County of",,,,,E06000019,79.4
2017,,,West Midlands,,Sandwell,,,,,E08000028,77.0
2017,,,West Midlands,,Shropshire CC,,,,,E12000005,87.6
2017,,,West Midlands,,Solihull,,,,,E08000029,84.0
2017,,,West Midlands,,Staffordshire CC,,,,,E12000005,88.5
2017,,,West Midlands,,Stoke-on-Trent,,,,,E06000021,80.0
2017,,,West Midlands,,Telford and Wrekin,,,,,E06000020,91.8
2017,,,West Midlands,,Walsall,,,,,E08000030,87.3
2017,,,West Midlands,,Warwickshire,,,,,E07000218,89.6
2017,,,West Midlands,,Wolverhampton,,,,,E08000031,78.4
2017,,,West Midlands,Worcestershire,,,,,,E10000034,88.3
2017,,,West Midlands,,,,,,,E12000005,86.4
2017,,,Yorkshire and the Humber,,"Barnsley, Doncaster and Rotherham",,,,,,88.0
2017,,,Yorkshire and the Humber,,Bradford,,,,,E08000032,87.3
2017,,,Yorkshire and the Humber,,Calderdale and Kirklees,,,,,,85.9
2017,,,Yorkshire and the Humber,,East Riding of Yorkshire,,,,,E06000011,87.7
2017,,,Yorkshire and the Humber,,"Kingston upon Hull, City of",,,,,E06000010,89.1
2017,,,Yorkshire and the Humber,,Leeds,,,,,E08000035,87.1
2017,,,Yorkshire and the Humber,,North and North East Lincolnshire,,,,,,83.9
2017,,,Yorkshire and the Humber,North Yorkshire,,,,,,E10000023,85.8
2017,,,Yorkshire and the Humber,,Sheffield,,,,,E08000019,86.6
2017,,,Yorkshire and the Humber,,Wakefield,,,,,E08000036,87.6
2017,,,Yorkshire and the Humber,,York,,,,,E06000014,85.9
2017,,,Yorkshire and the Humber,,,,,,,,86.8
2017,,,,,,Equality Act Disabled,,,,,73.4
2017,,,,,,Not Equality Act Disabled,,,,,93.6
2017,,,,,,,Asian/Asian British,Bangladeshi,,,87.0
2017,,,,,,,Black/African/Caribbean/Black British,,,,92.1
2017,,,,,,,Asian/Asian British,Chinese,,,98.3
2017,,,,,,,Asian/Asian British,Indian,,,90.6
2017,,,,,,,Mixed/multiple ethnic groups,,,,96.2
2017,,,,,,,Asian/Asian British,Any other Asian background,,,93.1
2017,,,,,,,Other ethnic group,,,,94.1
2017,,,,,,,Asian/Asian British,Pakistani,,,90.3
2017,,,,,,,White,,,,88.4
2017,,,,,,,,,Employee,,98.1
2017,,,,,,,,,Government employment  training programmes,,97.0
2017,,,,,,,,,Inactive,,85.8
2017,,,,,,,,,Retired,,61.4
2017,,,,,,,,,Self-employed,,96.4
2017,,,,,,,,,Student,,99.5
2017,,,,,,,,,Unemployed,,96.9
2017,,,,,,,,,Unpaid family worker,,90.6
2017,,,,,,,,,,,88.9
2018,Female,16 to 24,,,,,,,,,99.6
2018,Female,25 to 34,,,,,,,,,99.3
2018,Female,35 to 44,,,,,,,,,98.6
2018,Female,45 to 54,,,,,,,,,97.2
2018,Female,55 to 64,,,,,,,,,92.0
2018,Female,65 to 74,,,,,,,,,78.9
2018,Female,75 and over,,,,,,,,,37.6
2018,Female,,,,,,,,,,88.6
2018,Male,16 to 24,,,,,,,,,99.0
2018,Male,25 to 34,,,,,,,,,99.2
2018,Male,35 to 44,,,,,,,,,98.6
2018,Male,45 to 54,,,,,,,,,96.4
2018,Male,55 to 64,,,,,,,,,91.5
2018,Male,65 to 74,,,,,,,,,81.6
2018,Male,75 and over,,,,,,,,,51.3
2018,Male,,,,,,,,,,91.1
2018,,16 to 24,,,,Equality Act Disabled,,,,,98.0
2018,,16 to 24,,,,Not Equality Act Disabled,,,,,99.4
2018,,16 to 24,,,,,,,,,99.3
2018,,25 to 34,,,,Equality Act Disabled,,,,,98.0
2018,,25 to 34,,,,Not Equality Act Disabled,,,,,99.4
2018,,25 to 34,,,,,,,,,99.2
2018,,35 to 44,,,,Equality Act Disabled,,,,,95.9
2018,,35 to 44,,,,Not Equality Act Disabled,,,,,99.1
2018,,35 to 44,,,,,,,,,98.6
2018,,45 to 54,,,,Equality Act Disabled,,,,,91.6
2018,,45 to 54,,,,Not Equality Act Disabled,,,,,98.2
2018,,45 to 54,,,,,,,,,96.8
2018,,55 to 64,,,,Equality Act Disabled,,,,,83.9
2018,,55 to 64,,,,Not Equality Act Disabled,,,,,94.8
2018,,55 to 64,,,,,,,,,91.8
2018,,65 to 74,,,,Equality Act Disabled,,,,,73.5
2018,,65 to 74,,,,Not Equality Act Disabled,,,,,83.9
2018,,65 to 74,,,,,,,,,80.2
2018,,75 and over,,,,Equality Act Disabled,,,,,38.8
2018,,75 and over,,,,Not Equality Act Disabled,,,,,48.9
2018,,75 and over,,,,,,,,,43.6
2018,,,East Midlands,,Derby,,,,,E06000015,87.9
2018,,,East Midlands,,East Derbyshire,,,,,E12000004,85.0
2018,,,East Midlands,,Leicester,,,,,E06000016,86.7
2018,,,East Midlands,,Leicestershire CC and Rutland,,,,,E12000004,91.2
2018,,,East Midlands,,Lincolnshire,,,,,E06000012,85.7
2018,,,East Midlands,,North Northamptonshire,,,,,E12000004,94.4
2018,,,East Midlands,Nottinghamshire,North Nottinghamshire,,,,,E10000024,84.6
2018,,,East Midlands,,Nottingham,,,,,E06000018,84.4
2018,,,East Midlands,,South and West Derbyshire,,,,,E12000004,89.5
2018,,,East Midlands,Nottinghamshire,South Nottinghamshire,,,,,E10000024,89.5
2018,,,East Midlands,,West Northamptonshire,,,,,E12000004,93.6
2018,,,East Midlands,,,,,,,E12000004,88.4
2018,,,East of England,,Bedford,,,,,E06000055,92.3
2018,,,East of England,,Breckland and South Norfolk,,,,,E12000006,88.0
2018,,,East of England,,Cambridgeshire CC,,,,,E12000006,91.5
2018,,,East of England,,Central Bedfordshire,,,,,E06000056,93.1
2018,,,East of England,,Colchester,,,,,E07000071,91.1
2018,,,East of England,,Essex Thames Gateway,,,,,E12000006,83.1
2018,,,East of England,,Heart of Essex,,,,,E12000006,93.2
2018,,,East of England,,Hertfordshire,,,,,E07000242,91.2
2018,,,East of England,,Luton,,,,,E06000032,92.4
2018,,,East of England,,North and West Norfolk,,,,,E12000006,90.7
2018,,,East of England,,Norwich and East Norfolk,,,,,E12000006,91.0
2018,,,East of England,,Peterborough,,,,,E06000031,94.4
2018,,,East of England,,Southend-on-Sea,,,,,E06000033,95.0
2018,,,East of England,,Suffolk,,,,,E07000203,90.6
2018,,,East of England,,Thurrock,,,,,E06000034,86.7
2018,,,East of England,,West Essex,,,,,E12000006,86.3
2018,,,East of England,,,,,,,E12000006,90.6
2018,,,London,,Barking  Dagenham and Havering,,,,,E12000007,93.3
2018,,,London,,Barnet,,,,,E09000003,89.1
2018,,,London,,Bexley and Greenwich,,,,,E12000007,91.7
2018,,,London,,Brent,,,,,E09000005,93.4
2018,,,London,,Bromley,,,,,E09000006,91.7
2018,,,London,,Camden and City of London,,,,,E12000007,97.0
2018,,,London,,Croydon,,,,,E09000008,92.9
2018,,,London,,Ealing,,,,,E09000009,93.7
2018,,,London,,Enfield,,,,,E09000010,89.8
2018,,,London,,Hackney and Newham,,,,,E12000007,89.3
2018,,,London,,Haringey and Islington,,,,,E12000007,90.8
2018,,,London,,Harrow and Hillingdon,,,,,E12000007,88.4
2018,,,London,,Hounslow and Richmond upon Thames,,,,,E12000007,95.6
2018,,,London,,Kensington  Chelsea and Hammersmith  Fulham,,,,,E12000007,95.8
2018,,,London,,Lambeth,,,,,E09000022,92.7
2018,,,London,,Lewisham and Southwark,,,,,E12000007,92.5
2018,,,London,,"Merton, Kingston upon Thames and Sutton",,,,,E12000007,96.4
2018,,,London,,Redbridge and Waltham Forest,,,,,E12000007,91.4
2018,,,London,,Tower Hamlets,,,,,E09000030,95.4
2018,,,London,,Wandsworth,,,,,E09000032,94.2
2018,,,London,,Westminster,,,,,E09000033,93.9
2018,,,London,,,,,,,E12000007,92.6
2018,,,North East,,Darlington,,,,,E06000005,91.8
2018,,,North East,,County Durham,,,,,E06000047,83.2
2018,,,North East,,Hartlepool and Stockton-on-Tees,,,,,E12000001,89.7
2018,,,North East,,Northumberland,,,,,E06000057,91.5
2018,,,North East,,Middlesbrough,,,,,E06000002,85.7
2018,,,North East,,Sunderland,,,,,E08000024,90.9
2018,,,North East,,Tyneside,,,,,E08000022,87.3
2018,,,North East,,,,,,,E12000001,87.6
2018,,,North West,,Blackburn with Darwen,,,,,E06000008,89.1
2018,,,North West,,Blackpool,,,,,E06000009,89.3
2018,,,North West,,Cheshire East,,,,,E06000049,92.6
2018,,,North West,,Cheshire West and Chester,,,,,E06000050,90.3
2018,,,North West,,Chorley and West Lancashire,,,,,E12000002,87.7
2018,,,North West,,Carlisle,,,,,E07000028,87.0
2018,,,North West,,East Lancashire,,,,,E12000002,84.7
2018,,,North West,,East Merseyside,,,,,E12000002,85.3
2018,,,North West,,Greater Manchester North East,,,,,E12000002,90.9
2018,,,North West,,Greater Manchester North West,,,,,E12000002,85.3
2018,,,North West,,Greater Manchester South East,,,,,E12000002,86.8
2018,,,North West,,Greater Manchester South West,,,,,E12000002,92.9
2018,,,North West,,Lancaster and Wyre,,,,,E12000002,91.6
2018,,,North West,,Liverpool,,,,,E08000012,91.1
2018,,,North West,,Manchester,,,,,E08000003,92.2
2018,,,North West,,Mid Lancashire,,,,,E12000002,91.1
2018,,,North West,,Sefton,,,,,E08000014,87.3
2018,,,North West,,Warrington,,,,,E06000007,88.2
2018,,,North West,,Allerdale,,,,,E07000026,84.7
2018,,,North West,,Wirral,,,,,E08000015,89.6
2018,,,North West,,,,,,,E12000002,89.0
2018,,,Northern Ireland,,Antrim and Newtownabbey,,,,,N09000001,88.5
2018,,,Northern Ireland,,Ards and North Down,,,,,N09000011,91.4
2018,,,Northern Ireland,,"Armagh City, Banbridge and Craigavon",,,,,N09000002,92.6
2018,,,Northern Ireland,,Belfast,,,,,N09000003,89.3
2018,,,Northern Ireland,,Causeway Coast and Glens,,,,,N09000004,80.2
2018,,,Northern Ireland,,Derry City and Strabane,,,,,N09000005,82.3
2018,,,Northern Ireland,,Fermanagh and Omagh,,,,,N09000006,82.1
2018,,,Northern Ireland,,Lisburn and Castlereagh,,,,,N09000007,92.9
2018,,,Northern Ireland,,Mid and East Antrim,,,,,N09000008,73.5
2018,,,Northern Ireland,,Mid Ulster,,,,,N09000009,86.1
2018,,,Northern Ireland,,"Newry, Mourne and Down",,,,,N09000010,74.8
2018,,,Northern Ireland,,,,,,,,85.6
2018,,,Scotland,,Aberdeen City and Aberdeenshire,,,,,,90.2
2018,,,Scotland,,Angus and Dundee City,,,,,,92.2
2018,,,Scotland,,Clackmannanshire and Fife,,,,,,89.6
2018,,,Scotland,,Dumfries  Galloway,,,,,,86.3
2018,,,Scotland,,East Ayrshire and North Ayrshire mainland,,,,,,85.3
2018,,,Scotland,,"East Dunbartonshire, West Dunbartonshire and Helensburgh  Lomond",,,,,,89.3
2018,,,Scotland,,East Lothian and Midlothian,,,,,,93.1
2018,,,Scotland,,"Edinburgh, City of",,,,,,91.9
2018,,,Scotland,,Falkirk,,,,,S12000014,91.8
2018,,,Scotland,,Glasgow City,,,,,S12000046,87.3
2018,,,Scotland,,Highlands and Islands,,,,,,87.3
2018,,,Scotland,,"Inverclyde, East Renfrewshire and Renfrewshire",,,,,,87.4
2018,,,Scotland,,North Lanarkshire,,,,,S12000044,86.3
2018,,,Scotland,,Perth  Kinross and Stirling,,,,,,91.3
2018,,,Scotland,,Scottish Borders,,,,,S12000026,90.9
2018,,,Scotland,,South Ayrshire,,,,,S12000028,88.9
2018,,,Scotland,,South Lanarkshire,,,,,S12000029,89.1
2018,,,Scotland,,West Lothian,,,,,S12000040,93.6
2018,,,Scotland,,,,,,,,89.2
2018,,,South East,,Berkshire,,,,,E06000037,94.8
2018,,,South East,,Brighton and Hove,,,,,E06000043,93.9
2018,,,South East,Buckinghamshire,,,,,,E10000002,93.8
2018,,,South East,,Central Hampshire,,,,,E12000008,93.3
2018,,,South East,,East Kent,,,,,E12000008,91.4
2018,,,South East,,East Surrey,,,,,E12000008,91.8
2018,,,South East,,East Sussex CC,,,,,E12000008,86.9
2018,,,South East,,Isle of Wight,,,,,E06000046,92.9
2018,,,South East,,Kent Thames Gateway,,,,,E12000008,93.1
2018,,,South East,,Medway,,,,,E06000035,88.6
2018,,,South East,,Mid Kent,,,,,E12000008,85.9
2018,,,South East,,Milton Keynes,,,,,E06000042,93.4
2018,,,South East,,North Hampshire,,,,,E12000008,96.3
2018,,,South East,,Oxfordshire,,,,,E07000179,95.5
2018,,,South East,,Portsmouth,,,,,E06000044,80.4
2018,,,South East,,South Hampshire,,,,,E12000008,91.1
2018,,,South East,,Southampton,,,,,E06000045,88.7
2018,,,South East,,West Kent,,,,,E12000008,91.7
2018,,,South East,,West Surrey,,,,,E12000008,93.0
2018,,,South East,,West Sussex (North East),,,,,E12000008,93.1
2018,,,South East,,West Sussex (South West),,,,,E12000008,89.7
2018,,,South East,,,,,,,E12000008,92.0
2018,,,South West,,"Bath and North East Somerset, North Somerset and South Gloucestershire",,,,,E12000009,93.0
2018,,,South West,,Bournemouth and Poole,,,,,E12000009,91.5
2018,,,South West,,"Bristol, City of",,,,,E06000023,92.8
2018,,,South West,,Cornwall and Isles of Scilly,,,,,E12000009,85.0
2018,,,South West,,Devon CC,,,,,E12000009,89.2
2018,,,South West,,Dorset CC,,,,,E12000009,88.2
2018,,,South West,,Gloucestershire,,,,,E06000025,90.1
2018,,,South West,,Plymouth,,,,,E06000026,86.8
2018,,,South West,,Somerset,,,,,E06000024,87.6
2018,,,South West,,Swindon,,,,,E06000030,93.9
2018,,,South West,,Torbay,,,,,E06000027,93.7
2018,,,South West,,Wiltshire,,,,,E06000054,89.6
2018,,,South West,,,,,,,E12000009,89.8
2018,,,Wales,,Bridgend and Neath Port Talbot,,,,,,87.7
2018,,,Wales,,Cardiff and Vale of Glamorgan,,,,,,93.2
2018,,,Wales,,Central Valleys,,,,,,84.8
2018,,,Wales,,Conwy and Denbighshire,,,,,,86.8
2018,,,Wales,,Flintshire and Wrexham,,,,,,89.9
2018,,,Wales,,Gwent,,,,,W06000019,88.2
2018,,,Wales,,Gwynedd,,,,,W06000002,88.1
2018,,,Wales,,Isle of Anglesey,,,,,W06000001,86.7
2018,,,Wales,,Monmouthshire and Newport,,,,,,93.6
2018,,,Wales,,Powys,,,,,W06000023,86.2
2018,,,Wales,,Pembrokeshire,,,,,W06000009,86.3
2018,,,Wales,,Swansea,,,,,W06000011,90.0
2018,,,Wales,,,,,,,,88.9
2018,,,West Midlands,,Birmingham,,,,,E08000025,88.6
2018,,,West Midlands,,Coventry,,,,,E08000026,88.1
2018,,,West Midlands,,Dudley,,,,,E08000027,85.8
2018,,,West Midlands,,"Herefordshire, County of",,,,,E06000019,92.8
2018,,,West Midlands,,Sandwell,,,,,E08000028,87.0
2018,,,West Midlands,,Shropshire CC,,,,,E12000005,84.0
2018,,,West Midlands,,Solihull,,,,,E08000029,90.5
2018,,,West Midlands,,Staffordshire CC,,,,,E12000005,91.0
2018,,,West Midlands,,Stoke-on-Trent,,,,,E06000021,90.2
2018,,,West Midlands,,Telford and Wrekin,,,,,E06000020,87.2
2018,,,West Midlands,,Walsall,,,,,E08000030,85.6
2018,,,West Midlands,,Warwickshire,,,,,E07000218,89.4
2018,,,West Midlands,,Wolverhampton,,,,,E08000031,85.6
2018,,,West Midlands,Worcestershire,,,,,,E10000034,90.7
2018,,,West Midlands,,,,,,,E12000005,88.7
2018,,,Yorkshire and the Humber,,"Barnsley, Doncaster and Rotherham",,,,,,85.1
2018,,,Yorkshire and the Humber,,Bradford,,,,,E08000032,87.3
2018,,,Yorkshire and the Humber,,Calderdale and Kirklees,,,,,,91.5
2018,,,Yorkshire and the Humber,,East Riding of Yorkshire,,,,,E06000011,85.6
2018,,,Yorkshire and the Humber,,"Kingston upon Hull, City of",,,,,E06000010,91.6
2018,,,Yorkshire and the Humber,,Leeds,,,,,E08000035,91.1
2018,,,Yorkshire and the Humber,,North and North East Lincolnshire,,,,,,82.6
2018,,,Yorkshire and the Humber,North Yorkshire,,,,,,E10000023,85.3
2018,,,Yorkshire and the Humber,,Sheffield,,,,,E08000019,89.7
2018,,,Yorkshire and the Humber,,Wakefield,,,,,E08000036,87.3
2018,,,Yorkshire and the Humber,,York,,,,,E06000014,88.6
2018,,,Yorkshire and the Humber,,,,,,,,87.9
2018,,,,,,Equality Act Disabled,,,,,76.6
2018,,,,,,Not Equality Act Disabled,,,,,93.9
2018,,,,,,,Asian/Asian British,Bangladeshi,,,90.7
2018,,,,,,,Black/African/Caribbean/Black British,,,,91.2
2018,,,,,,,Asian/Asian British,Chinese,,,97.6
2018,,,,,,,Asian/Asian British,Indian,,,92.7
2018,,,,,,,Mixed/multiple ethnic groups,,,,97.9
2018,,,,,,,Asian/Asian British,Any other Asian background,,,96.4
2018,,,,,,,Other ethnic group,,,,95.4
2018,,,,,,,Asian/Asian British,Pakistani,,,92.8
2018,,,,,,,White,,,,89.3
2018,,,,,,,,,Employee,,98.3
2018,,,,,,,,,Government employment  training programmes,,98.8
2018,,,,,,,,,Inactive,,87.9
2018,,,,,,,,,Retired,,64.3
2018,,,,,,,,,Self-employed,,97.1
2018,,,,,,,,,Student,,99.5
2018,,,,,,,,,Unemployed,,97.2
2018,,,,,,,,,Unpaid family worker,,94.6
2018,,,,,,,,,,,89.8
