Year,Sex,Occupation minor group,Occupation unit group,Unit measure,Observation status,Unit multiplier,Value
2011,,Health professionals,,"Rate per 10,000 population",Undefined,Units,75.67305091899999
2011,,Health professionals,Medical practitioners,"Rate per 10,000 population",Undefined,Units,38.1214264421769
2011,,Health professionals,Psychologists,"Rate per 10,000 population",Undefined,Units,3.89096050897884
2011,,Health professionals,Pharmacists,"Rate per 10,000 population",Undefined,Units,9.845280436664869
2011,,Health professionals,Ophthalmic opticians,"Rate per 10,000 population",Undefined,Units,3.01618966030653
2011,,Health professionals,Dental practitioners,"Rate per 10,000 population",Undefined,Units,5.32810661964984
2011,,Health professionals,Medical radiographers,"Rate per 10,000 population",Undefined,Units,4.13303943603194
2011,,Health professionals,Podiatrists,"Rate per 10,000 population",Undefined,Units,1.8315514644076398
2011,,Health professionals,Health professionals not elsewhere classifed,"Rate per 10,000 population",Undefined,Units,6.197662974462639
2011,,Therapy professionals,,"Rate per 10,000 population",Undefined,Units,21.017096508193102
2011,,Therapy professionals,Physiotherapists,"Rate per 10,000 population",Undefined,Units,7.254151033390219
2011,,Therapy professionals,Occupational therapists,"Rate per 10,000 population",Undefined,Units,5.2306113859737495
2011,,Therapy professionals,Speech and language therapists,"Rate per 10,000 population",Undefined,Units,2.19277367540202
2011,,Therapy professionals,Therapy professionals not elsewhere classifed,"Rate per 10,000 population",Undefined,Units,6.339560413427191
2011,,Nursing and midwifery professionals,,"Rate per 10,000 population",Undefined,Units,95.3512866250049
2011,,Nursing and midwifery professionals,Nurses,"Rate per 10,000 population",Undefined,Units,89.7654575967235
2011,,Nursing and midwifery professionals,Midwives,"Rate per 10,000 population",Undefined,Units,5.58582902828143
2011,,Health associate professionals,,"Rate per 10,000 population",Undefined,Units,21.055020099898602
2011,,Health associate professionals,Paramedics,"Rate per 10,000 population",Undefined,Units,2.14268293135774
2011,,Health associate professionals,Pharmaceutical technicians,"Rate per 10,000 population",Undefined,Units,4.6581231661869404
2011,,Health associate professionals,Medical and dental technicians,"Rate per 10,000 population",Undefined,Units,5.08081319873723
2011,,Health associate professionals,Health associate professionals not elsewhere classified,"Rate per 10,000 population",Undefined,Units,8.03837930686577
2011,Male,Health professionals,,"Rate per 10,000 population",Undefined,Units,74.0814487862097
2011,Male,Health professionals,Medical practitioners,"Rate per 10,000 population",Undefined,Units,45.7416520214852
2011,Male,Health professionals,Pharmacists,"Rate per 10,000 population",Undefined,Units,7.71450628494299
2011,Male,Health professionals,Dental practitioners,"Rate per 10,000 population",Undefined,Units,6.323386894002451
2011,Male,Health professionals,Health professionals not elsewhere classifed,"Rate per 10,000 population",Undefined,Units,3.29611043854379
2011,Male,Therapy professionals,,"Rate per 10,000 population",Undefined,Units,6.926977068943599
2011,Male,Therapy professionals,Therapy professionals not elsewhere classifed,"Rate per 10,000 population",Undefined,Units,4.18943676032669
2011,Male,Nursing and midwifery professionals,,"Rate per 10,000 population",Undefined,Units,22.840598266233002
2011,Male,Nursing and midwifery professionals,Nurses,"Rate per 10,000 population",Undefined,Units,22.477222188617898
2011,Male,Health associate professionals,,"Rate per 10,000 population",Undefined,Units,11.499405783641501
2011,Male,Health associate professionals,Medical and dental technicians,"Rate per 10,000 population",Undefined,Units,3.6488746484055
2011,Male,Health associate professionals,Health associate professionals not elsewhere classified,"Rate per 10,000 population",Undefined,Units,3.47683376210102
2011,Female,Health professionals,,"Rate per 10,000 population",Undefined,Units,77.21072455643709
2011,Female,Health professionals,Medical practitioners,"Rate per 10,000 population",Undefined,Units,30.7593981164218
2011,Female,Health professionals,Psychologists,"Rate per 10,000 population",Undefined,Units,5.2814900611988
2011,Female,Health professionals,Pharmacists,"Rate per 10,000 population",Undefined,Units,11.903857246170098
2011,Female,Health professionals,Ophthalmic opticians,"Rate per 10,000 population",Undefined,Units,3.5075307524079
2011,Female,Health professionals,Dental practitioners,"Rate per 10,000 population",Undefined,Units,4.36654957706759
2011,Female,Health professionals,Medical radiographers,"Rate per 10,000 population",Undefined,Units,6.235575706960059
2011,Female,Health professionals,Health professionals not elsewhere classifed,"Rate per 10,000 population",Undefined,Units,9.00090176782656
2011,Female,Therapy professionals,,"Rate per 10,000 population",Undefined,Units,34.6297983036226
2011,Female,Therapy professionals,Physiotherapists,"Rate per 10,000 population",Undefined,Units,12.5071898166906
2011,Female,Therapy professionals,Occupational therapists,"Rate per 10,000 population",Undefined,Units,9.39452811532885
2011,Female,Therapy professionals,Speech and language therapists,"Rate per 10,000 population",Undefined,Units,4.31124926936798
2011,Female,Therapy professionals,Therapy professionals not elsewhere classifed,"Rate per 10,000 population",Undefined,Units,8.41683110223517
2011,Female,Nursing and midwifery professionals,,"Rate per 10,000 population",Undefined,Units,165.40508438485202
2011,Female,Nursing and midwifery professionals,Nurses,"Rate per 10,000 population",Undefined,Units,154.77375556754401
2011,Female,Nursing and midwifery professionals,Midwives,"Rate per 10,000 population",Undefined,Units,10.6313288173072
2011,Female,Health associate professionals,,"Rate per 10,000 population",Undefined,Units,30.2868600938874
2011,Female,Health associate professionals,Pharmaceutical technicians,"Rate per 10,000 population",Undefined,Units,7.778702832487969
2011,Female,Health associate professionals,Medical and dental technicians,"Rate per 10,000 population",Undefined,Units,6.46423315902137
2011,Female,Health associate professionals,Health associate professionals not elsewhere classified,"Rate per 10,000 population",Undefined,Units,12.445365315385999
2012,,Health professionals,,"Rate per 10,000 population",Undefined,Units,74.27765
2012,,Health professionals,Medical practitioners,"Rate per 10,000 population",Undefined,Units,35.43708
2012,,Health professionals,Psychologists,"Rate per 10,000 population",Undefined,Units,5.1333470000000005
2012,,Health professionals,Pharmacists,"Rate per 10,000 population",Undefined,Units,9.012004
2012,,Health professionals,Ophthalmic opticians,"Rate per 10,000 population",Undefined,Units,4.134837999999999
2012,,Health professionals,Dental practitioners,"Rate per 10,000 population",Undefined,Units,5.5091410000000005
2012,,Health professionals,Medical radiographers,"Rate per 10,000 population",Undefined,Units,4.26701
2012,,Health professionals,Podiatrists,"Rate per 10,000 population",Undefined,Units,1.324699
2012,,Health professionals,Health professionals not elsewhere classifed,"Rate per 10,000 population",Undefined,Units,7.873005
2012,,Therapy professionals,,"Rate per 10,000 population",Undefined,Units,19.33395
2012,,Therapy professionals,Physiotherapists,"Rate per 10,000 population",Undefined,Units,6.643588
2012,,Therapy professionals,Occupational therapists,"Rate per 10,000 population",Undefined,Units,4.439838
2012,,Therapy professionals,Speech and language therapists,"Rate per 10,000 population",Undefined,Units,1.8712810000000002
2012,,Therapy professionals,Therapy professionals not elsewhere classifed,"Rate per 10,000 population",Undefined,Units,6.379245
2012,,Nursing and midwifery professionals,,"Rate per 10,000 population",Undefined,Units,95.7838
2012,,Nursing and midwifery professionals,Nurses,"Rate per 10,000 population",Undefined,Units,89.98348
2012,,Nursing and midwifery professionals,Midwives,"Rate per 10,000 population",Undefined,Units,5.800326999999999
2012,,Health associate professionals,,"Rate per 10,000 population",Undefined,Units,23.430329999999998
2012,,Health associate professionals,Paramedics,"Rate per 10,000 population",Undefined,Units,3.7656370000000003
2012,,Health associate professionals,Dispensing opticians,"Rate per 10,000 population",Undefined,Units,0.856604
2012,,Health associate professionals,Pharmaceutical technicians,"Rate per 10,000 population",Undefined,Units,5.971899
2012,,Health associate professionals,Medical and dental technicians,"Rate per 10,000 population",Undefined,Units,5.357034
2012,,Health associate professionals,Health associate professionals not elsewhere classified,"Rate per 10,000 population",Undefined,Units,7.479158
2012,Male,Health professionals,,"Rate per 10,000 population",Undefined,Units,64.77712
2012,Male,Health professionals,Medical practitioners,"Rate per 10,000 population",Undefined,Units,38.755590000000005
2012,Male,Health professionals,Psychologists,"Rate per 10,000 population",Undefined,Units,2.361152
2012,Male,Health professionals,Pharmacists,"Rate per 10,000 population",Undefined,Units,7.617700999999999
2012,Male,Health professionals,Ophthalmic opticians,"Rate per 10,000 population",Undefined,Units,3.951433
2012,Male,Health professionals,Dental practitioners,"Rate per 10,000 population",Undefined,Units,4.754237
2012,Male,Health professionals,Medical radiographers,"Rate per 10,000 population",Undefined,Units,1.712266
2012,Male,Health professionals,Health professionals not elsewhere classifed,"Rate per 10,000 population",Undefined,Units,3.262311
2012,Male,Therapy professionals,,"Rate per 10,000 population",Undefined,Units,7.144449000000001
2012,Male,Therapy professionals,Physiotherapists,"Rate per 10,000 population",Undefined,Units,2.2519400000000003
2012,Male,Therapy professionals,Therapy professionals not elsewhere classifed,"Rate per 10,000 population",Undefined,Units,3.5292739999999996
2012,Male,Nursing and midwifery professionals,,"Rate per 10,000 population",Undefined,Units,22.28661
2012,Male,Nursing and midwifery professionals,Nurses,"Rate per 10,000 population",Undefined,Units,22.105539999999998
2012,Male,Health associate professionals,,"Rate per 10,000 population",Undefined,Units,14.55299
2012,Male,Health associate professionals,Paramedics,"Rate per 10,000 population",Undefined,Units,4.054578
2012,Male,Health associate professionals,Pharmaceutical technicians,"Rate per 10,000 population",Undefined,Units,1.631156
2012,Male,Health associate professionals,Medical and dental technicians,"Rate per 10,000 population",Undefined,Units,6.0651019999999995
2012,Male,Health associate professionals,Health associate professionals not elsewhere classified,"Rate per 10,000 population",Undefined,Units,2.802152
2012,Female,Health professionals,,"Rate per 10,000 population",Undefined,Units,83.46298
2012,Female,Health professionals,Medical practitioners,"Rate per 10,000 population",Undefined,Units,32.22866
2012,Female,Health professionals,Psychologists,"Rate per 10,000 population",Undefined,Units,7.813569
2012,Female,Health professionals,Pharmacists,"Rate per 10,000 population",Undefined,Units,10.36005
2012,Female,Health professionals,Ophthalmic opticians,"Rate per 10,000 population",Undefined,Units,4.312158999999999
2012,Female,Health professionals,Dental practitioners,"Rate per 10,000 population",Undefined,Units,6.239
2012,Female,Health professionals,Medical radiographers,"Rate per 10,000 population",Undefined,Units,6.736996
2012,Female,Health professionals,Podiatrists,"Rate per 10,000 population",Undefined,Units,1.574878
2012,Female,Health professionals,Health professionals not elsewhere classifed,"Rate per 10,000 population",Undefined,Units,12.33073
2012,Female,Therapy professionals,,"Rate per 10,000 population",Undefined,Units,31.11905
2012,Female,Therapy professionals,Physiotherapists,"Rate per 10,000 population",Undefined,Units,10.88954
2012,Female,Therapy professionals,Occupational therapists,"Rate per 10,000 population",Undefined,Units,7.414369000000001
2012,Female,Therapy professionals,Speech and language therapists,"Rate per 10,000 population",Undefined,Units,3.680479
2012,Female,Therapy professionals,Therapy professionals not elsewhere classifed,"Rate per 10,000 population",Undefined,Units,9.134664
2012,Female,Nursing and midwifery professionals,,"Rate per 10,000 population",Undefined,Units,166.8426
2012,Female,Nursing and midwifery professionals,Nurses,"Rate per 10,000 population",Undefined,Units,155.6094
2012,Female,Nursing and midwifery professionals,Midwives,"Rate per 10,000 population",Undefined,Units,11.23316
2012,Female,Health associate professionals,,"Rate per 10,000 population",Undefined,Units,32.01316
2012,Female,Health associate professionals,Paramedics,"Rate per 10,000 population",Undefined,Units,3.486282
2012,Female,Health associate professionals,Dispensing opticians,"Rate per 10,000 population",Undefined,Units,1.6847889999999999
2012,Female,Health associate professionals,Pharmaceutical technicians,"Rate per 10,000 population",Undefined,Units,10.16863
2012,Female,Health associate professionals,Medical and dental technicians,"Rate per 10,000 population",Undefined,Units,4.672457
2012,Female,Health associate professionals,Health associate professionals not elsewhere classified,"Rate per 10,000 population",Undefined,Units,12.001
2013,,Health professionals,,"Rate per 10,000 population",Undefined,Units,76.22385
2013,,Health professionals,Medical practitioners,"Rate per 10,000 population",Undefined,Units,37.57781
2013,,Health professionals,Psychologists,"Rate per 10,000 population",Undefined,Units,5.9784120000000005
2013,,Health professionals,Pharmacists,"Rate per 10,000 population",Undefined,Units,7.083931
2013,,Health professionals,Ophthalmic opticians,"Rate per 10,000 population",Undefined,Units,3.167427
2013,,Health professionals,Dental practitioners,"Rate per 10,000 population",Undefined,Units,6.666651
2013,,Health professionals,Medical radiographers,"Rate per 10,000 population",Undefined,Units,3.6931220000000002
2013,,Health professionals,Podiatrists,"Rate per 10,000 population",Undefined,Units,2.311185
2013,,Health professionals,Health professionals not elsewhere classifed,"Rate per 10,000 population",Undefined,Units,6.761962
2013,,Therapy professionals,,"Rate per 10,000 population",Undefined,Units,23.29436
2013,,Therapy professionals,Physiotherapists,"Rate per 10,000 population",Undefined,Units,8.088054
2013,,Therapy professionals,Occupational therapists,"Rate per 10,000 population",Undefined,Units,6.106637999999999
2013,,Therapy professionals,Speech and language therapists,"Rate per 10,000 population",Undefined,Units,3.106278
2013,,Therapy professionals,Therapy professionals not elsewhere classifed,"Rate per 10,000 population",Undefined,Units,5.993387
2013,,Nursing and midwifery professionals,,"Rate per 10,000 population",Undefined,Units,99.78777
2013,,Nursing and midwifery professionals,Nurses,"Rate per 10,000 population",Undefined,Units,92.53895
2013,,Nursing and midwifery professionals,Midwives,"Rate per 10,000 population",Undefined,Units,7.248815
2013,,Health associate professionals,,"Rate per 10,000 population",Undefined,Units,23.77263
2013,,Health associate professionals,Paramedics,"Rate per 10,000 population",Undefined,Units,4.917039
2013,,Health associate professionals,Dispensing opticians,"Rate per 10,000 population",Undefined,Units,0.728641
2013,,Health associate professionals,Pharmaceutical technicians,"Rate per 10,000 population",Undefined,Units,4.216476999999999
2013,,Health associate professionals,Medical and dental technicians,"Rate per 10,000 population",Undefined,Units,6.248279
2013,,Health associate professionals,Health associate professionals not elsewhere classified,"Rate per 10,000 population",Undefined,Units,7.662195
2013,Male,Health professionals,,"Rate per 10,000 population",Undefined,Units,67.19147
2013,Male,Health professionals,Medical practitioners,"Rate per 10,000 population",Undefined,Units,42.17071
2013,Male,Health professionals,Psychologists,"Rate per 10,000 population",Undefined,Units,2.0867009999999997
2013,Male,Health professionals,Pharmacists,"Rate per 10,000 population",Undefined,Units,4.642752
2013,Male,Health professionals,Ophthalmic opticians,"Rate per 10,000 population",Undefined,Units,2.646432
2013,Male,Health professionals,Dental practitioners,"Rate per 10,000 population",Undefined,Units,6.733258999999999
2013,Male,Health professionals,Medical radiographers,"Rate per 10,000 population",Undefined,Units,1.9008639999999999
2013,Male,Health professionals,Health professionals not elsewhere classifed,"Rate per 10,000 population",Undefined,Units,3.0517220000000003
2013,Male,Therapy professionals,,"Rate per 10,000 population",Undefined,Units,8.62461
2013,Male,Therapy professionals,Physiotherapists,"Rate per 10,000 population",Undefined,Units,4.796876
2013,Male,Therapy professionals,Therapy professionals not elsewhere classifed,"Rate per 10,000 population",Undefined,Units,2.667997
2013,Male,Nursing and midwifery professionals,,"Rate per 10,000 population",Undefined,Units,19.741529999999997
2013,Male,Nursing and midwifery professionals,Nurses,"Rate per 10,000 population",Undefined,Units,19.4818
2013,Male,Health associate professionals,,"Rate per 10,000 population",Undefined,Units,14.174660000000001
2013,Male,Health associate professionals,Paramedics,"Rate per 10,000 population",Undefined,Units,5.061678
2013,Male,Health associate professionals,Medical and dental technicians,"Rate per 10,000 population",Undefined,Units,5.345507
2013,Male,Health associate professionals,Health associate professionals not elsewhere classified,"Rate per 10,000 population",Undefined,Units,2.242094
2013,Female,Health professionals,,"Rate per 10,000 population",Undefined,Units,84.96795
2013,Female,Health professionals,Medical practitioners,"Rate per 10,000 population",Undefined,Units,33.13149
2013,Female,Health professionals,Psychologists,"Rate per 10,000 population",Undefined,Units,9.745911999999999
2013,Female,Health professionals,Pharmacists,"Rate per 10,000 population",Undefined,Units,9.447194999999999
2013,Female,Health professionals,Ophthalmic opticians,"Rate per 10,000 population",Undefined,Units,3.6717940000000002
2013,Female,Health professionals,Dental practitioners,"Rate per 10,000 population",Undefined,Units,6.602167999999999
2013,Female,Health professionals,Medical radiographers,"Rate per 10,000 population",Undefined,Units,5.428176000000001
2013,Female,Health professionals,Podiatrists,"Rate per 10,000 population",Undefined,Units,3.40562
2013,Female,Health professionals,Health professionals not elsewhere classifed,"Rate per 10,000 population",Undefined,Units,10.35378
2013,Female,Therapy professionals,,"Rate per 10,000 population",Undefined,Units,37.49589
2013,Female,Therapy professionals,Physiotherapists,"Rate per 10,000 population",Undefined,Units,11.274189999999999
2013,Female,Therapy professionals,Occupational therapists,"Rate per 10,000 population",Undefined,Units,11.23151
2013,Female,Therapy professionals,Speech and language therapists,"Rate per 10,000 population",Undefined,Units,5.77755
2013,Female,Therapy professionals,Therapy professionals not elsewhere classifed,"Rate per 10,000 population",Undefined,Units,9.212642
2013,Female,Nursing and midwifery professionals,,"Rate per 10,000 population",Undefined,Units,177.2792
2013,Female,Nursing and midwifery professionals,Nurses,"Rate per 10,000 population",Undefined,Units,163.2644
2013,Female,Nursing and midwifery professionals,Midwives,"Rate per 10,000 population",Undefined,Units,14.014829999999998
2013,Female,Health associate professionals,,"Rate per 10,000 population",Undefined,Units,33.06426
2013,Female,Health associate professionals,Paramedics,"Rate per 10,000 population",Undefined,Units,4.777016000000001
2013,Female,Health associate professionals,Pharmaceutical technicians,"Rate per 10,000 population",Undefined,Units,7.188242999999999
2013,Female,Health associate professionals,Medical and dental technicians,"Rate per 10,000 population",Undefined,Units,7.122236999999999
2013,Female,Health associate professionals,Health associate professionals not elsewhere classified,"Rate per 10,000 population",Undefined,Units,12.9093
2014,,Health professionals,,"Rate per 10,000 population",Undefined,Units,81.58691999999999
2014,,Health professionals,Medical practitioners,"Rate per 10,000 population",Undefined,Units,38.29837
2014,,Health professionals,Psychologists,"Rate per 10,000 population",Undefined,Units,6.075228
2014,,Health professionals,Pharmacists,"Rate per 10,000 population",Undefined,Units,9.238855000000001
2014,,Health professionals,Ophthalmic opticians,"Rate per 10,000 population",Undefined,Units,3.3928949999999998
2014,,Health professionals,Dental practitioners,"Rate per 10,000 population",Undefined,Units,7.9420399999999995
2014,,Health professionals,Medical radiographers,"Rate per 10,000 population",Undefined,Units,3.5921309999999997
2014,,Health professionals,Podiatrists,"Rate per 10,000 population",Undefined,Units,2.5256689999999997
2014,,Health professionals,Health professionals not elsewhere classifed,"Rate per 10,000 population",Undefined,Units,7.382414999999999
2014,,Therapy professionals,,"Rate per 10,000 population",Undefined,Units,22.88366
2014,,Therapy professionals,Physiotherapists,"Rate per 10,000 population",Undefined,Units,8.082759
2014,,Therapy professionals,Occupational therapists,"Rate per 10,000 population",Undefined,Units,6.4619349999999995
2014,,Therapy professionals,Speech and language therapists,"Rate per 10,000 population",Undefined,Units,1.705968
2014,,Therapy professionals,Therapy professionals not elsewhere classifed,"Rate per 10,000 population",Undefined,Units,6.632996
2014,,Nursing and midwifery professionals,,"Rate per 10,000 population",Undefined,Units,97.64268
2014,,Nursing and midwifery professionals,Nurses,"Rate per 10,000 population",Undefined,Units,91.36713
2014,,Nursing and midwifery professionals,Midwives,"Rate per 10,000 population",Undefined,Units,6.275548000000001
2014,,Health associate professionals,,"Rate per 10,000 population",Undefined,Units,23.45489
2014,,Health associate professionals,Paramedics,"Rate per 10,000 population",Undefined,Units,3.410543
2014,,Health associate professionals,Dispensing opticians,"Rate per 10,000 population",Undefined,Units,0.96429
2014,,Health associate professionals,Pharmaceutical technicians,"Rate per 10,000 population",Undefined,Units,3.863197
2014,,Health associate professionals,Medical and dental technicians,"Rate per 10,000 population",Undefined,Units,7.119708
2014,,Health associate professionals,Health associate professionals not elsewhere classified,"Rate per 10,000 population",Undefined,Units,8.097156
2014,Male,Health professionals,,"Rate per 10,000 population",Undefined,Units,75.74255
2014,Male,Health professionals,Medical practitioners,"Rate per 10,000 population",Undefined,Units,40.85583
2014,Male,Health professionals,Psychologists,"Rate per 10,000 population",Undefined,Units,1.9299389999999998
2014,Male,Health professionals,Pharmacists,"Rate per 10,000 population",Undefined,Units,7.22815
2014,Male,Health professionals,Ophthalmic opticians,"Rate per 10,000 population",Undefined,Units,4.438608
2014,Male,Health professionals,Dental practitioners,"Rate per 10,000 population",Undefined,Units,10.53415
2014,Male,Health professionals,Health professionals not elsewhere classifed,"Rate per 10,000 population",Undefined,Units,5.287202
2014,Male,Therapy professionals,,"Rate per 10,000 population",Undefined,Units,7.458069
2014,Male,Therapy professionals,Physiotherapists,"Rate per 10,000 population",Undefined,Units,3.517987
2014,Male,Therapy professionals,Therapy professionals not elsewhere classifed,"Rate per 10,000 population",Undefined,Units,2.3514049999999997
2014,Male,Nursing and midwifery professionals,,"Rate per 10,000 population",Undefined,Units,21.43755
2014,Male,Nursing and midwifery professionals,Nurses,"Rate per 10,000 population",Undefined,Units,21.43755
2014,Male,Health associate professionals,,"Rate per 10,000 population",Undefined,Units,16.56174
2014,Male,Health associate professionals,Paramedics,"Rate per 10,000 population",Undefined,Units,4.384195
2014,Male,Health associate professionals,Pharmaceutical technicians,"Rate per 10,000 population",Undefined,Units,1.524828
2014,Male,Health associate professionals,Medical and dental technicians,"Rate per 10,000 population",Undefined,Units,6.8702179999999995
2014,Male,Health associate professionals,Health associate professionals not elsewhere classified,"Rate per 10,000 population",Undefined,Units,3.5840379999999996
2014,Female,Health professionals,,"Rate per 10,000 population",Undefined,Units,87.25147
2014,Female,Health professionals,Medical practitioners,"Rate per 10,000 population",Undefined,Units,35.819590000000005
2014,Female,Health professionals,Psychologists,"Rate per 10,000 population",Undefined,Units,10.09298
2014,Female,Health professionals,Pharmacists,"Rate per 10,000 population",Undefined,Units,11.1877
2014,Female,Health professionals,Ophthalmic opticians,"Rate per 10,000 population",Undefined,Units,2.379356
2014,Female,Health professionals,Dental practitioners,"Rate per 10,000 population",Undefined,Units,5.429686
2014,Female,Health professionals,Medical radiographers,"Rate per 10,000 population",Undefined,Units,6.0768830000000005
2014,Female,Health professionals,Podiatrists,"Rate per 10,000 population",Undefined,Units,3.691126
2014,Female,Health professionals,Health professionals not elsewhere classifed,"Rate per 10,000 population",Undefined,Units,9.413163
2014,Female,Therapy professionals,,"Rate per 10,000 population",Undefined,Units,37.83465
2014,Female,Therapy professionals,Physiotherapists,"Rate per 10,000 population",Undefined,Units,12.50709
2014,Female,Therapy professionals,Occupational therapists,"Rate per 10,000 population",Undefined,Units,11.57638
2014,Female,Therapy professionals,Speech and language therapists,"Rate per 10,000 population",Undefined,Units,2.968326
2014,Female,Therapy professionals,Therapy professionals not elsewhere classifed,"Rate per 10,000 population",Undefined,Units,10.782860000000001
2014,Female,Nursing and midwifery professionals,,"Rate per 10,000 population",Undefined,Units,171.5032
2014,Female,Nursing and midwifery professionals,Nurses,"Rate per 10,000 population",Undefined,Units,159.1452
2014,Female,Nursing and midwifery professionals,Midwives,"Rate per 10,000 population",Undefined,Units,12.35802
2014,Female,Health associate professionals,,"Rate per 10,000 population",Undefined,Units,30.135959999999997
2014,Female,Health associate professionals,Paramedics,"Rate per 10,000 population",Undefined,Units,2.466848
2014,Female,Health associate professionals,Dispensing opticians,"Rate per 10,000 population",Undefined,Units,1.706551
2014,Female,Health associate professionals,Pharmaceutical technicians,"Rate per 10,000 population",Undefined,Units,6.129622
2014,Female,Health associate professionals,Medical and dental technicians,"Rate per 10,000 population",Undefined,Units,7.361522
2014,Female,Health associate professionals,Health associate professionals not elsewhere classified,"Rate per 10,000 population",Undefined,Units,12.47142
2015,,Health professionals,,"Rate per 10,000 population",Undefined,Units,78.3549
2015,,Health professionals,Medical practitioners,"Rate per 10,000 population",Undefined,Units,35.59006
2015,,Health professionals,Psychologists,"Rate per 10,000 population",Undefined,Units,5.590383
2015,,Health professionals,Pharmacists,"Rate per 10,000 population",Undefined,Units,10.01366
2015,,Health professionals,Ophthalmic opticians,"Rate per 10,000 population",Undefined,Units,2.030409
2015,,Health professionals,Dental practitioners,"Rate per 10,000 population",Undefined,Units,7.031942
2015,,Health professionals,Medical radiographers,"Rate per 10,000 population",Undefined,Units,4.502839
2015,,Health professionals,Podiatrists,"Rate per 10,000 population",Undefined,Units,2.463215
2015,,Health professionals,Health professionals not elsewhere classifed,"Rate per 10,000 population",Undefined,Units,7.915063000000001
2015,,Therapy professionals,,"Rate per 10,000 population",Undefined,Units,21.41682
2015,,Therapy professionals,Physiotherapists,"Rate per 10,000 population",Undefined,Units,8.038239
2015,,Therapy professionals,Occupational therapists,"Rate per 10,000 population",Undefined,Units,4.878357
2015,,Therapy professionals,Speech and language therapists,"Rate per 10,000 population",Undefined,Units,3.169711
2015,,Therapy professionals,Therapy professionals not elsewhere classifed,"Rate per 10,000 population",Undefined,Units,5.330515
2015,,Nursing and midwifery professionals,,"Rate per 10,000 population",Undefined,Units,105.1756
2015,,Nursing and midwifery professionals,Nurses,"Rate per 10,000 population",Undefined,Units,98.40972
2015,,Nursing and midwifery professionals,Midwives,"Rate per 10,000 population",Undefined,Units,6.765931
2015,,Health associate professionals,,"Rate per 10,000 population",Undefined,Units,22.53324
2015,,Health associate professionals,Paramedics,"Rate per 10,000 population",Undefined,Units,3.721393
2015,,Health associate professionals,Dispensing opticians,"Rate per 10,000 population",Undefined,Units,0.940715
2015,,Health associate professionals,Pharmaceutical technicians,"Rate per 10,000 population",Undefined,Units,4.342649
2015,,Health associate professionals,Medical and dental technicians,"Rate per 10,000 population",Undefined,Units,6.15988
2015,,Health associate professionals,Health associate professionals not elsewhere classified,"Rate per 10,000 population",Undefined,Units,7.368603
2015,Male,Health professionals,,"Rate per 10,000 population",Undefined,Units,70.63505
2015,Male,Health professionals,Medical practitioners,"Rate per 10,000 population",Undefined,Units,37.21841
2015,Male,Health professionals,Psychologists,"Rate per 10,000 population",Undefined,Units,2.398171
2015,Male,Health professionals,Pharmacists,"Rate per 10,000 population",Undefined,Units,8.697578
2015,Male,Health professionals,Ophthalmic opticians,"Rate per 10,000 population",Undefined,Units,2.218589
2015,Male,Health professionals,Dental practitioners,"Rate per 10,000 population",Undefined,Units,8.893996000000001
2015,Male,Health professionals,Medical radiographers,"Rate per 10,000 population",Undefined,Units,1.905255
2015,Male,Health professionals,Health professionals not elsewhere classifed,"Rate per 10,000 population",Undefined,Units,6.00291
2015,Male,Therapy professionals,,"Rate per 10,000 population",Undefined,Units,4.9634529999999994
2015,Male,Therapy professionals,Physiotherapists,"Rate per 10,000 population",Undefined,Units,2.5247509999999997
2015,Male,Therapy professionals,Therapy professionals not elsewhere classifed,"Rate per 10,000 population",Undefined,Units,1.580074
2015,Male,Nursing and midwifery professionals,,"Rate per 10,000 population",Undefined,Units,20.04524
2015,Male,Nursing and midwifery professionals,Nurses,"Rate per 10,000 population",Undefined,Units,20.04524
2015,Male,Health associate professionals,,"Rate per 10,000 population",Undefined,Units,16.764120000000002
2015,Male,Health associate professionals,Paramedics,"Rate per 10,000 population",Undefined,Units,5.785603
2015,Male,Health associate professionals,Pharmaceutical technicians,"Rate per 10,000 population",Undefined,Units,1.516472
2015,Male,Health associate professionals,Medical and dental technicians,"Rate per 10,000 population",Undefined,Units,6.396681
2015,Male,Health associate professionals,Health associate professionals not elsewhere classified,"Rate per 10,000 population",Undefined,Units,2.811896
2015,Female,Health professionals,,"Rate per 10,000 population",Undefined,Units,85.85014
2015,Female,Health professionals,Medical practitioners,"Rate per 10,000 population",Undefined,Units,34.00908
2015,Female,Health professionals,Psychologists,"Rate per 10,000 population",Undefined,Units,8.689719
2015,Female,Health professionals,Pharmacists,"Rate per 10,000 population",Undefined,Units,11.29146
2015,Female,Health professionals,Ophthalmic opticians,"Rate per 10,000 population",Undefined,Units,1.847704
2015,Female,Health professionals,Dental practitioners,"Rate per 10,000 population",Undefined,Units,5.224063
2015,Female,Health professionals,Medical radiographers,"Rate per 10,000 population",Undefined,Units,7.0248479999999995
2015,Female,Health professionals,Podiatrists,"Rate per 10,000 population",Undefined,Units,4.045637
2015,Female,Health professionals,Health professionals not elsewhere classifed,"Rate per 10,000 population",Undefined,Units,9.771583
2015,Female,Therapy professionals,,"Rate per 10,000 population",Undefined,Units,37.391490000000005
2015,Female,Therapy professionals,Physiotherapists,"Rate per 10,000 population",Undefined,Units,13.39132
2015,Female,Therapy professionals,Occupational therapists,"Rate per 10,000 population",Undefined,Units,9.213397
2015,Female,Therapy professionals,Speech and language therapists,"Rate per 10,000 population",Undefined,Units,5.814941
2015,Female,Therapy professionals,Therapy professionals not elsewhere classifed,"Rate per 10,000 population",Undefined,Units,8.971839
2015,Female,Nursing and midwifery professionals,,"Rate per 10,000 population",Undefined,Units,187.8293
2015,Female,Nursing and midwifery professionals,Nurses,"Rate per 10,000 population",Undefined,Units,174.4942
2015,Female,Nursing and midwifery professionals,Midwives,"Rate per 10,000 population",Undefined,Units,13.33501
2015,Female,Health associate professionals,,"Rate per 10,000 population",Undefined,Units,28.13451
2015,Female,Health associate professionals,Paramedics,"Rate per 10,000 population",Undefined,Units,1.717239
2015,Female,Health associate professionals,Dispensing opticians,"Rate per 10,000 population",Undefined,Units,1.6079629999999998
2015,Female,Health associate professionals,Pharmaceutical technicians,"Rate per 10,000 population",Undefined,Units,7.0866
2015,Female,Health associate professionals,Medical and dental technicians,"Rate per 10,000 population",Undefined,Units,5.929968
2015,Female,Health associate professionals,Health associate professionals not elsewhere classified,"Rate per 10,000 population",Undefined,Units,11.79274
2016,,Health professionals,,"Rate per 10,000 population",Undefined,Units,83.15159
2016,,Health professionals,Medical practitioners,"Rate per 10,000 population",Undefined,Units,42.280159999999995
2016,,Health professionals,Psychologists,"Rate per 10,000 population",Undefined,Units,4.215662
2016,,Health professionals,Pharmacists,"Rate per 10,000 population",Undefined,Units,9.338281
2016,,Health professionals,Ophthalmic opticians,"Rate per 10,000 population",Undefined,Units,2.885539
2016,,Health professionals,Dental practitioners,"Rate per 10,000 population",Undefined,Units,6.127067
2016,,Health professionals,Medical radiographers,"Rate per 10,000 population",Undefined,Units,5.78829
2016,,Health professionals,Podiatrists,"Rate per 10,000 population",Undefined,Units,1.8126970000000002
2016,,Health professionals,Health professionals not elsewhere classifed,"Rate per 10,000 population",Undefined,Units,7.326036
2016,,Therapy professionals,,"Rate per 10,000 population",Undefined,Units,18.83255
2016,,Therapy professionals,Physiotherapists,"Rate per 10,000 population",Undefined,Units,7.40418
2016,,Therapy professionals,Occupational therapists,"Rate per 10,000 population",Undefined,Units,4.2567900000000005
2016,,Therapy professionals,Speech and language therapists,"Rate per 10,000 population",Undefined,Units,2.063275
2016,,Therapy professionals,Therapy professionals not elsewhere classifed,"Rate per 10,000 population",Undefined,Units,5.108301
2016,,Nursing and midwifery professionals,,"Rate per 10,000 population",Undefined,Units,109.3213
2016,,Nursing and midwifery professionals,Nurses,"Rate per 10,000 population",Undefined,Units,102.7864
2016,,Nursing and midwifery professionals,Midwives,"Rate per 10,000 population",Undefined,Units,6.534847
2016,,Health associate professionals,,"Rate per 10,000 population",Undefined,Units,24.76006
2016,,Health associate professionals,Paramedics,"Rate per 10,000 population",Undefined,Units,2.971908
2016,,Health associate professionals,Dispensing opticians,"Rate per 10,000 population",Undefined,Units,1.015415
2016,,Health associate professionals,Pharmaceutical technicians,"Rate per 10,000 population",Undefined,Units,4.747437000000001
2016,,Health associate professionals,Medical and dental technicians,"Rate per 10,000 population",Undefined,Units,7.050933000000001
2016,,Health associate professionals,Health associate professionals not elsewhere classified,"Rate per 10,000 population",Undefined,Units,8.974371000000001
2016,Male,Health professionals,,"Rate per 10,000 population",Undefined,Units,74.03311
2016,Male,Health professionals,Medical practitioners,"Rate per 10,000 population",Undefined,Units,45.67283
2016,Male,Health professionals,Psychologists,"Rate per 10,000 population",Undefined,Units,2.625575
2016,Male,Health professionals,Pharmacists,"Rate per 10,000 population",Undefined,Units,7.406028999999999
2016,Male,Health professionals,Ophthalmic opticians,"Rate per 10,000 population",Undefined,Units,2.062532
2016,Male,Health professionals,Dental practitioners,"Rate per 10,000 population",Undefined,Units,6.814572
2016,Male,Health professionals,Medical radiographers,"Rate per 10,000 population",Undefined,Units,2.9347380000000003
2016,Male,Health professionals,Health professionals not elsewhere classifed,"Rate per 10,000 population",Undefined,Units,3.8270199999999996
2016,Male,Therapy professionals,,"Rate per 10,000 population",Undefined,Units,8.860118
2016,Male,Therapy professionals,Physiotherapists,"Rate per 10,000 population",Undefined,Units,4.4024160000000006
2016,Male,Therapy professionals,Therapy professionals not elsewhere classifed,"Rate per 10,000 population",Undefined,Units,3.6058800000000004
2016,Male,Nursing and midwifery professionals,,"Rate per 10,000 population",Undefined,Units,24.75595
2016,Male,Nursing and midwifery professionals,Nurses,"Rate per 10,000 population",Undefined,Units,24.75595
2016,Male,Health associate professionals,,"Rate per 10,000 population",Undefined,Units,18.70208
2016,Male,Health associate professionals,Paramedics,"Rate per 10,000 population",Undefined,Units,5.05132
2016,Male,Health associate professionals,Pharmaceutical technicians,"Rate per 10,000 population",Undefined,Units,2.034427
2016,Male,Health associate professionals,Medical and dental technicians,"Rate per 10,000 population",Undefined,Units,7.827616
2016,Male,Health associate professionals,Health associate professionals not elsewhere classified,"Rate per 10,000 population",Undefined,Units,2.610441
2016,Female,Health professionals,,"Rate per 10,000 population",Undefined,Units,92.0254
2016,Female,Health professionals,Medical practitioners,"Rate per 10,000 population",Undefined,Units,38.97851
2016,Female,Health professionals,Psychologists,"Rate per 10,000 population",Undefined,Units,5.763083999999999
2016,Female,Health professionals,Pharmacists,"Rate per 10,000 population",Undefined,Units,11.218689999999999
2016,Female,Health professionals,Ophthalmic opticians,"Rate per 10,000 population",Undefined,Units,3.686462
2016,Female,Health professionals,Dental practitioners,"Rate per 10,000 population",Undefined,Units,5.458008
2016,Female,Health professionals,Medical radiographers,"Rate per 10,000 population",Undefined,Units,8.565275999999999
2016,Female,Health professionals,Podiatrists,"Rate per 10,000 population",Undefined,Units,3.5767550000000004
2016,Female,Health professionals,Health professionals not elsewhere classifed,"Rate per 10,000 population",Undefined,Units,10.73117
2016,Female,Therapy professionals,,"Rate per 10,000 population",Undefined,Units,28.5374
2016,Female,Therapy professionals,Physiotherapists,"Rate per 10,000 population",Undefined,Units,10.3254
2016,Female,Therapy professionals,Occupational therapists,"Rate per 10,000 population",Undefined,Units,8.004717999999999
2016,Female,Therapy professionals,Speech and language therapists,"Rate per 10,000 population",Undefined,Units,3.6368690000000004
2016,Female,Therapy professionals,Therapy professionals not elsewhere classifed,"Rate per 10,000 population",Undefined,Units,6.570409
2016,Female,Nursing and midwifery professionals,,"Rate per 10,000 population",Undefined,Units,191.6176
2016,Female,Nursing and midwifery professionals,Nurses,"Rate per 10,000 population",Undefined,Units,178.7232
2016,Female,Nursing and midwifery professionals,Midwives,"Rate per 10,000 population",Undefined,Units,12.89435
2016,Female,Health associate professionals,,"Rate per 10,000 population",Undefined,Units,30.6555
2016,Female,Health associate professionals,Pharmaceutical technicians,"Rate per 10,000 population",Undefined,Units,7.387652
2016,Female,Health associate professionals,Medical and dental technicians,"Rate per 10,000 population",Undefined,Units,6.295089
2016,Female,Health associate professionals,Health associate professionals not elsewhere classified,"Rate per 10,000 population",Undefined,Units,15.16755
2017,,Health professionals,,"Rate per 10,000 population",Undefined,Units,85.21533000000001
2017,,Health professionals,Medical practitioners,"Rate per 10,000 population",Undefined,Units,41.111000000000004
2017,,Health professionals,Psychologists,"Rate per 10,000 population",Undefined,Units,4.340536
2017,,Health professionals,Pharmacists,"Rate per 10,000 population",Undefined,Units,8.385949
2017,,Health professionals,Ophthalmic opticians,"Rate per 10,000 population",Undefined,Units,3.267402
2017,,Health professionals,Dental practitioners,"Rate per 10,000 population",Undefined,Units,6.978474
2017,,Health professionals,Medical radiographers,"Rate per 10,000 population",Undefined,Units,5.046318
2017,,Health professionals,Podiatrists,"Rate per 10,000 population",Undefined,Units,1.8612900000000001
2017,,Health professionals,Health professionals not elsewhere classifed,"Rate per 10,000 population",Undefined,Units,10.59248
2017,,Therapy professionals,,"Rate per 10,000 population",Undefined,Units,23.27354
2017,,Therapy professionals,Physiotherapists,"Rate per 10,000 population",Undefined,Units,8.119292999999999
2017,,Therapy professionals,Occupational therapists,"Rate per 10,000 population",Undefined,Units,6.059186
2017,,Therapy professionals,Speech and language therapists,"Rate per 10,000 population",Undefined,Units,2.1880599999999997
2017,,Therapy professionals,Therapy professionals not elsewhere classifed,"Rate per 10,000 population",Undefined,Units,6.907002
2017,,Nursing and midwifery professionals,,"Rate per 10,000 population",Undefined,Units,106.3184
2017,,Nursing and midwifery professionals,Nurses,"Rate per 10,000 population",Undefined,Units,99.83142
2017,,Nursing and midwifery professionals,Midwives,"Rate per 10,000 population",Undefined,Units,6.486955
2017,,Health associate professionals,,"Rate per 10,000 population",Undefined,Units,27.18737
2017,,Health associate professionals,Paramedics,"Rate per 10,000 population",Undefined,Units,3.506499
2017,,Health associate professionals,Dispensing opticians,"Rate per 10,000 population",Undefined,Units,1.123406
2017,,Health associate professionals,Pharmaceutical technicians,"Rate per 10,000 population",Undefined,Units,5.073119999999999
2017,,Health associate professionals,Medical and dental technicians,"Rate per 10,000 population",Undefined,Units,6.164727
2017,,Health associate professionals,Health associate professionals not elsewhere classified,"Rate per 10,000 population",Undefined,Units,11.31962
2017,Male,Health professionals,,"Rate per 10,000 population",Undefined,Units,71.68265
2017,Male,Health professionals,Medical practitioners,"Rate per 10,000 population",Undefined,Units,44.68476
2017,Male,Health professionals,Pharmacists,"Rate per 10,000 population",Undefined,Units,4.66334
2017,Male,Health professionals,Ophthalmic opticians,"Rate per 10,000 population",Undefined,Units,2.837781
2017,Male,Health professionals,Dental practitioners,"Rate per 10,000 population",Undefined,Units,6.525729
2017,Male,Health professionals,Medical radiographers,"Rate per 10,000 population",Undefined,Units,3.3395940000000004
2017,Male,Health professionals,Health professionals not elsewhere classifed,"Rate per 10,000 population",Undefined,Units,5.610494
2017,Male,Therapy professionals,,"Rate per 10,000 population",Undefined,Units,8.188007
2017,Male,Therapy professionals,Physiotherapists,"Rate per 10,000 population",Undefined,Units,5.011693
2017,Male,Therapy professionals,Therapy professionals not elsewhere classifed,"Rate per 10,000 population",Undefined,Units,2.7018150000000003
2017,Male,Nursing and midwifery professionals,,"Rate per 10,000 population",Undefined,Units,29.06285
2017,Male,Nursing and midwifery professionals,Nurses,"Rate per 10,000 population",Undefined,Units,28.75194
2017,Male,Health associate professionals,,"Rate per 10,000 population",Undefined,Units,15.60564
2017,Male,Health associate professionals,Paramedics,"Rate per 10,000 population",Undefined,Units,3.139176
2017,Male,Health associate professionals,Pharmaceutical technicians,"Rate per 10,000 population",Undefined,Units,2.0560560000000003
2017,Male,Health associate professionals,Medical and dental technicians,"Rate per 10,000 population",Undefined,Units,5.342246
2017,Male,Health associate professionals,Health associate professionals not elsewhere classified,"Rate per 10,000 population",Undefined,Units,4.48195
2017,Female,Health professionals,,"Rate per 10,000 population",Undefined,Units,98.39345
2017,Female,Health professionals,Medical practitioners,"Rate per 10,000 population",Undefined,Units,37.63088
2017,Female,Health professionals,Psychologists,"Rate per 10,000 population",Undefined,Units,7.473752
2017,Female,Health professionals,Pharmacists,"Rate per 10,000 population",Undefined,Units,12.01102
2017,Female,Health professionals,Ophthalmic opticians,"Rate per 10,000 population",Undefined,Units,3.685768
2017,Female,Health professionals,Dental practitioners,"Rate per 10,000 population",Undefined,Units,7.419356
2017,Female,Health professionals,Medical radiographers,"Rate per 10,000 population",Undefined,Units,6.708325
2017,Female,Health professionals,Podiatrists,"Rate per 10,000 population",Undefined,Units,3.498371
2017,Female,Health professionals,Health professionals not elsewhere classifed,"Rate per 10,000 population",Undefined,Units,15.44394
2017,Female,Therapy professionals,,"Rate per 10,000 population",Undefined,Units,37.96383
2017,Female,Therapy professionals,Physiotherapists,"Rate per 10,000 population",Undefined,Units,11.14547
2017,Female,Therapy professionals,Occupational therapists,"Rate per 10,000 population",Undefined,Units,11.49755
2017,Female,Therapy professionals,Speech and language therapists,"Rate per 10,000 population",Undefined,Units,4.318792
2017,Female,Therapy professionals,Therapy professionals not elsewhere classifed,"Rate per 10,000 population",Undefined,Units,11.00201
2017,Female,Nursing and midwifery professionals,,"Rate per 10,000 population",Undefined,Units,181.5498
2017,Female,Nursing and midwifery professionals,Nurses,"Rate per 10,000 population",Undefined,Units,169.0486
2017,Female,Nursing and midwifery professionals,Midwives,"Rate per 10,000 population",Undefined,Units,12.50119
2017,Female,Health associate professionals,,"Rate per 10,000 population",Undefined,Units,38.46564
2017,Female,Health associate professionals,Paramedics,"Rate per 10,000 population",Undefined,Units,3.8641980000000005
2017,Female,Health associate professionals,Dispensing opticians,"Rate per 10,000 population",Undefined,Units,1.646521
2017,Female,Health associate professionals,Pharmaceutical technicians,"Rate per 10,000 population",Undefined,Units,8.011135000000001
2017,Female,Health associate professionals,Medical and dental technicians,"Rate per 10,000 population",Undefined,Units,6.965659
2017,Female,Health associate professionals,Health associate professionals not elsewhere classified,"Rate per 10,000 population",Undefined,Units,17.97813
