Year,Series,Sex,Relationship to perpetrator,Age,Ethnicity,Income,Disability status,Country of birth,Region,Units,Unit multiplier,Observation status,GeoCode,Value
2004/05,Percentage of adults aged 16 to 59 (%),Female,Family member,,,,,,,Percentage (%),Units,Normal value,,0.0522859722877996
2004/05,Percentage of adults aged 16 to 59 (%),Female,Partner,,,,,,,Percentage (%),Units,Normal value,,0.4636297297425751
2004/05,Percentage of adults aged 16 to 59 (%),Female,,,,,,,,Percentage (%),Units,Normal value,,3.431964537862358
2004/05,Percentage of adults aged 16 to 59 (%),Male,Family member,,,,,,,Percentage (%),Units,Normal value,,0.0065362339244938
2004/05,Percentage of adults aged 16 to 59 (%),Male,Partner,,,,,,,Percentage (%),Units,Normal value,,0.221249273355011
2004/05,Percentage of adults aged 16 to 59 (%),Male,,,,,,,,Percentage (%),Units,Normal value,,1.164250799331341
2004/05,Percentage of adults aged 16 to 59 (%),,Family member,,,,,,,Percentage (%),Units,Normal value,,0.0295418125816813
2004/05,Percentage of adults aged 16 to 59 (%),,Partner,,,,,,,Percentage (%),Units,Normal value,,0.3438758529594878
2004/05,Percentage of adults aged 16 to 59 (%),,,,,,,,,Percentage (%),Units,Normal value,,2.3037422586292795
2005/06,Percentage of adults aged 16 to 59 (%),Female,Family member,,,,,,,Percentage (%),Units,Normal value,,0.0436325629013042
2005/06,Percentage of adults aged 16 to 59 (%),Female,Partner,,,,,,,Percentage (%),Units,Normal value,,0.6214529325641317
2005/06,Percentage of adults aged 16 to 59 (%),Female,,,,,,,,Percentage (%),Units,Normal value,,3.888849778472944
2005/06,Percentage of adults aged 16 to 59 (%),Male,Family member,,,,,,,Percentage (%),Units,Normal value,,0.0269055752009054
2005/06,Percentage of adults aged 16 to 59 (%),Male,Partner,,,,,,,Percentage (%),Units,Normal value,,0.0
2005/06,Percentage of adults aged 16 to 59 (%),Male,,,,,,,,Percentage (%),Units,Normal value,,1.0515830206046854
2005/06,Percentage of adults aged 16 to 59 (%),,Family member,,,,,,,Percentage (%),Units,Normal value,,0.0353085726518666
2005/06,Percentage of adults aged 16 to 59 (%),,Partner,,,,,,,Percentage (%),Units,Normal value,,0.3309974679126455
2005/06,Percentage of adults aged 16 to 59 (%),,,,,,,,,Percentage (%),Units,Normal value,,2.518203361812256
2006/07,Percentage of adults aged 16 to 59 (%),Female,Family member,,,,,,,Percentage (%),Units,Normal value,,0.0612917049408776
2006/07,Percentage of adults aged 16 to 59 (%),Female,Partner,,,,,,,Percentage (%),Units,Normal value,,0.5411480589081344
2006/07,Percentage of adults aged 16 to 59 (%),Female,,,,,,,,Percentage (%),Units,Normal value,,3.9678185619389694
2006/07,Percentage of adults aged 16 to 59 (%),Male,Family member,,,,,,,Percentage (%),Units,Normal value,,0.0054152897021613
2006/07,Percentage of adults aged 16 to 59 (%),Male,Partner,,,,,,,Percentage (%),Units,Normal value,,0.1340280575405703
2006/07,Percentage of adults aged 16 to 59 (%),Male,,,,,,,,Percentage (%),Units,Normal value,,1.2179705540777277
2006/07,Percentage of adults aged 16 to 59 (%),,Family member,,,,,,,Percentage (%),Units,Normal value,,0.033452590640783
2006/07,Percentage of adults aged 16 to 59 (%),,Partner,,,,,,,Percentage (%),Units,Normal value,,0.3465802381637204
2006/07,Percentage of adults aged 16 to 59 (%),,,,,,,,,Percentage (%),Units,Normal value,,2.615723951008618
2007/08,Percentage of adults aged 16 to 59 (%),Female,Family member,,,,,,,Percentage (%),Units,Normal value,,0.078160508688808
2007/08,Percentage of adults aged 16 to 59 (%),Female,Partner,,,,,,,Percentage (%),Units,Normal value,,0.4885994193608259
2007/08,Percentage of adults aged 16 to 59 (%),Female,,,,,,,,Percentage (%),Units,Normal value,,3.542807610868581
2007/08,Percentage of adults aged 16 to 59 (%),Male,Family member,,,,,,,Percentage (%),Units,Normal value,,0.0071207706698828
2007/08,Percentage of adults aged 16 to 59 (%),Male,Partner,,,,,,,Percentage (%),Units,Normal value,,0.1372678835611972
2007/08,Percentage of adults aged 16 to 59 (%),Male,,,,,,,,Percentage (%),Units,Normal value,,0.7407243398470063
2007/08,Percentage of adults aged 16 to 59 (%),,Family member,,,,,,,Percentage (%),Units,Normal value,,0.0427908794058877
2007/08,Percentage of adults aged 16 to 59 (%),,Partner,,,,,,,Percentage (%),Units,Normal value,,0.3201902728552583
2007/08,Percentage of adults aged 16 to 59 (%),,,,,,,,,Percentage (%),Units,Normal value,,2.220040955473805
2008/09,Percentage of adults aged 16 to 59 (%),Female,Family member,,,,,,,Percentage (%),Units,Normal value,,0.0386940622261531
2008/09,Percentage of adults aged 16 to 59 (%),Female,Partner,,,,,,,Percentage (%),Units,Normal value,,0.2686457351589055
2008/09,Percentage of adults aged 16 to 59 (%),Female,,,,,,,,Percentage (%),Units,Normal value,,2.9796500560357337
2008/09,Percentage of adults aged 16 to 59 (%),Male,Family member,,,,,,,Percentage (%),Units,Normal value,,0.0081908299567925
2008/09,Percentage of adults aged 16 to 59 (%),Male,Partner,,,,,,,Percentage (%),Units,Normal value,,0.1772537707530306
2008/09,Percentage of adults aged 16 to 59 (%),Male,,,,,,,,Percentage (%),Units,Normal value,,0.6913240502662868
2008/09,Percentage of adults aged 16 to 59 (%),,Family member,,,,,,,Percentage (%),Units,Normal value,,0.0234790674628576
2008/09,Percentage of adults aged 16 to 59 (%),,Partner,,,,,,,Percentage (%),Units,Normal value,,0.2204798946418313
2008/09,Percentage of adults aged 16 to 59 (%),,,,,,,,,Percentage (%),Units,Normal value,,1.887869890969026
2009/10,Percentage of adults aged 16 to 59 (%),Female,Family member,,,,,,,Percentage (%),Units,Normal value,,0.0343295513931812
2009/10,Percentage of adults aged 16 to 59 (%),Female,Partner,,,,,,,Percentage (%),Units,Normal value,,0.4400372725020354
2009/10,Percentage of adults aged 16 to 59 (%),Female,,,,,,,,Percentage (%),Units,Normal value,,2.750517656315929
2009/10,Percentage of adults aged 16 to 59 (%),Male,Family member,,,,,,,Percentage (%),Units,Normal value,,0.0
2009/10,Percentage of adults aged 16 to 59 (%),Male,Partner,,,,,,,Percentage (%),Units,Normal value,,0.1959297468994902
2009/10,Percentage of adults aged 16 to 59 (%),Male,,,,,,,,Percentage (%),Units,Normal value,,1.02214864516915
2009/10,Percentage of adults aged 16 to 59 (%),,Family member,,,,,,,Percentage (%),Units,Normal value,,0.0171259598303727
2009/10,Percentage of adults aged 16 to 59 (%),,Partner,,,,,,,Percentage (%),Units,Normal value,,0.3190584814468588
2009/10,Percentage of adults aged 16 to 59 (%),,,,,,,,,Percentage (%),Units,Normal value,,1.8663253703843976
2010/11,Percentage of adults aged 16 to 59 (%),Female,Family member,,,,,,,Percentage (%),Units,Normal value,,0.0860683571329515
2010/11,Percentage of adults aged 16 to 59 (%),Female,Partner,,,,,,,Percentage (%),Units,Normal value,,0.4457061667101186
2010/11,Percentage of adults aged 16 to 59 (%),Female,,,,,,,,Percentage (%),Units,Normal value,,2.9241257833519048
2010/11,Percentage of adults aged 16 to 59 (%),Male,Family member,,,,,,,Percentage (%),Units,Normal value,,0.0
2010/11,Percentage of adults aged 16 to 59 (%),Male,Partner,,,,,,,Percentage (%),Units,Normal value,,0.1545054539121381
2010/11,Percentage of adults aged 16 to 59 (%),Male,,,,,,,,Percentage (%),Units,Normal value,,0.8525419993938651
2010/11,Percentage of adults aged 16 to 59 (%),,Family member,,,,,,,Percentage (%),Units,Normal value,,0.0431860164615531
2010/11,Percentage of adults aged 16 to 59 (%),,Partner,,,,,,,Percentage (%),Units,Normal value,,0.3047823828494001
2010/11,Percentage of adults aged 16 to 59 (%),,,,,,,,,Percentage (%),Units,Normal value,,1.9124697866567124
2011/12,Percentage of adults aged 16 to 59 (%),Female,Family member,,,,,,,Percentage (%),Units,Normal value,,0.0194953676221905
2011/12,Percentage of adults aged 16 to 59 (%),Female,Partner,,,,,,,Percentage (%),Units,Normal value,,0.402680877040676
2011/12,Percentage of adults aged 16 to 59 (%),Female,,,,,,,,Percentage (%),Units,Normal value,,3.3450652048261045
2011/12,Percentage of adults aged 16 to 59 (%),Male,Family member,,,,,,,Percentage (%),Units,Normal value,,0.0
2011/12,Percentage of adults aged 16 to 59 (%),Male,Partner,,,,,,,Percentage (%),Units,Normal value,,0.0
2011/12,Percentage of adults aged 16 to 59 (%),Male,,,,,,,,Percentage (%),Units,Normal value,,0.8019246449108717
2011/12,Percentage of adults aged 16 to 59 (%),,Family member,,,,,,,Percentage (%),Units,Normal value,,0.0097204815405059
2011/12,Percentage of adults aged 16 to 59 (%),,Partner,,,,,,,Percentage (%),Units,Normal value,,0.2128713881147914
2011/12,Percentage of adults aged 16 to 59 (%),,,,,,,,,Percentage (%),Units,Normal value,,2.1201791277459545
2012/13,Percentage of adults aged 16 to 59 (%),Female,Family member,,,,,,,Percentage (%),Units,Normal value,,0.02765640168892
2012/13,Percentage of adults aged 16 to 59 (%),Female,Partner,,,,,,,Percentage (%),Units,Normal value,,0.2414814727478358
2012/13,Percentage of adults aged 16 to 59 (%),Female,,,,,,,,Percentage (%),Units,Normal value,,2.3453355670110603
2012/13,Percentage of adults aged 16 to 59 (%),Male,Family member,,,,,,,Percentage (%),Units,Normal value,,0.0126187555055138
2012/13,Percentage of adults aged 16 to 59 (%),Male,Partner,,,,,,,Percentage (%),Units,Normal value,,0.1219949989119881
2012/13,Percentage of adults aged 16 to 59 (%),Male,,,,,,,,Percentage (%),Units,Normal value,,0.7889063825956348
2012/13,Percentage of adults aged 16 to 59 (%),,Family member,,,,,,,Percentage (%),Units,Normal value,,0.0201651583446617
2012/13,Percentage of adults aged 16 to 59 (%),,Partner,,,,,,,Percentage (%),Units,Normal value,,0.1818524782663706
2012/13,Percentage of adults aged 16 to 59 (%),,,,,,,,,Percentage (%),Units,Normal value,,1.568753275268881
2013/14,Percentage of adults aged 16 to 59 (%),Female,Family member,,,,,,,Percentage (%),Units,Normal value,,0.0392408905892831
2013/14,Percentage of adults aged 16 to 59 (%),Female,Partner,,,,,,,Percentage (%),Units,Normal value,,0.2133264935196214
2013/14,Percentage of adults aged 16 to 59 (%),Female,,,,,,,,Percentage (%),Units,Normal value,,1.813297347583786
2013/14,Percentage of adults aged 16 to 59 (%),Male,Family member,,,,,,,Percentage (%),Units,Normal value,,0.0347529618357633
2013/14,Percentage of adults aged 16 to 59 (%),Male,Partner,,,,,,,Percentage (%),Units,Normal value,,0.0831878750101829
2013/14,Percentage of adults aged 16 to 59 (%),Male,,,,,,,,Percentage (%),Units,Normal value,,0.6741722037520375
2013/14,Percentage of adults aged 16 to 59 (%),,Family member,,,,,,,Percentage (%),Units,Normal value,,0.0370111138564946
2013/14,Percentage of adults aged 16 to 59 (%),,Partner,,,,,,,Percentage (%),Units,Normal value,,0.1486918763743441
2013/14,Percentage of adults aged 16 to 59 (%),,,,,,,,,Percentage (%),Units,Normal value,,1.2473063626980463
2014/15,Percentage of adults aged 16 to 59 (%),Female,Family member,,,,,,,Percentage (%),Units,Normal value,,0.0387835962382943
2014/15,Percentage of adults aged 16 to 59 (%),Female,Partner,,,,,,,Percentage (%),Units,Normal value,,0.3339368703317226
2014/15,Percentage of adults aged 16 to 59 (%),Female,,,,,,,,Percentage (%),Units,Normal value,,2.3701036303484897
2014/15,Percentage of adults aged 16 to 59 (%),Male,Family member,,,,,,,Percentage (%),Units,Normal value,,0.0
2014/15,Percentage of adults aged 16 to 59 (%),Male,Partner,,,,,,,Percentage (%),Units,Normal value,,0.0449068296943657
2014/15,Percentage of adults aged 16 to 59 (%),Male,,,,,,,,Percentage (%),Units,Normal value,,0.6232282040002418
2014/15,Percentage of adults aged 16 to 59 (%),,Family member,,,,,,,Percentage (%),Units,Normal value,,0.0195804532360345
2014/15,Percentage of adults aged 16 to 59 (%),,Partner,,,,,,,Percentage (%),Units,Normal value,,0.1907556345200028
2014/15,Percentage of adults aged 16 to 59 (%),,,,,,,,,Percentage (%),Units,Normal value,,1.5052141786840456
2015/16,Percentage of adults aged 16 to 59 (%),Female,Family member,,,,,,,Percentage (%),Units,Normal value,,0.0226693926614473
2015/16,Percentage of adults aged 16 to 59 (%),Female,Partner,,,,,,,Percentage (%),Units,Normal value,,0.3781658131002129
2015/16,Percentage of adults aged 16 to 59 (%),Female,,,,,,,,Percentage (%),Units,Normal value,,2.8245726902570256
2015/16,Percentage of adults aged 16 to 59 (%),Male,Family member,,,,,,,Percentage (%),Units,Normal value,,0.0
2015/16,Percentage of adults aged 16 to 59 (%),Male,Partner,,,,,,,Percentage (%),Units,Normal value,,0.0699209817509307
2015/16,Percentage of adults aged 16 to 59 (%),Male,,,,,,,,Percentage (%),Units,Normal value,,0.5897704524117864
2015/16,Percentage of adults aged 16 to 59 (%),,Family member,,,,,,,Percentage (%),Units,Normal value,,0.0114312439382766
2015/16,Percentage of adults aged 16 to 59 (%),,Partner,,,,,,,Percentage (%),Units,Normal value,,0.2250003700231362
2015/16,Percentage of adults aged 16 to 59 (%),,,,,,,,,Percentage (%),Units,Normal value,,1.715373385729858
2016/17,Percentage of adults aged 16 to 59 (%),Female,Family member,,,,,,,Percentage (%),Units,Normal value,,0.0239109566316042
2016/17,Percentage of adults aged 16 to 59 (%),Female,Partner,,,,,,,Percentage (%),Units,Normal value,,0.2566273183447821
2016/17,Percentage of adults aged 16 to 59 (%),Female,,,,,,,,Percentage (%),Units,Normal value,,2.673493973298345
2016/17,Percentage of adults aged 16 to 59 (%),Female,,16 to 19,,,,,,Percentage (%),Units,Normal value,,8.362879614480724
2016/17,Percentage of adults aged 16 to 59 (%),Female,,20 to 24,,,,,,Percentage (%),Units,Normal value,,6.186424784666137
2016/17,Percentage of adults aged 16 to 59 (%),Female,,25 to 34,,,,,,Percentage (%),Units,Normal value,,2.8751542899058182
2016/17,Percentage of adults aged 16 to 59 (%),Female,,35 to 44,,,,,,Percentage (%),Units,Normal value,,1.3631080251104648
2016/17,Percentage of adults aged 16 to 59 (%),Female,,45 to 54,,,,,,Percentage (%),Units,Normal value,,1.043001704921817
2016/17,Percentage of adults aged 16 to 59 (%),Female,,55 to 59,,,,,,Percentage (%),Units,Normal value,,0.9948036549832432
2016/17,Percentage of adults aged 16 to 59 (%),Female,,,White,,,,,Percentage (%),Units,Normal value,,2.655470620497132
2016/17,Percentage of adults aged 16 to 59 (%),Female,,,Mixed/Multiple ethnic groups,,,,,Percentage (%),Units,Normal value,,7.915370883820403
2016/17,Percentage of adults aged 16 to 59 (%),Female,,,Asian/Asian British,,,,,Percentage (%),Units,Normal value,,1.3837783121048963
2016/17,Percentage of adults aged 16 to 59 (%),Female,,,Black/African/Caribbean/Black British,,,,,Percentage (%),Units,Normal value,,3.484754505535031
2016/17,Percentage of adults aged 16 to 59 (%),Female,,,Other ethnic group,,,,,Percentage (%),Units,Normal value,,3.2670855856483256
2016/17,Percentage of adults aged 16 to 59 (%),Female,,,,"Less than £10,000",,,,Percentage (%),Units,Normal value,,2.002250128452912
2016/17,Percentage of adults aged 16 to 59 (%),Female,,,,"£10,000 to less than £20,000",,,,Percentage (%),Units,Normal value,,2.1283860416256024
2016/17,Percentage of adults aged 16 to 59 (%),Female,,,,"£20,000 to less than £30,000",,,,Percentage (%),Units,Normal value,,2.849108535864769
2016/17,Percentage of adults aged 16 to 59 (%),Female,,,,"£30,000 to less than £40,000",,,,Percentage (%),Units,Normal value,,2.047737029511293
2016/17,Percentage of adults aged 16 to 59 (%),Female,,,,"£40,000 to less than £50,000",,,,Percentage (%),Units,Normal value,,2.328704509447902
2016/17,Percentage of adults aged 16 to 59 (%),Female,,,,"£50,000 or more",,,,Percentage (%),Units,Normal value,,2.552372352921863
2016/17,Percentage of adults aged 16 to 59 (%),Female,,,,No income stated or not enough information provided,,,,Percentage (%),Units,Normal value,,4.039596935340057
2016/17,Percentage of adults aged 16 to 59 (%),Female,,,,,,,North East,Percentage (%),Units,Normal value,E12000001,4.383127158047293
2016/17,Percentage of adults aged 16 to 59 (%),Female,,,,,,,North West,Percentage (%),Units,Normal value,E12000002,1.947006276443231
2016/17,Percentage of adults aged 16 to 59 (%),Female,,,,,,,Yorkshire and The Humber,Percentage (%),Units,Normal value,E12000003,1.5510738254308756
2016/17,Percentage of adults aged 16 to 59 (%),Female,,,,,,,East Midlands,Percentage (%),Units,Normal value,E12000004,2.475070758258445
2016/17,Percentage of adults aged 16 to 59 (%),Female,,,,,,,West Midlands,Percentage (%),Units,Normal value,E12000005,2.450002398015956
2016/17,Percentage of adults aged 16 to 59 (%),Female,,,,,,,East,Percentage (%),Units,Normal value,E12000006,2.3749725896884706
2016/17,Percentage of adults aged 16 to 59 (%),Female,,,,,,,London,Percentage (%),Units,Normal value,E12000007,3.014889370753691
2016/17,Percentage of adults aged 16 to 59 (%),Female,,,,,,,South East,Percentage (%),Units,Normal value,E12000008,2.9129343499194413
2016/17,Percentage of adults aged 16 to 59 (%),Female,,,,,,,South West,Percentage (%),Units,Normal value,E12000009,3.315841589824461
2016/17,Percentage of adults aged 16 to 59 (%),Female,,,,,,,Wales,Percentage (%),Units,Normal value,W92000004,3.184628097454394
2016/17,Percentage of adults aged 16 to 59 (%),Male,Family member,,,,,,,Percentage (%),Units,Normal value,,0.0258999241082854
2016/17,Percentage of adults aged 16 to 59 (%),Male,Partner,,,,,,,Percentage (%),Units,Normal value,,0.0542261055438619
2016/17,Percentage of adults aged 16 to 59 (%),Male,,,,,,,,Percentage (%),Units,Normal value,,0.8018492776244551
2016/17,Percentage of adults aged 16 to 59 (%),Male,,16 to 19,,,,,,Percentage (%),Units,Normal value,,3.037513840087863
2016/17,Percentage of adults aged 16 to 59 (%),Male,,20 to 24,,,,,,Percentage (%),Units,Normal value,,1.6659956122708386
2016/17,Percentage of adults aged 16 to 59 (%),Male,,25 to 34,,,,,,Percentage (%),Units,Normal value,,1.0360621397775551
2016/17,Percentage of adults aged 16 to 59 (%),Male,,35 to 44,,,,,,Percentage (%),Units,Normal value,,0.3213437180002343
2016/17,Percentage of adults aged 16 to 59 (%),Male,,45 to 54,,,,,,Percentage (%),Units,Normal value,,0.1536907386804137
2016/17,Percentage of adults aged 16 to 59 (%),Male,,55 to 59,,,,,,Percentage (%),Units,Normal value,,0.0820519075357496
2016/17,Percentage of adults aged 16 to 59 (%),Male,,,White,,,,,Percentage (%),Units,Normal value,,0.8495725219497449
2016/17,Percentage of adults aged 16 to 59 (%),Male,,,Mixed/Multiple ethnic groups,,,,,Percentage (%),Units,Normal value,,1.403893577100262
2016/17,Percentage of adults aged 16 to 59 (%),Male,,,Asian/Asian British,,,,,Percentage (%),Units,Normal value,,0.4726501563065205
2016/17,Percentage of adults aged 16 to 59 (%),Male,,,Black/African/Caribbean/Black British,,,,,Percentage (%),Units,Normal value,,0.0
2016/17,Percentage of adults aged 16 to 59 (%),Male,,,Other ethnic group,,,,,Percentage (%),Units,Normal value,,1.3471774495790587
2016/17,Percentage of adults aged 16 to 59 (%),Male,,,,"Less than £10,000",,,,Percentage (%),Units,Normal value,,1.6612751463262432
2016/17,Percentage of adults aged 16 to 59 (%),Male,,,,"£10,000 to less than £20,000",,,,Percentage (%),Units,Normal value,,0.572082645154207
2016/17,Percentage of adults aged 16 to 59 (%),Male,,,,"£20,000 to less than £30,000",,,,Percentage (%),Units,Normal value,,0.9662799560028522
2016/17,Percentage of adults aged 16 to 59 (%),Male,,,,"£30,000 to less than £40,000",,,,Percentage (%),Units,Normal value,,1.017016950553519
2016/17,Percentage of adults aged 16 to 59 (%),Male,,,,"£40,000 to less than £50,000",,,,Percentage (%),Units,Normal value,,0.2491439393884193
2016/17,Percentage of adults aged 16 to 59 (%),Male,,,,"£50,000 or more",,,,Percentage (%),Units,Normal value,,0.6826890375209541
2016/17,Percentage of adults aged 16 to 59 (%),Male,,,,No income stated or not enough information provided,,,,Percentage (%),Units,Normal value,,1.0233424593656166
2016/17,Percentage of adults aged 16 to 59 (%),Male,,,,,,,North East,Percentage (%),Units,Normal value,E12000001,0.0
2016/17,Percentage of adults aged 16 to 59 (%),Male,,,,,,,North West,Percentage (%),Units,Normal value,E12000002,0.6142775646233953
2016/17,Percentage of adults aged 16 to 59 (%),Male,,,,,,,Yorkshire and The Humber,Percentage (%),Units,Normal value,E12000003,0.5549000672142662
2016/17,Percentage of adults aged 16 to 59 (%),Male,,,,,,,East Midlands,Percentage (%),Units,Normal value,E12000004,0.580044599429054
2016/17,Percentage of adults aged 16 to 59 (%),Male,,,,,,,West Midlands,Percentage (%),Units,Normal value,E12000005,1.3861192168051888
2016/17,Percentage of adults aged 16 to 59 (%),Male,,,,,,,East,Percentage (%),Units,Normal value,E12000006,0.9225236374749048
2016/17,Percentage of adults aged 16 to 59 (%),Male,,,,,,,London,Percentage (%),Units,Normal value,E12000007,1.0225564368922362
2016/17,Percentage of adults aged 16 to 59 (%),Male,,,,,,,South East,Percentage (%),Units,Normal value,E12000008,0.6252288813412801
2016/17,Percentage of adults aged 16 to 59 (%),Male,,,,,,,South West,Percentage (%),Units,Normal value,E12000009,1.1725549760417393
2016/17,Percentage of adults aged 16 to 59 (%),Male,,,,,,,Wales,Percentage (%),Units,Normal value,W92000004,0.4215998530778582
2016/17,Percentage of adults aged 16 to 59 (%),,Family member,,,,,,,Percentage (%),Units,Normal value,,0.0249035369795763
2016/17,Percentage of adults aged 16 to 59 (%),,Partner,,,,,,,Percentage (%),Units,Normal value,,0.1552139436659
2016/17,Percentage of adults aged 16 to 59 (%),,,,,,,,,Percentage (%),Units,Normal value,,1.738902155951773
2017/18,Percentage of adults aged 16 to 59 (%),Female,Family member,,,,,,,Percentage (%),Units,Normal value,,0.0607097539504903
2017/18,Percentage of adults aged 16 to 59 (%),Female,Partner,,,,,,,Percentage (%),Units,Normal value,,0.2594601655545305
2017/18,Percentage of adults aged 16 to 59 (%),Female,,,,,,,,Percentage (%),Units,Normal value,,3.836737919901081
2017/18,Percentage of adults aged 16 to 59 (%),Female,,16 to 19,,,,,,Percentage (%),Units,Normal value,,15.765318728511325
2017/18,Percentage of adults aged 16 to 59 (%),Female,,20 to 24,,,,,,Percentage (%),Units,Normal value,,10.072858843128325
2017/18,Percentage of adults aged 16 to 59 (%),Female,,25 to 34,,,,,,Percentage (%),Units,Normal value,,2.7960895766197185
2017/18,Percentage of adults aged 16 to 59 (%),Female,,35 to 44,,,,,,Percentage (%),Units,Normal value,,1.5846374307146591
2017/18,Percentage of adults aged 16 to 59 (%),Female,,45 to 54,,,,,,Percentage (%),Units,Normal value,,1.6991519254694507
2017/18,Percentage of adults aged 16 to 59 (%),Female,,55 to 59,,,,,,Percentage (%),Units,Normal value,,1.987944337089789
2017/18,Percentage of adults aged 16 to 59 (%),Female,,,White,,,,,Percentage (%),Units,Normal value,,3.565087259598908
2017/18,Percentage of adults aged 16 to 59 (%),Female,,,Mixed/Multiple ethnic groups,,,,,Percentage (%),Units,Normal value,,6.665798848837354
2017/18,Percentage of adults aged 16 to 59 (%),Female,,,Asian/Asian British,,,,,Percentage (%),Units,Normal value,,3.532645481943971
2017/18,Percentage of adults aged 16 to 59 (%),Female,,,Black/African/Caribbean/Black British,,,,,Percentage (%),Units,Normal value,,8.970713774337106
2017/18,Percentage of adults aged 16 to 59 (%),Female,,,Other ethnic group,,,,,Percentage (%),Units,Normal value,,0.9325843673448012
2017/18,Percentage of adults aged 16 to 59 (%),Female,,,,"Less than £10,000",,,,Percentage (%),Units,Normal value,,5.973540176237726
2017/18,Percentage of adults aged 16 to 59 (%),Female,,,,"£10,000 to less than £20,000",,,,Percentage (%),Units,Normal value,,4.773448300826203
2017/18,Percentage of adults aged 16 to 59 (%),Female,,,,"£20,000 to less than £30,000",,,,Percentage (%),Units,Normal value,,3.823857021483824
2017/18,Percentage of adults aged 16 to 59 (%),Female,,,,"£30,000 to less than £40,000",,,,Percentage (%),Units,Normal value,,3.725808485298448
2017/18,Percentage of adults aged 16 to 59 (%),Female,,,,"£40,000 to less than £50,000",,,,Percentage (%),Units,Normal value,,2.9249085359227265
2017/18,Percentage of adults aged 16 to 59 (%),Female,,,,"£50,000 or more",,,,Percentage (%),Units,Normal value,,3.3272893495778315
2017/18,Percentage of adults aged 16 to 59 (%),Female,,,,No income stated or not enough information provided,,,,Percentage (%),Units,Normal value,,3.904182535836093
2017/18,Percentage of adults aged 16 to 59 (%),Female,,,,,Disabled (GSS harmonised),,,Percentage (%),Units,Normal value,,6.267541156337666
2017/18,Percentage of adults aged 16 to 59 (%),Female,,,,,Non-disabled (GSS harmonised),,,Percentage (%),Units,Normal value,,3.467378277794434
2017/18,Percentage of adults aged 16 to 59 (%),Female,,,,,,Born in UK,,Percentage (%),Units,Normal value,,3.969369004433475
2017/18,Percentage of adults aged 16 to 59 (%),Female,,,,,,Not born in UK,,Percentage (%),Units,Normal value,,3.240731663692055
2017/18,Percentage of adults aged 16 to 59 (%),Female,,,,,,,North East,Percentage (%),Units,Normal value,E12000001,0.99067221055655
2017/18,Percentage of adults aged 16 to 59 (%),Female,,,,,,,North West,Percentage (%),Units,Normal value,E12000002,4.018330709062895
2017/18,Percentage of adults aged 16 to 59 (%),Female,,,,,,,Yorkshire and The Humber,Percentage (%),Units,Normal value,E12000003,4.935791606702722
2017/18,Percentage of adults aged 16 to 59 (%),Female,,,,,,,East Midlands,Percentage (%),Units,Normal value,E12000004,3.393760710054132
2017/18,Percentage of adults aged 16 to 59 (%),Female,,,,,,,West Midlands,Percentage (%),Units,Normal value,E12000005,4.124530690186661
2017/18,Percentage of adults aged 16 to 59 (%),Female,,,,,,,East,Percentage (%),Units,Normal value,E12000006,2.8971117469360834
2017/18,Percentage of adults aged 16 to 59 (%),Female,,,,,,,London,Percentage (%),Units,Normal value,E12000007,4.919636579410367
2017/18,Percentage of adults aged 16 to 59 (%),Female,,,,,,,South East,Percentage (%),Units,Normal value,E12000008,3.450859308550772
2017/18,Percentage of adults aged 16 to 59 (%),Female,,,,,,,South West,Percentage (%),Units,Normal value,E12000009,3.559847632515889
2017/18,Percentage of adults aged 16 to 59 (%),Female,,,,,,,Wales,Percentage (%),Units,Normal value,W92000004,4.260756281026612
2017/18,Percentage of adults aged 16 to 59 (%),Male,Family member,,,,,,,Percentage (%),Units,Normal value,,0.0371602753468076
2017/18,Percentage of adults aged 16 to 59 (%),Male,Partner,,,,,,,Percentage (%),Units,Normal value,,0.0653234848835438
2017/18,Percentage of adults aged 16 to 59 (%),Male,,,,,,,,Percentage (%),Units,Normal value,,1.1853964199235367
2017/18,Percentage of adults aged 16 to 59 (%),Male,,16 to 19,,,,,,Percentage (%),Units,Normal value,,2.245941937517596
2017/18,Percentage of adults aged 16 to 59 (%),Male,,20 to 24,,,,,,Percentage (%),Units,Normal value,,3.588374999088877
2017/18,Percentage of adults aged 16 to 59 (%),Male,,25 to 34,,,,,,Percentage (%),Units,Normal value,,1.986826528654553
2017/18,Percentage of adults aged 16 to 59 (%),Male,,35 to 44,,,,,,Percentage (%),Units,Normal value,,0.2218326510536739
2017/18,Percentage of adults aged 16 to 59 (%),Male,,45 to 54,,,,,,Percentage (%),Units,Normal value,,0.189660160908116
2017/18,Percentage of adults aged 16 to 59 (%),Male,,55 to 59,,,,,,Percentage (%),Units,Normal value,,0.1013158170715044
2017/18,Percentage of adults aged 16 to 59 (%),Male,,,White,,,,,Percentage (%),Units,Normal value,,1.289414352630696
2017/18,Percentage of adults aged 16 to 59 (%),Male,,,Mixed/Multiple ethnic groups,,,,,Percentage (%),Units,Normal value,,0.0
2017/18,Percentage of adults aged 16 to 59 (%),Male,,,Asian/Asian British,,,,,Percentage (%),Units,Normal value,,0.4647311974489664
2017/18,Percentage of adults aged 16 to 59 (%),Male,,,Black/African/Caribbean/Black British,,,,,Percentage (%),Units,Normal value,,1.402220856766694
2017/18,Percentage of adults aged 16 to 59 (%),Male,,,Other ethnic group,,,,,Percentage (%),Units,Normal value,,0.8833502318269788
2017/18,Percentage of adults aged 16 to 59 (%),Male,,,,"Less than £10,000",,,,Percentage (%),Units,Normal value,,0.0
2017/18,Percentage of adults aged 16 to 59 (%),Male,,,,"£10,000 to less than £20,000",,,,Percentage (%),Units,Normal value,,1.9903123295220688
2017/18,Percentage of adults aged 16 to 59 (%),Male,,,,"£20,000 to less than £30,000",,,,Percentage (%),Units,Normal value,,0.3870666090589527
2017/18,Percentage of adults aged 16 to 59 (%),Male,,,,"£30,000 to less than £40,000",,,,Percentage (%),Units,Normal value,,0.5730264623266098
2017/18,Percentage of adults aged 16 to 59 (%),Male,,,,"£40,000 to less than £50,000",,,,Percentage (%),Units,Normal value,,0.5604972425915797
2017/18,Percentage of adults aged 16 to 59 (%),Male,,,,"£50,000 or more",,,,Percentage (%),Units,Normal value,,1.7317691870589094
2017/18,Percentage of adults aged 16 to 59 (%),Male,,,,No income stated or not enough information provided,,,,Percentage (%),Units,Normal value,,1.2864787567477296
2017/18,Percentage of adults aged 16 to 59 (%),Male,,,,,Disabled (GSS harmonised),,,Percentage (%),Units,Normal value,,1.089840298977148
2017/18,Percentage of adults aged 16 to 59 (%),Male,,,,,Non-disabled (GSS harmonised),,,Percentage (%),Units,Normal value,,1.2011912433041296
2017/18,Percentage of adults aged 16 to 59 (%),Male,,,,,,Born in UK,,Percentage (%),Units,Normal value,,1.3108296628390406
2017/18,Percentage of adults aged 16 to 59 (%),Male,,,,,,Not born in UK,,Percentage (%),Units,Normal value,,0.6371066383434951
2017/18,Percentage of adults aged 16 to 59 (%),Male,,,,,,,North East,Percentage (%),Units,Normal value,E12000001,0.5763529118716881
2017/18,Percentage of adults aged 16 to 59 (%),Male,,,,,,,North West,Percentage (%),Units,Normal value,E12000002,1.1721942154285867
2017/18,Percentage of adults aged 16 to 59 (%),Male,,,,,,,Yorkshire and The Humber,Percentage (%),Units,Normal value,E12000003,2.5715191327094256
2017/18,Percentage of adults aged 16 to 59 (%),Male,,,,,,,East Midlands,Percentage (%),Units,Normal value,E12000004,0.855989640746082
2017/18,Percentage of adults aged 16 to 59 (%),Male,,,,,,,West Midlands,Percentage (%),Units,Normal value,E12000005,0.2014338511993885
2017/18,Percentage of adults aged 16 to 59 (%),Male,,,,,,,East,Percentage (%),Units,Normal value,E12000006,0.579073765267182
2017/18,Percentage of adults aged 16 to 59 (%),Male,,,,,,,London,Percentage (%),Units,Normal value,E12000007,2.4212882727854104
2017/18,Percentage of adults aged 16 to 59 (%),Male,,,,,,,South East,Percentage (%),Units,Normal value,E12000008,1.260060847993261
2017/18,Percentage of adults aged 16 to 59 (%),Male,,,,,,,South West,Percentage (%),Units,Normal value,E12000009,0.4484059689336102
2017/18,Percentage of adults aged 16 to 59 (%),Male,,,,,,,Wales,Percentage (%),Units,Normal value,W92000004,0.2006844910008633
2017/18,Percentage of adults aged 16 to 59 (%),,Family member,,,,,,,Percentage (%),Units,Normal value,,0.048902252963714
2017/18,Percentage of adults aged 16 to 59 (%),,Partner,,,,,,,Percentage (%),Units,Normal value,,0.1617315067512608
2017/18,Percentage of adults aged 16 to 59 (%),,,,,,,,,Percentage (%),Units,Normal value,,2.50643217921014
2017/18,Percentage of adults aged 16 to 59 (%),,,16 to 19,,,,,,Percentage (%),Units,Normal value,,8.395573722751966
2017/18,Percentage of adults aged 16 to 59 (%),,,20 to 24,,,,,,Percentage (%),Units,Normal value,,6.644872299696767
2017/18,Percentage of adults aged 16 to 59 (%),,,25 to 34,,,,,,Percentage (%),Units,Normal value,,2.389028051494748
2017/18,Percentage of adults aged 16 to 59 (%),,,35 to 44,,,,,,Percentage (%),Units,Normal value,,0.9092206483110518
2017/18,Percentage of adults aged 16 to 59 (%),,,45 to 54,,,,,,Percentage (%),Units,Normal value,,0.9590817550017636
2017/18,Percentage of adults aged 16 to 59 (%),,,55 to 59,,,,,,Percentage (%),Units,Normal value,,1.0847883886022458
2017/18,Percentage of adults aged 16 to 59 (%),,,,White,,,,,Percentage (%),Units,Normal value,,2.429100949949901
2017/18,Percentage of adults aged 16 to 59 (%),,,,Mixed/Multiple ethnic groups,,,,,Percentage (%),Units,Normal value,,3.644424576602992
2017/18,Percentage of adults aged 16 to 59 (%),,,,Asian/Asian British,,,,,Percentage (%),Units,Normal value,,1.810148016076394
2017/18,Percentage of adults aged 16 to 59 (%),,,,Black/African/Caribbean/Black British,,,,,Percentage (%),Units,Normal value,,5.730656219319114
2017/18,Percentage of adults aged 16 to 59 (%),,,,Other ethnic group,,,,,Percentage (%),Units,Normal value,,0.9075714018027335
2017/18,Percentage of adults aged 16 to 59 (%),,,,,"Less than £10,000",,,,Percentage (%),Units,Normal value,,3.715809877697047
2017/18,Percentage of adults aged 16 to 59 (%),,,,,"£10,000 to less than £20,000",,,,Percentage (%),Units,Normal value,,3.5543259843462214
2017/18,Percentage of adults aged 16 to 59 (%),,,,,"£20,000 to less than £30,000",,,,Percentage (%),Units,Normal value,,2.199548975218224
2017/18,Percentage of adults aged 16 to 59 (%),,,,,"£30,000 to less than £40,000",,,,Percentage (%),Units,Normal value,,2.038443595304624
2017/18,Percentage of adults aged 16 to 59 (%),,,,,"£40,000 to less than £50,000",,,,Percentage (%),Units,Normal value,,1.7071665757728016
2017/18,Percentage of adults aged 16 to 59 (%),,,,,"£50,000 or more",,,,Percentage (%),Units,Normal value,,2.4815634682510668
2017/18,Percentage of adults aged 16 to 59 (%),,,,,No income stated or not enough information provided,,,,Percentage (%),Units,Normal value,,2.547617794952969
2017/18,Percentage of adults aged 16 to 59 (%),,,,,,Disabled (GSS harmonised),,,Percentage (%),Units,Normal value,,4.0760504975494944
2017/18,Percentage of adults aged 16 to 59 (%),,,,,,Non-disabled (GSS harmonised),,,Percentage (%),Units,Normal value,,2.3088777559541
2017/18,Percentage of adults aged 16 to 59 (%),,,,,,,Born in UK,,Percentage (%),Units,Normal value,,2.640044899133622
2017/18,Percentage of adults aged 16 to 59 (%),,,,,,,Not born in UK,,Percentage (%),Units,Normal value,,1.9147866107280924
2017/18,Percentage of adults aged 16 to 59 (%),,,,,,,,North East,Percentage (%),Units,Normal value,E12000001,0.7908125689814519
2017/18,Percentage of adults aged 16 to 59 (%),,,,,,,,North West,Percentage (%),Units,Normal value,E12000002,2.540340629409492
2017/18,Percentage of adults aged 16 to 59 (%),,,,,,,,Yorkshire and The Humber,Percentage (%),Units,Normal value,E12000003,3.806630742264389
2017/18,Percentage of adults aged 16 to 59 (%),,,,,,,,East Midlands,Percentage (%),Units,Normal value,E12000004,2.1914586864710057
2017/18,Percentage of adults aged 16 to 59 (%),,,,,,,,West Midlands,Percentage (%),Units,Normal value,E12000005,2.19209744196077
2017/18,Percentage of adults aged 16 to 59 (%),,,,,,,,East,Percentage (%),Units,Normal value,E12000006,1.763695596630727
2017/18,Percentage of adults aged 16 to 59 (%),,,,,,,,London,Percentage (%),Units,Normal value,E12000007,3.658563128893083
2017/18,Percentage of adults aged 16 to 59 (%),,,,,,,,South East,Percentage (%),Units,Normal value,E12000008,2.3151758131853195
2017/18,Percentage of adults aged 16 to 59 (%),,,,,,,,South West,Percentage (%),Units,Normal value,E12000009,1.942680327497128
2017/18,Percentage of adults aged 16 to 59 (%),,,,,,,,Wales,Percentage (%),Units,Normal value,W92000004,2.17294215181452
2017/18,Percentage of adults aged 16 to 74 (%),Female,Family member,,,,,,,Percentage (%),Units,Normal value,,0.0547905906058836
2017/18,Percentage of adults aged 16 to 74 (%),Female,Partner,,,,,,,Percentage (%),Units,Normal value,,0.2070023011334816
2017/18,Percentage of adults aged 16 to 74 (%),Female,,,,,,,,Percentage (%),Units,Normal value,,3.1637167244750337
2017/18,Percentage of adults aged 16 to 74 (%),Male,Family member,,,,,,,Percentage (%),Units,Normal value,,0.0298631143754092
2017/18,Percentage of adults aged 16 to 74 (%),Male,Partner,,,,,,,Percentage (%),Units,Normal value,,0.052542824728606
2017/18,Percentage of adults aged 16 to 74 (%),Male,,,,,,,,Percentage (%),Units,Normal value,,0.9878906947931692
2017/18,Percentage of adults aged 16 to 74 (%),,Family member,,,,,,,Percentage (%),Units,Normal value,,0.0423357120034591
2017/18,Percentage of adults aged 16 to 74 (%),,Partner,,,,,,,Percentage (%),Units,Normal value,,0.1295619103372122
2017/18,Percentage of adults aged 16 to 74 (%),,,,,,,,,Percentage (%),Units,Normal value,,2.0759912032468533
2018/19,Percentage of adults aged 16 to 59 (%),Female,Family member,,,,,,,Percentage (%),Units,Normal value,,0.0766164504996788
2018/19,Percentage of adults aged 16 to 59 (%),Female,Partner,,,,,,,Percentage (%),Units,Normal value,,0.518446833404983
2018/19,Percentage of adults aged 16 to 59 (%),Female,,,,,,,,Percentage (%),Units,Normal value,,3.7979494275361247
2018/19,Percentage of adults aged 16 to 59 (%),Male,Family member,,,,,,,Percentage (%),Units,Normal value,,0.0
2018/19,Percentage of adults aged 16 to 59 (%),Male,Partner,,,,,,,Percentage (%),Units,Normal value,,0.0227257926699007
2018/19,Percentage of adults aged 16 to 59 (%),Male,,,,,,,,Percentage (%),Units,Normal value,,1.1064151964944418
2018/19,Percentage of adults aged 16 to 59 (%),,Family member,,,,,,,Percentage (%),Units,Normal value,,0.0389841249746913
2018/19,Percentage of adults aged 16 to 59 (%),,Partner,,,,,,,Percentage (%),Units,Normal value,,0.2744517144963624
2018/19,Percentage of adults aged 16 to 59 (%),,,,,,,,,Percentage (%),Units,Normal value,,2.4742472714024086
2018/19,Percentage of adults aged 16 to 74 (%),Female,Family member,,,,,,,Percentage (%),Units,Normal value,,0.0793901846541556
2018/19,Percentage of adults aged 16 to 74 (%),Female,Partner,,,,,,,Percentage (%),Units,Normal value,,0.4117322296420006
2018/19,Percentage of adults aged 16 to 74 (%),Female,,,,,,,,Percentage (%),Units,Normal value,,3.149542309709856
2018/19,Percentage of adults aged 16 to 74 (%),Male,Family member,,,,,,,Percentage (%),Units,Normal value,,0.0
2018/19,Percentage of adults aged 16 to 74 (%),Male,Partner,,,,,,,Percentage (%),Units,Normal value,,0.0180596069483004
2018/19,Percentage of adults aged 16 to 74 (%),Male,,,,,,,,Percentage (%),Units,Normal value,,0.9032232358131784
2018/19,Percentage of adults aged 16 to 74 (%),,Family member,,,,,,,Percentage (%),Units,Normal value,,0.040385813671562
2018/19,Percentage of adults aged 16 to 74 (%),,Partner,,,,,,,Percentage (%),Units,Normal value,,0.2180287169875719
2018/19,Percentage of adults aged 16 to 74 (%),,,,,,,,,Percentage (%),Units,Normal value,,2.045404403800798
2019/20,Percentage of adults aged 16 to 59 (%),Female,Family member,,,,,,,Percentage (%),Units,Normal value,,0.0627807612287524
2019/20,Percentage of adults aged 16 to 59 (%),Female,Partner,,,,,,,Percentage (%),Units,Normal value,,0.4186005891812054
2019/20,Percentage of adults aged 16 to 59 (%),Female,,,,,,,,Percentage (%),Units,Normal value,,3.0503256964849847
2019/20,Percentage of adults aged 16 to 59 (%),Male,Family member,,,,,,,Percentage (%),Units,Normal value,,0.0212325042894599
2019/20,Percentage of adults aged 16 to 59 (%),Male,Partner,,,,,,,Percentage (%),Units,Normal value,,0.0768858595960279
2019/20,Percentage of adults aged 16 to 59 (%),Male,,,,,,,,Percentage (%),Units,Normal value,,0.822212196229098
2019/20,Percentage of adults aged 16 to 59 (%),,Family member,,,,,,,Percentage (%),Units,Normal value,,0.042103585030786
2019/20,Percentage of adults aged 16 to 59 (%),,Partner,,,,,,,Percentage (%),Units,Normal value,,0.2484290701551153
2019/20,Percentage of adults aged 16 to 59 (%),,,,,,,,,Percentage (%),Units,Normal value,,1.940524433946042
2019/20,Percentage of adults aged 16 to 74 (%),Female,Family member,,,,,,,Percentage (%),Units,Normal value,,0.0592144428468447
2019/20,Percentage of adults aged 16 to 74 (%),Female,Partner,,,,,,,Percentage (%),Units,Normal value,,0.3316609734036738
2019/20,Percentage of adults aged 16 to 74 (%),Female,,,,,,,,Percentage (%),Units,Normal value,,2.4972390423687
2019/20,Percentage of adults aged 16 to 74 (%),Male,Family member,,,,,,,Percentage (%),Units,Normal value,,0.0170124703845429
2019/20,Percentage of adults aged 16 to 74 (%),Male,Partner,,,,,,,Percentage (%),Units,Normal value,,0.0658294486055552
2019/20,Percentage of adults aged 16 to 74 (%),Male,,,,,,,,Percentage (%),Units,Normal value,,0.6908211135906341
2019/20,Percentage of adults aged 16 to 74 (%),,Family member,,,,,,,Percentage (%),Units,Normal value,,0.0383301095037491
2019/20,Percentage of adults aged 16 to 74 (%),,Partner,,,,,,,Percentage (%),Units,Normal value,,0.2000237143724308
2019/20,Percentage of adults aged 16 to 74 (%),,,,,,,,,Percentage (%),Units,Normal value,,1.6029147351808788
2020/21,Percentage of adults aged 16 and over (%),Female,Family member,,,,,,,Percentage (%),Units,Missing value,,
2020/21,Percentage of adults aged 16 and over (%),Female,Partner,,,,,,,Percentage (%),Units,Missing value,,
2020/21,Percentage of adults aged 16 and over (%),Female,,,,,,,,Percentage (%),Units,Missing value,,
2020/21,Percentage of adults aged 16 and over (%),Male,Family member,,,,,,,Percentage (%),Units,Missing value,,
2020/21,Percentage of adults aged 16 and over (%),Male,Partner,,,,,,,Percentage (%),Units,Missing value,,
2020/21,Percentage of adults aged 16 and over (%),Male,,,,,,,,Percentage (%),Units,Missing value,,
2020/21,Percentage of adults aged 16 and over (%),,Family member,,,,,,,Percentage (%),Units,Missing value,,
2020/21,Percentage of adults aged 16 and over (%),,Partner,,,,,,,Percentage (%),Units,Missing value,,
2020/21,Percentage of adults aged 16 and over (%),,,,,,,,,Percentage (%),Units,Missing value,,
2020/21,Percentage of adults aged 16 to 59 (%),Female,Family member,,,,,,,Percentage (%),Units,Missing value,,
2020/21,Percentage of adults aged 16 to 59 (%),Female,Partner,,,,,,,Percentage (%),Units,Missing value,,
2020/21,Percentage of adults aged 16 to 59 (%),Female,,,,,,,,Percentage (%),Units,Missing value,,
2020/21,Percentage of adults aged 16 to 59 (%),Male,Family member,,,,,,,Percentage (%),Units,Missing value,,
2020/21,Percentage of adults aged 16 to 59 (%),Male,Partner,,,,,,,Percentage (%),Units,Missing value,,
2020/21,Percentage of adults aged 16 to 59 (%),Male,,,,,,,,Percentage (%),Units,Missing value,,
2020/21,Percentage of adults aged 16 to 59 (%),,Family member,,,,,,,Percentage (%),Units,Missing value,,
2020/21,Percentage of adults aged 16 to 59 (%),,Partner,,,,,,,Percentage (%),Units,Missing value,,
2020/21,Percentage of adults aged 16 to 59 (%),,,,,,,,,Percentage (%),Units,Missing value,,
2021/22,Percentage of adults aged 16 and over (%),Female,Family member,,,,,,,Percentage (%),Units,Missing value; suppressed,,
2021/22,Percentage of adults aged 16 and over (%),Female,Partner,,,,,,,Percentage (%),Units,Normal value,,0.6113323590432
2021/22,Percentage of adults aged 16 and over (%),Female,,,,,,,,Percentage (%),Units,Normal value,,2.671514379779
2021/22,Percentage of adults aged 16 and over (%),Male,Family member,,,,,,,Percentage (%),Units,Missing value; suppressed,,
2021/22,Percentage of adults aged 16 and over (%),Male,Partner,,,,,,,Percentage (%),Units,Missing value; suppressed,,
2021/22,Percentage of adults aged 16 and over (%),Male,,,,,,,,Percentage (%),Units,Normal value,,1.17414691272655
2021/22,Percentage of adults aged 16 and over (%),,Family member,,,,,,,Percentage (%),Units,Missing value; suppressed,,
2021/22,Percentage of adults aged 16 and over (%),,Partner,,,,,,,Percentage (%),Units,Normal value,,0.361928303854625
2021/22,Percentage of adults aged 16 and over (%),,,,,,,,,Percentage (%),Units,Normal value,,1.94232326137795
2021/22,Percentage of adults aged 16 to 59 (%),Female,Family member,,,,,,,Percentage (%),Units,Missing value; suppressed,,
2021/22,Percentage of adults aged 16 to 59 (%),Female,Partner,,,,,,,Percentage (%),Units,Normal value,,0.7439571480412726
2021/22,Percentage of adults aged 16 to 59 (%),Female,,,,,,,,Percentage (%),Units,Normal value,,3.2598062591952885
2021/22,Percentage of adults aged 16 to 59 (%),Male,Family member,,,,,,,Percentage (%),Units,Missing value; suppressed,,
2021/22,Percentage of adults aged 16 to 59 (%),Male,Partner,,,,,,,Percentage (%),Units,Missing value; suppressed,,
2021/22,Percentage of adults aged 16 to 59 (%),Male,,,,,,,,Percentage (%),Units,Normal value,,1.3957351392714754
2021/22,Percentage of adults aged 16 to 59 (%),,Family member,,,,,,,Percentage (%),Units,Missing value; suppressed,,
2021/22,Percentage of adults aged 16 to 59 (%),,Partner,,,,,,,Percentage (%),Units,Normal value,,0.4414543135151849
2021/22,Percentage of adults aged 16 to 59 (%),,,,,,,,,Percentage (%),Units,Normal value,,2.336485869927306
2022/23,Percentage of adults aged 16 and over (%),Female,Family member,,,,,,,Percentage (%),Units,Normal value,,0.0383917030636713
2022/23,Percentage of adults aged 16 and over (%),Female,Partner,,,,,,,Percentage (%),Units,Normal value,,0.314798258821452
2022/23,Percentage of adults aged 16 and over (%),Female,,,,,,,,Percentage (%),Units,Normal value,,2.88546820955899
2022/23,Percentage of adults aged 16 and over (%),Male,Family member,,,,,,,Percentage (%),Units,Missing value; suppressed,,
2022/23,Percentage of adults aged 16 and over (%),Male,Partner,,,,,,,Percentage (%),Units,Normal value,,0.0565007107417723
2022/23,Percentage of adults aged 16 and over (%),Male,,,,,,,,Percentage (%),Units,Normal value,,0.8499452807519
2022/23,Percentage of adults aged 16 and over (%),,Family member,,,,,,,Percentage (%),Units,Normal value,,0.0195124548912405
2022/23,Percentage of adults aged 16 and over (%),,Partner,,,,,,,Percentage (%),Units,Normal value,,0.187299534805715
2022/23,Percentage of adults aged 16 and over (%),,,,,,,,,Percentage (%),Units,Normal value,,1.88384189267844
2022/23,Percentage of adults aged 16 to 59 (%),Female,Family member,,,,,,,Percentage (%),Units,Normal value,,0.0536990953299098
2022/23,Percentage of adults aged 16 to 59 (%),Female,Partner,,,,,,,Percentage (%),Units,Normal value,,0.435524215105456
2022/23,Percentage of adults aged 16 to 59 (%),Female,,,,,,,,Percentage (%),Units,Normal value,,3.83650824336755
2022/23,Percentage of adults aged 16 to 59 (%),Male,Family member,,,,,,,Percentage (%),Units,Missing value; suppressed,,
2022/23,Percentage of adults aged 16 to 59 (%),Male,Partner,,,,,,,Percentage (%),Units,Normal value,,0.0781576902352669
2022/23,Percentage of adults aged 16 to 59 (%),Male,,,,,,,,Percentage (%),Units,Normal value,,1.14757958692102
2022/23,Percentage of adults aged 16 to 59 (%),,Family member,,,,,,,Percentage (%),Units,Normal value,,0.0271595359759955
2022/23,Percentage of adults aged 16 to 59 (%),,Partner,,,,,,,Percentage (%),Units,Normal value,,0.257998112317465
2022/23,Percentage of adults aged 16 to 59 (%),,,,,,,,,Percentage (%),Units,Normal value,,2.50512338063819
