Year,Series,Sex,Relationship to perpetrator,Age,Ethnicity,Income,Disability status,Country of birth,Region,Units,Unit multiplier,GeoCode,Value
2004/05,Percentage of adults aged 16 to 59 (%),,,,,,,,,Percentage (%),Units,,2.3037422586292795
2005/06,Percentage of adults aged 16 to 59 (%),,,,,,,,,Percentage (%),Units,,2.518203361812256
2006/07,Percentage of adults aged 16 to 59 (%),,,,,,,,,Percentage (%),Units,,2.615723951008618
2007/08,Percentage of adults aged 16 to 59 (%),,,,,,,,,Percentage (%),Units,,2.220040955473805
2008/09,Percentage of adults aged 16 to 59 (%),,,,,,,,,Percentage (%),Units,,1.887869890969026
2009/10,Percentage of adults aged 16 to 59 (%),,,,,,,,,Percentage (%),Units,,1.8663253703843976
2010/11,Percentage of adults aged 16 to 59 (%),,,,,,,,,Percentage (%),Units,,1.9124697866567124
2011/12,Percentage of adults aged 16 to 59 (%),,,,,,,,,Percentage (%),Units,,2.1201791277459545
2012/13,Percentage of adults aged 16 to 59 (%),,,,,,,,,Percentage (%),Units,,1.568753275268881
2013/14,Percentage of adults aged 16 to 59 (%),,,,,,,,,Percentage (%),Units,,1.2473063626980463
2014/15,Percentage of adults aged 16 to 59 (%),,,,,,,,,Percentage (%),Units,,1.5052141786840456
2015/16,Percentage of adults aged 16 to 59 (%),,,,,,,,,Percentage (%),Units,,1.715373385729858
2016/17,Percentage of adults aged 16 to 59 (%),,,,,,,,,Percentage (%),Units,,1.738902155951773
2017/18,Percentage of adults aged 16 to 59 (%),,,,,,,,,Percentage (%),Units,,2.50643217921014
2018/19,Percentage of adults aged 16 to 59 (%),,,,,,,,,Percentage (%),Units,,2.4742472714024086
2019/20,Percentage of adults aged 16 to 59 (%),,,,,,,,,Percentage (%),Units,,1.940524433946042
2004/05,Percentage of adults aged 16 to 59 (%),Men,,,,,,,,Percentage (%),Units,,1.164250799331341
2005/06,Percentage of adults aged 16 to 59 (%),Men,,,,,,,,Percentage (%),Units,,1.0515830206046854
2006/07,Percentage of adults aged 16 to 59 (%),Men,,,,,,,,Percentage (%),Units,,1.2179705540777277
2007/08,Percentage of adults aged 16 to 59 (%),Men,,,,,,,,Percentage (%),Units,,0.7407243398470063
2008/09,Percentage of adults aged 16 to 59 (%),Men,,,,,,,,Percentage (%),Units,,0.6913240502662868
2009/10,Percentage of adults aged 16 to 59 (%),Men,,,,,,,,Percentage (%),Units,,1.02214864516915
2010/11,Percentage of adults aged 16 to 59 (%),Men,,,,,,,,Percentage (%),Units,,0.8525419993938651
2011/12,Percentage of adults aged 16 to 59 (%),Men,,,,,,,,Percentage (%),Units,,0.8019246449108717
2012/13,Percentage of adults aged 16 to 59 (%),Men,,,,,,,,Percentage (%),Units,,0.7889063825956348
2013/14,Percentage of adults aged 16 to 59 (%),Men,,,,,,,,Percentage (%),Units,,0.6741722037520375
2014/15,Percentage of adults aged 16 to 59 (%),Men,,,,,,,,Percentage (%),Units,,0.6232282040002418
2015/16,Percentage of adults aged 16 to 59 (%),Men,,,,,,,,Percentage (%),Units,,0.5897704524117864
2016/17,Percentage of adults aged 16 to 59 (%),Men,,,,,,,,Percentage (%),Units,,0.8018492776244551
2017/18,Percentage of adults aged 16 to 59 (%),Men,,,,,,,,Percentage (%),Units,,1.1853964199235367
2018/19,Percentage of adults aged 16 to 59 (%),Men,,,,,,,,Percentage (%),Units,,1.1064151964944418
2019/20,Percentage of adults aged 16 to 59 (%),Men,,,,,,,,Percentage (%),Units,,0.822212196229098
2004/05,Percentage of adults aged 16 to 59 (%),Women,,,,,,,,Percentage (%),Units,,3.431964537862358
2005/06,Percentage of adults aged 16 to 59 (%),Women,,,,,,,,Percentage (%),Units,,3.888849778472944
2006/07,Percentage of adults aged 16 to 59 (%),Women,,,,,,,,Percentage (%),Units,,3.9678185619389694
2007/08,Percentage of adults aged 16 to 59 (%),Women,,,,,,,,Percentage (%),Units,,3.542807610868581
2008/09,Percentage of adults aged 16 to 59 (%),Women,,,,,,,,Percentage (%),Units,,2.9796500560357337
2009/10,Percentage of adults aged 16 to 59 (%),Women,,,,,,,,Percentage (%),Units,,2.750517656315929
2010/11,Percentage of adults aged 16 to 59 (%),Women,,,,,,,,Percentage (%),Units,,2.9241257833519048
2011/12,Percentage of adults aged 16 to 59 (%),Women,,,,,,,,Percentage (%),Units,,3.3450652048261045
2012/13,Percentage of adults aged 16 to 59 (%),Women,,,,,,,,Percentage (%),Units,,2.3453355670110603
2013/14,Percentage of adults aged 16 to 59 (%),Women,,,,,,,,Percentage (%),Units,,1.813297347583786
2014/15,Percentage of adults aged 16 to 59 (%),Women,,,,,,,,Percentage (%),Units,,2.3701036303484897
2015/16,Percentage of adults aged 16 to 59 (%),Women,,,,,,,,Percentage (%),Units,,2.8245726902570256
2016/17,Percentage of adults aged 16 to 59 (%),Women,,,,,,,,Percentage (%),Units,,2.673493973298345
2017/18,Percentage of adults aged 16 to 59 (%),Women,,,,,,,,Percentage (%),Units,,3.836737919901081
2018/19,Percentage of adults aged 16 to 59 (%),Women,,,,,,,,Percentage (%),Units,,3.7979494275361247
2019/20,Percentage of adults aged 16 to 59 (%),Women,,,,,,,,Percentage (%),Units,,3.0503256964849847
2004/05,Percentage of adults aged 16 to 59 (%),,Partner,,,,,,,Percentage (%),Units,,0.3438758529594878
2005/06,Percentage of adults aged 16 to 59 (%),,Partner,,,,,,,Percentage (%),Units,,0.3309974679126455
2006/07,Percentage of adults aged 16 to 59 (%),,Partner,,,,,,,Percentage (%),Units,,0.3465802381637204
2007/08,Percentage of adults aged 16 to 59 (%),,Partner,,,,,,,Percentage (%),Units,,0.3201902728552583
2008/09,Percentage of adults aged 16 to 59 (%),,Partner,,,,,,,Percentage (%),Units,,0.2204798946418313
2009/10,Percentage of adults aged 16 to 59 (%),,Partner,,,,,,,Percentage (%),Units,,0.3190584814468588
2010/11,Percentage of adults aged 16 to 59 (%),,Partner,,,,,,,Percentage (%),Units,,0.3047823828494001
2011/12,Percentage of adults aged 16 to 59 (%),,Partner,,,,,,,Percentage (%),Units,,0.2128713881147914
2012/13,Percentage of adults aged 16 to 59 (%),,Partner,,,,,,,Percentage (%),Units,,0.1818524782663706
2013/14,Percentage of adults aged 16 to 59 (%),,Partner,,,,,,,Percentage (%),Units,,0.1486918763743441
2014/15,Percentage of adults aged 16 to 59 (%),,Partner,,,,,,,Percentage (%),Units,,0.1907556345200028
2015/16,Percentage of adults aged 16 to 59 (%),,Partner,,,,,,,Percentage (%),Units,,0.2250003700231362
2016/17,Percentage of adults aged 16 to 59 (%),,Partner,,,,,,,Percentage (%),Units,,0.1552139436659
2017/18,Percentage of adults aged 16 to 59 (%),,Partner,,,,,,,Percentage (%),Units,,0.1617315067512608
2018/19,Percentage of adults aged 16 to 59 (%),,Partner,,,,,,,Percentage (%),Units,,0.2744517144963624
2019/20,Percentage of adults aged 16 to 59 (%),,Partner,,,,,,,Percentage (%),Units,,0.2484290701551153
2004/05,Percentage of adults aged 16 to 59 (%),,Family member,,,,,,,Percentage (%),Units,,0.0295418125816813
2005/06,Percentage of adults aged 16 to 59 (%),,Family member,,,,,,,Percentage (%),Units,,0.0353085726518666
2006/07,Percentage of adults aged 16 to 59 (%),,Family member,,,,,,,Percentage (%),Units,,0.033452590640783
2007/08,Percentage of adults aged 16 to 59 (%),,Family member,,,,,,,Percentage (%),Units,,0.0427908794058877
2008/09,Percentage of adults aged 16 to 59 (%),,Family member,,,,,,,Percentage (%),Units,,0.0234790674628576
2009/10,Percentage of adults aged 16 to 59 (%),,Family member,,,,,,,Percentage (%),Units,,0.0171259598303727
2010/11,Percentage of adults aged 16 to 59 (%),,Family member,,,,,,,Percentage (%),Units,,0.0431860164615531
2011/12,Percentage of adults aged 16 to 59 (%),,Family member,,,,,,,Percentage (%),Units,,0.0097204815405059
2012/13,Percentage of adults aged 16 to 59 (%),,Family member,,,,,,,Percentage (%),Units,,0.0201651583446617
2013/14,Percentage of adults aged 16 to 59 (%),,Family member,,,,,,,Percentage (%),Units,,0.0370111138564946
2014/15,Percentage of adults aged 16 to 59 (%),,Family member,,,,,,,Percentage (%),Units,,0.0195804532360345
2015/16,Percentage of adults aged 16 to 59 (%),,Family member,,,,,,,Percentage (%),Units,,0.0114312439382766
2016/17,Percentage of adults aged 16 to 59 (%),,Family member,,,,,,,Percentage (%),Units,,0.0249035369795763
2017/18,Percentage of adults aged 16 to 59 (%),,Family member,,,,,,,Percentage (%),Units,,0.048902252963714
2018/19,Percentage of adults aged 16 to 59 (%),,Family member,,,,,,,Percentage (%),Units,,0.0389841249746913
2019/20,Percentage of adults aged 16 to 59 (%),,Family member,,,,,,,Percentage (%),Units,,0.042103585030786
2004/05,Percentage of adults aged 16 to 59 (%),Men,Partner,,,,,,,Percentage (%),Units,,0.221249273355011
2005/06,Percentage of adults aged 16 to 59 (%),Men,Partner,,,,,,,Percentage (%),Units,,0.0
2006/07,Percentage of adults aged 16 to 59 (%),Men,Partner,,,,,,,Percentage (%),Units,,0.1340280575405703
2007/08,Percentage of adults aged 16 to 59 (%),Men,Partner,,,,,,,Percentage (%),Units,,0.1372678835611972
2008/09,Percentage of adults aged 16 to 59 (%),Men,Partner,,,,,,,Percentage (%),Units,,0.1772537707530306
2009/10,Percentage of adults aged 16 to 59 (%),Men,Partner,,,,,,,Percentage (%),Units,,0.1959297468994902
2010/11,Percentage of adults aged 16 to 59 (%),Men,Partner,,,,,,,Percentage (%),Units,,0.1545054539121381
2011/12,Percentage of adults aged 16 to 59 (%),Men,Partner,,,,,,,Percentage (%),Units,,0.0
2012/13,Percentage of adults aged 16 to 59 (%),Men,Partner,,,,,,,Percentage (%),Units,,0.1219949989119881
2013/14,Percentage of adults aged 16 to 59 (%),Men,Partner,,,,,,,Percentage (%),Units,,0.0831878750101829
2014/15,Percentage of adults aged 16 to 59 (%),Men,Partner,,,,,,,Percentage (%),Units,,0.0449068296943657
2015/16,Percentage of adults aged 16 to 59 (%),Men,Partner,,,,,,,Percentage (%),Units,,0.0699209817509307
2016/17,Percentage of adults aged 16 to 59 (%),Men,Partner,,,,,,,Percentage (%),Units,,0.0542261055438619
2017/18,Percentage of adults aged 16 to 59 (%),Men,Partner,,,,,,,Percentage (%),Units,,0.0653234848835438
2018/19,Percentage of adults aged 16 to 59 (%),Men,Partner,,,,,,,Percentage (%),Units,,0.0227257926699007
2019/20,Percentage of adults aged 16 to 59 (%),Men,Partner,,,,,,,Percentage (%),Units,,0.0768858595960279
2004/05,Percentage of adults aged 16 to 59 (%),Men,Family member,,,,,,,Percentage (%),Units,,0.0065362339244938
2005/06,Percentage of adults aged 16 to 59 (%),Men,Family member,,,,,,,Percentage (%),Units,,0.0269055752009054
2006/07,Percentage of adults aged 16 to 59 (%),Men,Family member,,,,,,,Percentage (%),Units,,0.0054152897021613
2007/08,Percentage of adults aged 16 to 59 (%),Men,Family member,,,,,,,Percentage (%),Units,,0.0071207706698828
2008/09,Percentage of adults aged 16 to 59 (%),Men,Family member,,,,,,,Percentage (%),Units,,0.0081908299567925
2009/10,Percentage of adults aged 16 to 59 (%),Men,Family member,,,,,,,Percentage (%),Units,,0.0
2010/11,Percentage of adults aged 16 to 59 (%),Men,Family member,,,,,,,Percentage (%),Units,,0.0
2011/12,Percentage of adults aged 16 to 59 (%),Men,Family member,,,,,,,Percentage (%),Units,,0.0
2012/13,Percentage of adults aged 16 to 59 (%),Men,Family member,,,,,,,Percentage (%),Units,,0.0126187555055138
2013/14,Percentage of adults aged 16 to 59 (%),Men,Family member,,,,,,,Percentage (%),Units,,0.0347529618357633
2014/15,Percentage of adults aged 16 to 59 (%),Men,Family member,,,,,,,Percentage (%),Units,,0.0
2015/16,Percentage of adults aged 16 to 59 (%),Men,Family member,,,,,,,Percentage (%),Units,,0.0
2016/17,Percentage of adults aged 16 to 59 (%),Men,Family member,,,,,,,Percentage (%),Units,,0.0258999241082854
2017/18,Percentage of adults aged 16 to 59 (%),Men,Family member,,,,,,,Percentage (%),Units,,0.0371602753468076
2018/19,Percentage of adults aged 16 to 59 (%),Men,Family member,,,,,,,Percentage (%),Units,,0.0
2019/20,Percentage of adults aged 16 to 59 (%),Men,Family member,,,,,,,Percentage (%),Units,,0.0212325042894599
2004/05,Percentage of adults aged 16 to 59 (%),Women,Partner,,,,,,,Percentage (%),Units,,0.4636297297425751
2005/06,Percentage of adults aged 16 to 59 (%),Women,Partner,,,,,,,Percentage (%),Units,,0.6214529325641317
2006/07,Percentage of adults aged 16 to 59 (%),Women,Partner,,,,,,,Percentage (%),Units,,0.5411480589081344
2007/08,Percentage of adults aged 16 to 59 (%),Women,Partner,,,,,,,Percentage (%),Units,,0.4885994193608259
2008/09,Percentage of adults aged 16 to 59 (%),Women,Partner,,,,,,,Percentage (%),Units,,0.2686457351589055
2009/10,Percentage of adults aged 16 to 59 (%),Women,Partner,,,,,,,Percentage (%),Units,,0.4400372725020354
2010/11,Percentage of adults aged 16 to 59 (%),Women,Partner,,,,,,,Percentage (%),Units,,0.4457061667101186
2011/12,Percentage of adults aged 16 to 59 (%),Women,Partner,,,,,,,Percentage (%),Units,,0.402680877040676
2012/13,Percentage of adults aged 16 to 59 (%),Women,Partner,,,,,,,Percentage (%),Units,,0.2414814727478358
2013/14,Percentage of adults aged 16 to 59 (%),Women,Partner,,,,,,,Percentage (%),Units,,0.2133264935196214
2014/15,Percentage of adults aged 16 to 59 (%),Women,Partner,,,,,,,Percentage (%),Units,,0.3339368703317226
2015/16,Percentage of adults aged 16 to 59 (%),Women,Partner,,,,,,,Percentage (%),Units,,0.3781658131002129
2016/17,Percentage of adults aged 16 to 59 (%),Women,Partner,,,,,,,Percentage (%),Units,,0.2566273183447821
2017/18,Percentage of adults aged 16 to 59 (%),Women,Partner,,,,,,,Percentage (%),Units,,0.2594601655545305
2018/19,Percentage of adults aged 16 to 59 (%),Women,Partner,,,,,,,Percentage (%),Units,,0.518446833404983
2019/20,Percentage of adults aged 16 to 59 (%),Women,Partner,,,,,,,Percentage (%),Units,,0.4186005891812054
2004/05,Percentage of adults aged 16 to 59 (%),Women,Family member,,,,,,,Percentage (%),Units,,0.0522859722877996
2005/06,Percentage of adults aged 16 to 59 (%),Women,Family member,,,,,,,Percentage (%),Units,,0.0436325629013042
2006/07,Percentage of adults aged 16 to 59 (%),Women,Family member,,,,,,,Percentage (%),Units,,0.0612917049408776
2007/08,Percentage of adults aged 16 to 59 (%),Women,Family member,,,,,,,Percentage (%),Units,,0.078160508688808
2008/09,Percentage of adults aged 16 to 59 (%),Women,Family member,,,,,,,Percentage (%),Units,,0.0386940622261531
2009/10,Percentage of adults aged 16 to 59 (%),Women,Family member,,,,,,,Percentage (%),Units,,0.0343295513931812
2010/11,Percentage of adults aged 16 to 59 (%),Women,Family member,,,,,,,Percentage (%),Units,,0.0860683571329515
2011/12,Percentage of adults aged 16 to 59 (%),Women,Family member,,,,,,,Percentage (%),Units,,0.0194953676221905
2012/13,Percentage of adults aged 16 to 59 (%),Women,Family member,,,,,,,Percentage (%),Units,,0.02765640168892
2013/14,Percentage of adults aged 16 to 59 (%),Women,Family member,,,,,,,Percentage (%),Units,,0.0392408905892831
2014/15,Percentage of adults aged 16 to 59 (%),Women,Family member,,,,,,,Percentage (%),Units,,0.0387835962382943
2015/16,Percentage of adults aged 16 to 59 (%),Women,Family member,,,,,,,Percentage (%),Units,,0.0226693926614473
2016/17,Percentage of adults aged 16 to 59 (%),Women,Family member,,,,,,,Percentage (%),Units,,0.0239109566316042
2017/18,Percentage of adults aged 16 to 59 (%),Women,Family member,,,,,,,Percentage (%),Units,,0.0607097539504903
2018/19,Percentage of adults aged 16 to 59 (%),Women,Family member,,,,,,,Percentage (%),Units,,0.0766164504996788
2019/20,Percentage of adults aged 16 to 59 (%),Women,Family member,,,,,,,Percentage (%),Units,,0.0627807612287524
2016/17,Percentage of adults aged 16 to 59 (%),Men,,16 to 19,,,,,,Percentage (%),Units,,3.037513840087863
2016/17,Percentage of adults aged 16 to 59 (%),Men,,20 to 24,,,,,,Percentage (%),Units,,1.6659956122708386
2016/17,Percentage of adults aged 16 to 59 (%),Men,,25 to 34,,,,,,Percentage (%),Units,,1.0360621397775551
2016/17,Percentage of adults aged 16 to 59 (%),Men,,35 to 44,,,,,,Percentage (%),Units,,0.3213437180002343
2016/17,Percentage of adults aged 16 to 59 (%),Men,,45 to 54,,,,,,Percentage (%),Units,,0.1536907386804137
2016/17,Percentage of adults aged 16 to 59 (%),Men,,55 to 59,,,,,,Percentage (%),Units,,0.0820519075357496
2016/17,Percentage of adults aged 16 to 59 (%),Men,,,White,,,,,Percentage (%),Units,,0.8495725219497449
2016/17,Percentage of adults aged 16 to 59 (%),Men,,,Mixed/Multiple ethnic groups,,,,,Percentage (%),Units,,1.403893577100262
2016/17,Percentage of adults aged 16 to 59 (%),Men,,,Asian/Asian British,,,,,Percentage (%),Units,,0.4726501563065205
2016/17,Percentage of adults aged 16 to 59 (%),Men,,,Black/African/Caribbean/Black British,,,,,Percentage (%),Units,,0.0
2016/17,Percentage of adults aged 16 to 59 (%),Men,,,Other ethnic group,,,,,Percentage (%),Units,,1.3471774495790587
2016/17,Percentage of adults aged 16 to 59 (%),Men,,,,"Less than £10,000",,,,Percentage (%),Units,,1.6612751463262432
2016/17,Percentage of adults aged 16 to 59 (%),Men,,,,"£10,000 to less than £20,000",,,,Percentage (%),Units,,0.572082645154207
2016/17,Percentage of adults aged 16 to 59 (%),Men,,,,"£20,000 to less than £30,000",,,,Percentage (%),Units,,0.9662799560028522
2016/17,Percentage of adults aged 16 to 59 (%),Men,,,,"£30,000 to less than £40,000",,,,Percentage (%),Units,,1.017016950553519
2016/17,Percentage of adults aged 16 to 59 (%),Men,,,,"£40,000 to less than £50,000",,,,Percentage (%),Units,,0.2491439393884193
2016/17,Percentage of adults aged 16 to 59 (%),Men,,,,"£50,000 or more",,,,Percentage (%),Units,,0.6826890375209541
2016/17,Percentage of adults aged 16 to 59 (%),Men,,,,No income stated or not enough information provided,,,,Percentage (%),Units,,1.0233424593656166
2016/17,Percentage of adults aged 16 to 59 (%),Men,,,,,,,North East,Percentage (%),Units,E12000001,0.0
2016/17,Percentage of adults aged 16 to 59 (%),Men,,,,,,,North West,Percentage (%),Units,E12000002,0.6142775646233953
2016/17,Percentage of adults aged 16 to 59 (%),Men,,,,,,,Yorkshire and the Humber,Percentage (%),Units,,0.5549000672142662
2016/17,Percentage of adults aged 16 to 59 (%),Men,,,,,,,East Midlands,Percentage (%),Units,E12000004,0.580044599429054
2016/17,Percentage of adults aged 16 to 59 (%),Men,,,,,,,West Midlands,Percentage (%),Units,E12000005,1.3861192168051888
2016/17,Percentage of adults aged 16 to 59 (%),Men,,,,,,,East,Percentage (%),Units,E12000006,0.9225236374749048
2016/17,Percentage of adults aged 16 to 59 (%),Men,,,,,,,London,Percentage (%),Units,E12000007,1.0225564368922362
2016/17,Percentage of adults aged 16 to 59 (%),Men,,,,,,,South East,Percentage (%),Units,E12000008,0.6252288813412801
2016/17,Percentage of adults aged 16 to 59 (%),Men,,,,,,,South West,Percentage (%),Units,E12000009,1.1725549760417393
2016/17,Percentage of adults aged 16 to 59 (%),Men,,,,,,,Wales,Percentage (%),Units,W92000004,0.4215998530778582
2016/17,Percentage of adults aged 16 to 59 (%),Women,,16 to 19,,,,,,Percentage (%),Units,,8.362879614480724
2016/17,Percentage of adults aged 16 to 59 (%),Women,,20 to 24,,,,,,Percentage (%),Units,,6.186424784666137
2016/17,Percentage of adults aged 16 to 59 (%),Women,,25 to 34,,,,,,Percentage (%),Units,,2.8751542899058182
2016/17,Percentage of adults aged 16 to 59 (%),Women,,35 to 44,,,,,,Percentage (%),Units,,1.3631080251104648
2016/17,Percentage of adults aged 16 to 59 (%),Women,,45 to 54,,,,,,Percentage (%),Units,,1.043001704921817
2016/17,Percentage of adults aged 16 to 59 (%),Women,,55 to 59,,,,,,Percentage (%),Units,,0.9948036549832432
2016/17,Percentage of adults aged 16 to 59 (%),Women,,,White,,,,,Percentage (%),Units,,2.655470620497132
2016/17,Percentage of adults aged 16 to 59 (%),Women,,,Mixed/Multiple ethnic groups,,,,,Percentage (%),Units,,7.915370883820403
2016/17,Percentage of adults aged 16 to 59 (%),Women,,,Asian/Asian British,,,,,Percentage (%),Units,,1.3837783121048963
2016/17,Percentage of adults aged 16 to 59 (%),Women,,,Black/African/Caribbean/Black British,,,,,Percentage (%),Units,,3.484754505535031
2016/17,Percentage of adults aged 16 to 59 (%),Women,,,Other ethnic group,,,,,Percentage (%),Units,,3.2670855856483256
2016/17,Percentage of adults aged 16 to 59 (%),Women,,,,"Less than £10,000",,,,Percentage (%),Units,,2.002250128452912
2016/17,Percentage of adults aged 16 to 59 (%),Women,,,,"£10,000 to less than £20,000",,,,Percentage (%),Units,,2.1283860416256024
2016/17,Percentage of adults aged 16 to 59 (%),Women,,,,"£20,000 to less than £30,000",,,,Percentage (%),Units,,2.849108535864769
2016/17,Percentage of adults aged 16 to 59 (%),Women,,,,"£30,000 to less than £40,000",,,,Percentage (%),Units,,2.047737029511293
2016/17,Percentage of adults aged 16 to 59 (%),Women,,,,"£40,000 to less than £50,000",,,,Percentage (%),Units,,2.328704509447902
2016/17,Percentage of adults aged 16 to 59 (%),Women,,,,"£50,000 or more",,,,Percentage (%),Units,,2.552372352921863
2016/17,Percentage of adults aged 16 to 59 (%),Women,,,,No income stated or not enough information provided,,,,Percentage (%),Units,,4.039596935340057
2016/17,Percentage of adults aged 16 to 59 (%),Women,,,,,,,North East,Percentage (%),Units,E12000001,4.383127158047293
2016/17,Percentage of adults aged 16 to 59 (%),Women,,,,,,,North West,Percentage (%),Units,E12000002,1.947006276443231
2016/17,Percentage of adults aged 16 to 59 (%),Women,,,,,,,Yorkshire and the Humber,Percentage (%),Units,,1.5510738254308756
2016/17,Percentage of adults aged 16 to 59 (%),Women,,,,,,,East Midlands,Percentage (%),Units,E12000004,2.475070758258445
2016/17,Percentage of adults aged 16 to 59 (%),Women,,,,,,,West Midlands,Percentage (%),Units,E12000005,2.450002398015956
2016/17,Percentage of adults aged 16 to 59 (%),Women,,,,,,,East,Percentage (%),Units,E12000006,2.3749725896884706
2016/17,Percentage of adults aged 16 to 59 (%),Women,,,,,,,London,Percentage (%),Units,E12000007,3.014889370753691
2016/17,Percentage of adults aged 16 to 59 (%),Women,,,,,,,South East,Percentage (%),Units,E12000008,2.9129343499194413
2016/17,Percentage of adults aged 16 to 59 (%),Women,,,,,,,South West,Percentage (%),Units,E12000009,3.315841589824461
2016/17,Percentage of adults aged 16 to 59 (%),Women,,,,,,,Wales,Percentage (%),Units,W92000004,3.184628097454394
2017/18,Percentage of adults aged 16 to 59 (%),,,16 to 19,,,,,,Percentage (%),Units,,8.395573722751966
2017/18,Percentage of adults aged 16 to 59 (%),,,20 to 24,,,,,,Percentage (%),Units,,6.644872299696767
2017/18,Percentage of adults aged 16 to 59 (%),,,25 to 34,,,,,,Percentage (%),Units,,2.389028051494748
2017/18,Percentage of adults aged 16 to 59 (%),,,35 to 44,,,,,,Percentage (%),Units,,0.9092206483110518
2017/18,Percentage of adults aged 16 to 59 (%),,,45 to 54,,,,,,Percentage (%),Units,,0.9590817550017636
2017/18,Percentage of adults aged 16 to 59 (%),,,55 to 59,,,,,,Percentage (%),Units,,1.0847883886022458
2017/18,Percentage of adults aged 16 to 74 (%),,,,,,,,,Percentage (%),Units,,2.0759912032468533
2017/18,Percentage of adults aged 16 to 59 (%),,,,White,,,,,Percentage (%),Units,,2.429100949949901
2017/18,Percentage of adults aged 16 to 59 (%),,,,Mixed/Multiple ethnic groups,,,,,Percentage (%),Units,,3.644424576602992
2017/18,Percentage of adults aged 16 to 59 (%),,,,Asian/Asian British,,,,,Percentage (%),Units,,1.810148016076394
2017/18,Percentage of adults aged 16 to 59 (%),,,,Black/African/Caribbean/Black British,,,,,Percentage (%),Units,,5.730656219319114
2017/18,Percentage of adults aged 16 to 59 (%),,,,Other ethnic group,,,,,Percentage (%),Units,,0.9075714018027335
2017/18,Percentage of adults aged 16 to 59 (%),,,,,"Less than £10,000",,,,Percentage (%),Units,,3.715809877697047
2017/18,Percentage of adults aged 16 to 59 (%),,,,,"£10,000 to less than £20,000",,,,Percentage (%),Units,,3.5543259843462214
2017/18,Percentage of adults aged 16 to 59 (%),,,,,"£20,000 to less than £30,000",,,,Percentage (%),Units,,2.199548975218224
2017/18,Percentage of adults aged 16 to 59 (%),,,,,"£30,000 to less than £40,000",,,,Percentage (%),Units,,2.038443595304624
2017/18,Percentage of adults aged 16 to 59 (%),,,,,"£40,000 to less than £50,000",,,,Percentage (%),Units,,1.7071665757728016
2017/18,Percentage of adults aged 16 to 59 (%),,,,,"£50,000 or more",,,,Percentage (%),Units,,2.4815634682510668
2017/18,Percentage of adults aged 16 to 59 (%),,,,,No income stated or not enough information provided,,,,Percentage (%),Units,,2.547617794952969
2017/18,Percentage of adults aged 16 to 59 (%),,,,,,Disabled (GSS harmonised),,,Percentage (%),Units,,4.0760504975494944
2017/18,Percentage of adults aged 16 to 59 (%),,,,,,Non-disabled (GSS harmonised),,,Percentage (%),Units,,2.3088777559541
2017/18,Percentage of adults aged 16 to 59 (%),,,,,,,Born in UK,,Percentage (%),Units,,2.640044899133622
2017/18,Percentage of adults aged 16 to 59 (%),,,,,,,Not born in UK,,Percentage (%),Units,,1.9147866107280924
2017/18,Percentage of adults aged 16 to 59 (%),,,,,,,,North East,Percentage (%),Units,E12000001,0.7908125689814519
2017/18,Percentage of adults aged 16 to 59 (%),,,,,,,,North West,Percentage (%),Units,E12000002,2.540340629409492
2017/18,Percentage of adults aged 16 to 59 (%),,,,,,,,Yorkshire and the Humber,Percentage (%),Units,,3.806630742264389
2017/18,Percentage of adults aged 16 to 59 (%),,,,,,,,East Midlands,Percentage (%),Units,E12000004,2.1914586864710057
2017/18,Percentage of adults aged 16 to 59 (%),,,,,,,,West Midlands,Percentage (%),Units,E12000005,2.19209744196077
2017/18,Percentage of adults aged 16 to 59 (%),,,,,,,,East,Percentage (%),Units,E12000006,1.763695596630727
2017/18,Percentage of adults aged 16 to 59 (%),,,,,,,,London,Percentage (%),Units,E12000007,3.658563128893083
2017/18,Percentage of adults aged 16 to 59 (%),,,,,,,,South East,Percentage (%),Units,E12000008,2.3151758131853195
2017/18,Percentage of adults aged 16 to 59 (%),,,,,,,,South West,Percentage (%),Units,E12000009,1.942680327497128
2017/18,Percentage of adults aged 16 to 59 (%),,,,,,,,Wales,Percentage (%),Units,W92000004,2.17294215181452
2017/18,Percentage of adults aged 16 to 59 (%),Men,,16 to 19,,,,,,Percentage (%),Units,,2.245941937517596
2017/18,Percentage of adults aged 16 to 59 (%),Men,,20 to 24,,,,,,Percentage (%),Units,,3.588374999088877
2017/18,Percentage of adults aged 16 to 59 (%),Men,,25 to 34,,,,,,Percentage (%),Units,,1.986826528654553
2017/18,Percentage of adults aged 16 to 59 (%),Men,,35 to 44,,,,,,Percentage (%),Units,,0.2218326510536739
2017/18,Percentage of adults aged 16 to 59 (%),Men,,45 to 54,,,,,,Percentage (%),Units,,0.189660160908116
2017/18,Percentage of adults aged 16 to 59 (%),Men,,55 to 59,,,,,,Percentage (%),Units,,0.1013158170715044
2017/18,Percentage of adults aged 16 to 74 (%),Men,,,,,,,,Percentage (%),Units,,0.9878906947931692
2017/18,Percentage of adults aged 16 to 59 (%),Men,,,White,,,,,Percentage (%),Units,,1.289414352630696
2017/18,Percentage of adults aged 16 to 59 (%),Men,,,Mixed/Multiple ethnic groups,,,,,Percentage (%),Units,,0.0
2017/18,Percentage of adults aged 16 to 59 (%),Men,,,Asian/Asian British,,,,,Percentage (%),Units,,0.4647311974489664
2017/18,Percentage of adults aged 16 to 59 (%),Men,,,Black/African/Caribbean/Black British,,,,,Percentage (%),Units,,1.402220856766694
2017/18,Percentage of adults aged 16 to 59 (%),Men,,,Other ethnic group,,,,,Percentage (%),Units,,0.8833502318269788
2017/18,Percentage of adults aged 16 to 59 (%),Men,,,,"Less than £10,000",,,,Percentage (%),Units,,0.0
2017/18,Percentage of adults aged 16 to 59 (%),Men,,,,"£10,000 to less than £20,000",,,,Percentage (%),Units,,1.9903123295220688
2017/18,Percentage of adults aged 16 to 59 (%),Men,,,,"£20,000 to less than £30,000",,,,Percentage (%),Units,,0.3870666090589527
2017/18,Percentage of adults aged 16 to 59 (%),Men,,,,"£30,000 to less than £40,000",,,,Percentage (%),Units,,0.5730264623266098
2017/18,Percentage of adults aged 16 to 59 (%),Men,,,,"£40,000 to less than £50,000",,,,Percentage (%),Units,,0.5604972425915797
2017/18,Percentage of adults aged 16 to 59 (%),Men,,,,"£50,000 or more",,,,Percentage (%),Units,,1.7317691870589094
2017/18,Percentage of adults aged 16 to 59 (%),Men,,,,No income stated or not enough information provided,,,,Percentage (%),Units,,1.2864787567477296
2017/18,Percentage of adults aged 16 to 59 (%),Men,,,,,Disabled (GSS harmonised),,,Percentage (%),Units,,1.089840298977148
2017/18,Percentage of adults aged 16 to 59 (%),Men,,,,,Non-disabled (GSS harmonised),,,Percentage (%),Units,,1.2011912433041296
2017/18,Percentage of adults aged 16 to 59 (%),Men,,,,,,Born in UK,,Percentage (%),Units,,1.3108296628390406
2017/18,Percentage of adults aged 16 to 59 (%),Men,,,,,,Not born in UK,,Percentage (%),Units,,0.6371066383434951
2017/18,Percentage of adults aged 16 to 59 (%),Men,,,,,,,North East,Percentage (%),Units,E12000001,0.5763529118716881
2017/18,Percentage of adults aged 16 to 59 (%),Men,,,,,,,North West,Percentage (%),Units,E12000002,1.1721942154285867
2017/18,Percentage of adults aged 16 to 59 (%),Men,,,,,,,Yorkshire and the Humber,Percentage (%),Units,,2.5715191327094256
2017/18,Percentage of adults aged 16 to 59 (%),Men,,,,,,,East Midlands,Percentage (%),Units,E12000004,0.855989640746082
2017/18,Percentage of adults aged 16 to 59 (%),Men,,,,,,,West Midlands,Percentage (%),Units,E12000005,0.2014338511993885
2017/18,Percentage of adults aged 16 to 59 (%),Men,,,,,,,East,Percentage (%),Units,E12000006,0.579073765267182
2017/18,Percentage of adults aged 16 to 59 (%),Men,,,,,,,London,Percentage (%),Units,E12000007,2.4212882727854104
2017/18,Percentage of adults aged 16 to 59 (%),Men,,,,,,,South East,Percentage (%),Units,E12000008,1.260060847993261
2017/18,Percentage of adults aged 16 to 59 (%),Men,,,,,,,South West,Percentage (%),Units,E12000009,0.4484059689336102
2017/18,Percentage of adults aged 16 to 59 (%),Men,,,,,,,Wales,Percentage (%),Units,W92000004,0.2006844910008633
2017/18,Percentage of adults aged 16 to 59 (%),Women,,16 to 19,,,,,,Percentage (%),Units,,15.765318728511325
2017/18,Percentage of adults aged 16 to 59 (%),Women,,20 to 24,,,,,,Percentage (%),Units,,10.072858843128325
2017/18,Percentage of adults aged 16 to 59 (%),Women,,25 to 34,,,,,,Percentage (%),Units,,2.7960895766197185
2017/18,Percentage of adults aged 16 to 59 (%),Women,,35 to 44,,,,,,Percentage (%),Units,,1.5846374307146591
2017/18,Percentage of adults aged 16 to 59 (%),Women,,45 to 54,,,,,,Percentage (%),Units,,1.6991519254694507
2017/18,Percentage of adults aged 16 to 59 (%),Women,,55 to 59,,,,,,Percentage (%),Units,,1.987944337089789
2017/18,Percentage of adults aged 16 to 74 (%),Women,,,,,,,,Percentage (%),Units,,3.1637167244750337
2017/18,Percentage of adults aged 16 to 59 (%),Women,,,White,,,,,Percentage (%),Units,,3.565087259598908
2017/18,Percentage of adults aged 16 to 59 (%),Women,,,Mixed/Multiple ethnic groups,,,,,Percentage (%),Units,,6.665798848837354
2017/18,Percentage of adults aged 16 to 59 (%),Women,,,Asian/Asian British,,,,,Percentage (%),Units,,3.532645481943971
2017/18,Percentage of adults aged 16 to 59 (%),Women,,,Black/African/Caribbean/Black British,,,,,Percentage (%),Units,,8.970713774337106
2017/18,Percentage of adults aged 16 to 59 (%),Women,,,Other ethnic group,,,,,Percentage (%),Units,,0.9325843673448012
2017/18,Percentage of adults aged 16 to 59 (%),Women,,,,"Less than £10,000",,,,Percentage (%),Units,,5.973540176237726
2017/18,Percentage of adults aged 16 to 59 (%),Women,,,,"£10,000 to less than £20,000",,,,Percentage (%),Units,,4.773448300826203
2017/18,Percentage of adults aged 16 to 59 (%),Women,,,,"£20,000 to less than £30,000",,,,Percentage (%),Units,,3.823857021483824
2017/18,Percentage of adults aged 16 to 59 (%),Women,,,,"£30,000 to less than £40,000",,,,Percentage (%),Units,,3.725808485298448
2017/18,Percentage of adults aged 16 to 59 (%),Women,,,,"£40,000 to less than £50,000",,,,Percentage (%),Units,,2.9249085359227265
2017/18,Percentage of adults aged 16 to 59 (%),Women,,,,"£50,000 or more",,,,Percentage (%),Units,,3.3272893495778315
2017/18,Percentage of adults aged 16 to 59 (%),Women,,,,No income stated or not enough information provided,,,,Percentage (%),Units,,3.904182535836093
2017/18,Percentage of adults aged 16 to 59 (%),Women,,,,,Disabled (GSS harmonised),,,Percentage (%),Units,,6.267541156337666
2017/18,Percentage of adults aged 16 to 59 (%),Women,,,,,Non-disabled (GSS harmonised),,,Percentage (%),Units,,3.467378277794434
2017/18,Percentage of adults aged 16 to 59 (%),Women,,,,,,Born in UK,,Percentage (%),Units,,3.969369004433475
2017/18,Percentage of adults aged 16 to 59 (%),Women,,,,,,Not born in UK,,Percentage (%),Units,,3.240731663692055
2017/18,Percentage of adults aged 16 to 59 (%),Women,,,,,,,North East,Percentage (%),Units,E12000001,0.99067221055655
2017/18,Percentage of adults aged 16 to 59 (%),Women,,,,,,,North West,Percentage (%),Units,E12000002,4.018330709062895
2017/18,Percentage of adults aged 16 to 59 (%),Women,,,,,,,Yorkshire and the Humber,Percentage (%),Units,,4.935791606702722
2017/18,Percentage of adults aged 16 to 59 (%),Women,,,,,,,East Midlands,Percentage (%),Units,E12000004,3.393760710054132
2017/18,Percentage of adults aged 16 to 59 (%),Women,,,,,,,West Midlands,Percentage (%),Units,E12000005,4.124530690186661
2017/18,Percentage of adults aged 16 to 59 (%),Women,,,,,,,East,Percentage (%),Units,E12000006,2.8971117469360834
2017/18,Percentage of adults aged 16 to 59 (%),Women,,,,,,,London,Percentage (%),Units,E12000007,4.919636579410367
2017/18,Percentage of adults aged 16 to 59 (%),Women,,,,,,,South East,Percentage (%),Units,E12000008,3.450859308550772
2017/18,Percentage of adults aged 16 to 59 (%),Women,,,,,,,South West,Percentage (%),Units,E12000009,3.559847632515889
2017/18,Percentage of adults aged 16 to 59 (%),Women,,,,,,,Wales,Percentage (%),Units,W92000004,4.260756281026612
2018/19,Percentage of adults aged 16 to 74 (%),,,,,,,,,Percentage (%),Units,,2.045404403800798
2018/19,Percentage of adults aged 16 to 74 (%),Men,,,,,,,,Percentage (%),Units,,0.9032232358131784
2018/19,Percentage of adults aged 16 to 74 (%),Women,,,,,,,,Percentage (%),Units,,3.149542309709856
2019/20,Percentage of adults aged 16 to 74 (%),,,,,,,,,Percentage (%),Units,,1.6029147351808788
2019/20,Percentage of adults aged 16 to 74 (%),Men,,,,,,,,Percentage (%),Units,,0.6908211135906341
2019/20,Percentage of adults aged 16 to 74 (%),Women,,,,,,,,Percentage (%),Units,,2.4972390423687
2017/18,Percentage of adults aged 16 to 74 (%),,Partner,,,,,,,Percentage (%),Units,,0.1295619103372122
2018/19,Percentage of adults aged 16 to 74 (%),,Partner,,,,,,,Percentage (%),Units,,0.2180287169875719
2019/20,Percentage of adults aged 16 to 74 (%),,Partner,,,,,,,Percentage (%),Units,,0.2000237143724308
2017/18,Percentage of adults aged 16 to 74 (%),,Family member,,,,,,,Percentage (%),Units,,0.0423357120034591
2018/19,Percentage of adults aged 16 to 74 (%),,Family member,,,,,,,Percentage (%),Units,,0.040385813671562
2019/20,Percentage of adults aged 16 to 74 (%),,Family member,,,,,,,Percentage (%),Units,,0.0383301095037491
2017/18,Percentage of adults aged 16 to 74 (%),Men,Partner,,,,,,,Percentage (%),Units,,0.052542824728606
2018/19,Percentage of adults aged 16 to 74 (%),Men,Partner,,,,,,,Percentage (%),Units,,0.0180596069483004
2019/20,Percentage of adults aged 16 to 74 (%),Men,Partner,,,,,,,Percentage (%),Units,,0.0658294486055552
2017/18,Percentage of adults aged 16 to 74 (%),Men,Family member,,,,,,,Percentage (%),Units,,0.0298631143754092
2018/19,Percentage of adults aged 16 to 74 (%),Men,Family member,,,,,,,Percentage (%),Units,,0.0
2019/20,Percentage of adults aged 16 to 74 (%),Men,Family member,,,,,,,Percentage (%),Units,,0.0170124703845429
2017/18,Percentage of adults aged 16 to 74 (%),Women,Partner,,,,,,,Percentage (%),Units,,0.2070023011334816
2018/19,Percentage of adults aged 16 to 74 (%),Women,Partner,,,,,,,Percentage (%),Units,,0.4117322296420006
2019/20,Percentage of adults aged 16 to 74 (%),Women,Partner,,,,,,,Percentage (%),Units,,0.3316609734036738
2017/18,Percentage of adults aged 16 to 74 (%),Women,Family member,,,,,,,Percentage (%),Units,,0.0547905906058836
2018/19,Percentage of adults aged 16 to 74 (%),Women,Family member,,,,,,,Percentage (%),Units,,0.0793901846541556
2019/20,Percentage of adults aged 16 to 74 (%),Women,Family member,,,,,,,Percentage (%),Units,,0.0592144428468447
