Year,Units,Sex,Relationship to perpetrator,Age,Ethnicity,Income,Disability status,Country of birth,Region,Observation status,Unit multiplier,Unit measure,GeoCode,Value
2004/05,Percentage of adults aged 16 to 59 (%),,,,,,,,,Undefined,Units,Percentage (%),,2.3037422586300003
2005/06,Percentage of adults aged 16 to 59 (%),,,,,,,,,Undefined,Units,Percentage (%),,2.518203361812256
2006/07,Percentage of adults aged 16 to 59 (%),,,,,,,,,Undefined,Units,Percentage (%),,2.615723951008618
2007/08,Percentage of adults aged 16 to 59 (%),,,,,,,,,Undefined,Units,Percentage (%),,2.220040955473805
2008/09,Percentage of adults aged 16 to 59 (%),,,,,,,,,Undefined,Units,Percentage (%),,1.887869890969026
2009/10,Percentage of adults aged 16 to 59 (%),,,,,,,,,Undefined,Units,Percentage (%),,1.8663253703843976
2010/11,Percentage of adults aged 16 to 59 (%),,,,,,,,,Undefined,Units,Percentage (%),,1.9124697866567124
2011/12,Percentage of adults aged 16 to 59 (%),,,,,,,,,Undefined,Units,Percentage (%),,2.1201791277459545
2012/13,Percentage of adults aged 16 to 59 (%),,,,,,,,,Undefined,Units,Percentage (%),,1.5687532752688806
2013/14,Percentage of adults aged 16 to 59 (%),,,,,,,,,Undefined,Units,Percentage (%),,1.2473063626980463
2014/15,Percentage of adults aged 16 to 59 (%),,,,,,,,,Undefined,Units,Percentage (%),,1.5052141786840456
2015/16,Percentage of adults aged 16 to 59 (%),,,,,,,,,Undefined,Units,Percentage (%),,1.715373385729858
2016/17,Percentage of adults aged 16 to 59 (%),,,,,,,,,Undefined,Units,Percentage (%),,1.7389021559517732
2017/18,Percentage of adults aged 16 to 59 (%),,,,,,,,,Undefined,Units,Percentage (%),,2.5064321792101403
2018/19,Percentage of adults aged 16 to 59 (%),,,,,,,,,Undefined,Units,Percentage (%),,2.4742472714024086
2019/20,Percentage of adults aged 16 to 59 (%),,,,,,,,,Undefined,Units,Percentage (%),,1.9405244339460421
2004/05,Percentage of adults aged 16 to 59 (%),Men,,,,,,,,Undefined,Units,Percentage (%),,1.164250799331341
2005/06,Percentage of adults aged 16 to 59 (%),Men,,,,,,,,Undefined,Units,Percentage (%),,1.0515830206046854
2006/07,Percentage of adults aged 16 to 59 (%),Men,,,,,,,,Undefined,Units,Percentage (%),,1.2179705540777277
2007/08,Percentage of adults aged 16 to 59 (%),Men,,,,,,,,Undefined,Units,Percentage (%),,0.7407243398470063
2008/09,Percentage of adults aged 16 to 59 (%),Men,,,,,,,,Undefined,Units,Percentage (%),,0.6913240502662868
2009/10,Percentage of adults aged 16 to 59 (%),Men,,,,,,,,Undefined,Units,Percentage (%),,1.0221486451691502
2010/11,Percentage of adults aged 16 to 59 (%),Men,,,,,,,,Undefined,Units,Percentage (%),,0.8525419993938651
2011/12,Percentage of adults aged 16 to 59 (%),Men,,,,,,,,Undefined,Units,Percentage (%),,0.8019246449108717
2012/13,Percentage of adults aged 16 to 59 (%),Men,,,,,,,,Undefined,Units,Percentage (%),,0.7889063825956348
2013/14,Percentage of adults aged 16 to 59 (%),Men,,,,,,,,Undefined,Units,Percentage (%),,0.6741722037520375
2014/15,Percentage of adults aged 16 to 59 (%),Men,,,,,,,,Undefined,Units,Percentage (%),,0.6232282040002418
2015/16,Percentage of adults aged 16 to 59 (%),Men,,,,,,,,Undefined,Units,Percentage (%),,0.5897704524117864
2016/17,Percentage of adults aged 16 to 59 (%),Men,,,,,,,,Undefined,Units,Percentage (%),,0.8018492776244551
2017/18,Percentage of adults aged 16 to 59 (%),Men,,,,,,,,Undefined,Units,Percentage (%),,1.1853964199235367
2018/19,Percentage of adults aged 16 to 59 (%),Men,,,,,,,,Undefined,Units,Percentage (%),,1.1064151964944418
2019/20,Percentage of adults aged 16 to 59 (%),Men,,,,,,,,Undefined,Units,Percentage (%),,0.822212196229098
2004/05,Percentage of adults aged 16 to 59 (%),Women,,,,,,,,Undefined,Units,Percentage (%),,3.431964537862358
2005/06,Percentage of adults aged 16 to 59 (%),Women,,,,,,,,Undefined,Units,Percentage (%),,3.888849778472944
2006/07,Percentage of adults aged 16 to 59 (%),Women,,,,,,,,Undefined,Units,Percentage (%),,3.9678185619389694
2007/08,Percentage of adults aged 16 to 59 (%),Women,,,,,,,,Undefined,Units,Percentage (%),,3.542807610868581
2008/09,Percentage of adults aged 16 to 59 (%),Women,,,,,,,,Undefined,Units,Percentage (%),,2.9796500560357337
2009/10,Percentage of adults aged 16 to 59 (%),Women,,,,,,,,Undefined,Units,Percentage (%),,2.7505176563159295
2010/11,Percentage of adults aged 16 to 59 (%),Women,,,,,,,,Undefined,Units,Percentage (%),,2.9241257833519048
2011/12,Percentage of adults aged 16 to 59 (%),Women,,,,,,,,Undefined,Units,Percentage (%),,3.3450652048261045
2012/13,Percentage of adults aged 16 to 59 (%),Women,,,,,,,,Undefined,Units,Percentage (%),,2.3453355670110603
2013/14,Percentage of adults aged 16 to 59 (%),Women,,,,,,,,Undefined,Units,Percentage (%),,1.813297347583786
2014/15,Percentage of adults aged 16 to 59 (%),Women,,,,,,,,Undefined,Units,Percentage (%),,2.3701036303484897
2015/16,Percentage of adults aged 16 to 59 (%),Women,,,,,,,,Undefined,Units,Percentage (%),,2.8245726902570256
2016/17,Percentage of adults aged 16 to 59 (%),Women,,,,,,,,Undefined,Units,Percentage (%),,2.673493973298345
2017/18,Percentage of adults aged 16 to 59 (%),Women,,,,,,,,Undefined,Units,Percentage (%),,3.8367379199010814
2018/19,Percentage of adults aged 16 to 59 (%),Women,,,,,,,,Undefined,Units,Percentage (%),,3.7979494275361247
2019/20,Percentage of adults aged 16 to 59 (%),Women,,,,,,,,Undefined,Units,Percentage (%),,3.0503256964849847
2004/05,Percentage of adults aged 16 to 59 (%),,Partner,,,,,,,Undefined,Units,Percentage (%),,0.34387585295948786
2005/06,Percentage of adults aged 16 to 59 (%),,Partner,,,,,,,Undefined,Units,Percentage (%),,0.3309974679126455
2006/07,Percentage of adults aged 16 to 59 (%),,Partner,,,,,,,Undefined,Units,Percentage (%),,0.3465802381637204
2007/08,Percentage of adults aged 16 to 59 (%),,Partner,,,,,,,Undefined,Units,Percentage (%),,0.3201902728552583
2008/09,Percentage of adults aged 16 to 59 (%),,Partner,,,,,,,Undefined,Units,Percentage (%),,0.22047989464183135
2009/10,Percentage of adults aged 16 to 59 (%),,Partner,,,,,,,Undefined,Units,Percentage (%),,0.3190584814468588
2010/11,Percentage of adults aged 16 to 59 (%),,Partner,,,,,,,Undefined,Units,Percentage (%),,0.3047823828494001
2011/12,Percentage of adults aged 16 to 59 (%),,Partner,,,,,,,Undefined,Units,Percentage (%),,0.2128713881147914
2012/13,Percentage of adults aged 16 to 59 (%),,Partner,,,,,,,Undefined,Units,Percentage (%),,0.1818524782663706
2013/14,Percentage of adults aged 16 to 59 (%),,Partner,,,,,,,Undefined,Units,Percentage (%),,0.1486918763743441
2014/15,Percentage of adults aged 16 to 59 (%),,Partner,,,,,,,Undefined,Units,Percentage (%),,0.1907556345200028
2015/16,Percentage of adults aged 16 to 59 (%),,Partner,,,,,,,Undefined,Units,Percentage (%),,0.22500037002313628
2016/17,Percentage of adults aged 16 to 59 (%),,Partner,,,,,,,Undefined,Units,Percentage (%),,0.1552139436659
2017/18,Percentage of adults aged 16 to 59 (%),,Partner,,,,,,,Undefined,Units,Percentage (%),,0.16173150675126086
2018/19,Percentage of adults aged 16 to 59 (%),,Partner,,,,,,,Undefined,Units,Percentage (%),,0.2744517144963624
2019/20,Percentage of adults aged 16 to 59 (%),,Partner,,,,,,,Undefined,Units,Percentage (%),,0.2484290701551153
2004/05,Percentage of adults aged 16 to 59 (%),,Family member,,,,,,,Undefined,Units,Percentage (%),,0.02954181258168137
2005/06,Percentage of adults aged 16 to 59 (%),,Family member,,,,,,,Undefined,Units,Percentage (%),,0.03530857265186668
2006/07,Percentage of adults aged 16 to 59 (%),,Family member,,,,,,,Undefined,Units,Percentage (%),,0.033452590640783084
2007/08,Percentage of adults aged 16 to 59 (%),,Family member,,,,,,,Undefined,Units,Percentage (%),,0.0427908794058877
2008/09,Percentage of adults aged 16 to 59 (%),,Family member,,,,,,,Undefined,Units,Percentage (%),,0.02347906746285762
2009/10,Percentage of adults aged 16 to 59 (%),,Family member,,,,,,,Undefined,Units,Percentage (%),,0.017125959830372718
2010/11,Percentage of adults aged 16 to 59 (%),,Family member,,,,,,,Undefined,Units,Percentage (%),,0.04318601646155319
2011/12,Percentage of adults aged 16 to 59 (%),,Family member,,,,,,,Undefined,Units,Percentage (%),,0.009720481540505995
2012/13,Percentage of adults aged 16 to 59 (%),,Family member,,,,,,,Undefined,Units,Percentage (%),,0.0201651583446618
2013/14,Percentage of adults aged 16 to 59 (%),,Family member,,,,,,,Undefined,Units,Percentage (%),,0.03701111385649462
2014/15,Percentage of adults aged 16 to 59 (%),,Family member,,,,,,,Undefined,Units,Percentage (%),,0.01958045323603451
2015/16,Percentage of adults aged 16 to 59 (%),,Family member,,,,,,,Undefined,Units,Percentage (%),,0.01143124393827661
2016/17,Percentage of adults aged 16 to 59 (%),,Family member,,,,,,,Undefined,Units,Percentage (%),,0.02490353697957634
2017/18,Percentage of adults aged 16 to 59 (%),,Family member,,,,,,,Undefined,Units,Percentage (%),,0.04890225296371405
2018/19,Percentage of adults aged 16 to 59 (%),,Family member,,,,,,,Undefined,Units,Percentage (%),,0.03898412497469138
2019/20,Percentage of adults aged 16 to 59 (%),,Family member,,,,,,,Undefined,Units,Percentage (%),,0.04210358503078606
2004/05,Percentage of adults aged 16 to 59 (%),Men,Partner,,,,,,,Undefined,Units,Percentage (%),,0.22124927335501102
2005/06,Percentage of adults aged 16 to 59 (%),Men,Partner,,,,,,,Undefined,Units,Percentage (%),,0.0
2006/07,Percentage of adults aged 16 to 59 (%),Men,Partner,,,,,,,Undefined,Units,Percentage (%),,0.13402805754057034
2007/08,Percentage of adults aged 16 to 59 (%),Men,Partner,,,,,,,Undefined,Units,Percentage (%),,0.13726788356119726
2008/09,Percentage of adults aged 16 to 59 (%),Men,Partner,,,,,,,Undefined,Units,Percentage (%),,0.17725377075303064
2009/10,Percentage of adults aged 16 to 59 (%),Men,Partner,,,,,,,Undefined,Units,Percentage (%),,0.19592974689949025
2010/11,Percentage of adults aged 16 to 59 (%),Men,Partner,,,,,,,Undefined,Units,Percentage (%),,0.1545054539121381
2011/12,Percentage of adults aged 16 to 59 (%),Men,Partner,,,,,,,Undefined,Units,Percentage (%),,0.0
2012/13,Percentage of adults aged 16 to 59 (%),Men,Partner,,,,,,,Undefined,Units,Percentage (%),,0.12199499891198815
2013/14,Percentage of adults aged 16 to 59 (%),Men,Partner,,,,,,,Undefined,Units,Percentage (%),,0.08318787501018299
2014/15,Percentage of adults aged 16 to 59 (%),Men,Partner,,,,,,,Undefined,Units,Percentage (%),,0.04490682969436578
2015/16,Percentage of adults aged 16 to 59 (%),Men,Partner,,,,,,,Undefined,Units,Percentage (%),,0.06992098175093077
2016/17,Percentage of adults aged 16 to 59 (%),Men,Partner,,,,,,,Undefined,Units,Percentage (%),,0.05422610554386193
2017/18,Percentage of adults aged 16 to 59 (%),Men,Partner,,,,,,,Undefined,Units,Percentage (%),,0.06532348488354389
2018/19,Percentage of adults aged 16 to 59 (%),Men,Partner,,,,,,,Undefined,Units,Percentage (%),,0.022725792669900748
2019/20,Percentage of adults aged 16 to 59 (%),Men,Partner,,,,,,,Undefined,Units,Percentage (%),,0.07688585959602795
2004/05,Percentage of adults aged 16 to 59 (%),Men,Family member,,,,,,,Undefined,Units,Percentage (%),,0.006536233924493849
2005/06,Percentage of adults aged 16 to 59 (%),Men,Family member,,,,,,,Undefined,Units,Percentage (%),,0.026905575200905408
2006/07,Percentage of adults aged 16 to 59 (%),Men,Family member,,,,,,,Undefined,Units,Percentage (%),,0.0054152897021613276
2007/08,Percentage of adults aged 16 to 59 (%),Men,Family member,,,,,,,Undefined,Units,Percentage (%),,0.007120770669882877
2008/09,Percentage of adults aged 16 to 59 (%),Men,Family member,,,,,,,Undefined,Units,Percentage (%),,0.008190829956792522
2009/10,Percentage of adults aged 16 to 59 (%),Men,Family member,,,,,,,Undefined,Units,Percentage (%),,0.0
2010/11,Percentage of adults aged 16 to 59 (%),Men,Family member,,,,,,,Undefined,Units,Percentage (%),,0.0
2011/12,Percentage of adults aged 16 to 59 (%),Men,Family member,,,,,,,Undefined,Units,Percentage (%),,0.0
2012/13,Percentage of adults aged 16 to 59 (%),Men,Family member,,,,,,,Undefined,Units,Percentage (%),,0.012618755505513848
2013/14,Percentage of adults aged 16 to 59 (%),Men,Family member,,,,,,,Undefined,Units,Percentage (%),,0.034752961835763305
2014/15,Percentage of adults aged 16 to 59 (%),Men,Family member,,,,,,,Undefined,Units,Percentage (%),,0.0
2015/16,Percentage of adults aged 16 to 59 (%),Men,Family member,,,,,,,Undefined,Units,Percentage (%),,0.0
2016/17,Percentage of adults aged 16 to 59 (%),Men,Family member,,,,,,,Undefined,Units,Percentage (%),,0.025899924108285458
2017/18,Percentage of adults aged 16 to 59 (%),Men,Family member,,,,,,,Undefined,Units,Percentage (%),,0.03716027534680765
2018/19,Percentage of adults aged 16 to 59 (%),Men,Family member,,,,,,,Undefined,Units,Percentage (%),,0.0
2019/20,Percentage of adults aged 16 to 59 (%),Men,Family member,,,,,,,Undefined,Units,Percentage (%),,0.021232504289459955
2004/05,Percentage of adults aged 16 to 59 (%),Women,Partner,,,,,,,Undefined,Units,Percentage (%),,0.4636297297425752
2005/06,Percentage of adults aged 16 to 59 (%),Women,Partner,,,,,,,Undefined,Units,Percentage (%),,0.6214529325641317
2006/07,Percentage of adults aged 16 to 59 (%),Women,Partner,,,,,,,Undefined,Units,Percentage (%),,0.5411480589081344
2007/08,Percentage of adults aged 16 to 59 (%),Women,Partner,,,,,,,Undefined,Units,Percentage (%),,0.488599419360826
2008/09,Percentage of adults aged 16 to 59 (%),Women,Partner,,,,,,,Undefined,Units,Percentage (%),,0.26864573515890555
2009/10,Percentage of adults aged 16 to 59 (%),Women,Partner,,,,,,,Undefined,Units,Percentage (%),,0.4400372725020354
2010/11,Percentage of adults aged 16 to 59 (%),Women,Partner,,,,,,,Undefined,Units,Percentage (%),,0.44570616671011865
2011/12,Percentage of adults aged 16 to 59 (%),Women,Partner,,,,,,,Undefined,Units,Percentage (%),,0.402680877040676
2012/13,Percentage of adults aged 16 to 59 (%),Women,Partner,,,,,,,Undefined,Units,Percentage (%),,0.24148147274783585
2013/14,Percentage of adults aged 16 to 59 (%),Women,Partner,,,,,,,Undefined,Units,Percentage (%),,0.21332649351962146
2014/15,Percentage of adults aged 16 to 59 (%),Women,Partner,,,,,,,Undefined,Units,Percentage (%),,0.3339368703317226
2015/16,Percentage of adults aged 16 to 59 (%),Women,Partner,,,,,,,Undefined,Units,Percentage (%),,0.37816581310021297
2016/17,Percentage of adults aged 16 to 59 (%),Women,Partner,,,,,,,Undefined,Units,Percentage (%),,0.2566273183447821
2017/18,Percentage of adults aged 16 to 59 (%),Women,Partner,,,,,,,Undefined,Units,Percentage (%),,0.2594601655545305
2018/19,Percentage of adults aged 16 to 59 (%),Women,Partner,,,,,,,Undefined,Units,Percentage (%),,0.518446833404983
2019/20,Percentage of adults aged 16 to 59 (%),Women,Partner,,,,,,,Undefined,Units,Percentage (%),,0.4186005891812055
2004/05,Percentage of adults aged 16 to 59 (%),Women,Family member,,,,,,,Undefined,Units,Percentage (%),,0.052285972287799666
2005/06,Percentage of adults aged 16 to 59 (%),Women,Family member,,,,,,,Undefined,Units,Percentage (%),,0.04363256290130421
2006/07,Percentage of adults aged 16 to 59 (%),Women,Family member,,,,,,,Undefined,Units,Percentage (%),,0.06129170494087765
2007/08,Percentage of adults aged 16 to 59 (%),Women,Family member,,,,,,,Undefined,Units,Percentage (%),,0.07816050868880801
2008/09,Percentage of adults aged 16 to 59 (%),Women,Family member,,,,,,,Undefined,Units,Percentage (%),,0.0386940622261531
2009/10,Percentage of adults aged 16 to 59 (%),Women,Family member,,,,,,,Undefined,Units,Percentage (%),,0.034329551393181244
2010/11,Percentage of adults aged 16 to 59 (%),Women,Family member,,,,,,,Undefined,Units,Percentage (%),,0.08606835713295152
2011/12,Percentage of adults aged 16 to 59 (%),Women,Family member,,,,,,,Undefined,Units,Percentage (%),,0.019495367622190517
2012/13,Percentage of adults aged 16 to 59 (%),Women,Family member,,,,,,,Undefined,Units,Percentage (%),,0.027656401688920074
2013/14,Percentage of adults aged 16 to 59 (%),Women,Family member,,,,,,,Undefined,Units,Percentage (%),,0.03924089058928313
2014/15,Percentage of adults aged 16 to 59 (%),Women,Family member,,,,,,,Undefined,Units,Percentage (%),,0.038783596238294325
2015/16,Percentage of adults aged 16 to 59 (%),Women,Family member,,,,,,,Undefined,Units,Percentage (%),,0.02266939266144731
2016/17,Percentage of adults aged 16 to 59 (%),Women,Family member,,,,,,,Undefined,Units,Percentage (%),,0.023910956631604238
2017/18,Percentage of adults aged 16 to 59 (%),Women,Family member,,,,,,,Undefined,Units,Percentage (%),,0.060709753950490386
2018/19,Percentage of adults aged 16 to 59 (%),Women,Family member,,,,,,,Undefined,Units,Percentage (%),,0.07661645049967884
2019/20,Percentage of adults aged 16 to 59 (%),Women,Family member,,,,,,,Undefined,Units,Percentage (%),,0.06278076122875244
2016/17,Percentage of adults aged 16 to 59 (%),Men,,16 to 19,,,,,,Undefined,Units,Percentage (%),,3.0375138400878634
2016/17,Percentage of adults aged 16 to 59 (%),Men,,20 to 24,,,,,,Undefined,Units,Percentage (%),,1.6659956122708386
2016/17,Percentage of adults aged 16 to 59 (%),Men,,25 to 34,,,,,,Undefined,Units,Percentage (%),,1.0360621397775551
2016/17,Percentage of adults aged 16 to 59 (%),Men,,35 to 44,,,,,,Undefined,Units,Percentage (%),,0.3213437180002344
2016/17,Percentage of adults aged 16 to 59 (%),Men,,45 to 54,,,,,,Undefined,Units,Percentage (%),,0.15369073868041375
2016/17,Percentage of adults aged 16 to 59 (%),Men,,55 to 59,,,,,,Undefined,Units,Percentage (%),,0.0820519075357496
2016/17,Percentage of adults aged 16 to 59 (%),Men,,,White,,,,,Undefined,Units,Percentage (%),,0.8495725219497449
2016/17,Percentage of adults aged 16 to 59 (%),Men,,,Mixed/Multiple ethnic groups,,,,,Undefined,Units,Percentage (%),,1.403893577100262
2016/17,Percentage of adults aged 16 to 59 (%),Men,,,Asian/Asian British,,,,,Undefined,Units,Percentage (%),,0.4726501563065205
2016/17,Percentage of adults aged 16 to 59 (%),Men,,,Black/African/Caribbean/Black British,,,,,Undefined,Units,Percentage (%),,0.0
2016/17,Percentage of adults aged 16 to 59 (%),Men,,,Other ethnic group,,,,,Undefined,Units,Percentage (%),,1.3471774495790587
2016/17,Percentage of adults aged 16 to 59 (%),Men,,,,"Less than £10,000",,,,Undefined,Units,Percentage (%),,1.6612751463262432
2016/17,Percentage of adults aged 16 to 59 (%),Men,,,,"£10,000 to less than £20,000",,,,Undefined,Units,Percentage (%),,0.572082645154207
2016/17,Percentage of adults aged 16 to 59 (%),Men,,,,"£20,000 to less than £30,000",,,,Undefined,Units,Percentage (%),,0.9662799560028522
2016/17,Percentage of adults aged 16 to 59 (%),Men,,,,"£30,000 to less than £40,000",,,,Undefined,Units,Percentage (%),,1.017016950553519
2016/17,Percentage of adults aged 16 to 59 (%),Men,,,,"£40,000 to less than £50,000",,,,Undefined,Units,Percentage (%),,0.24914393938841936
2016/17,Percentage of adults aged 16 to 59 (%),Men,,,,"£50,000 or more",,,,Undefined,Units,Percentage (%),,0.6826890375209541
2016/17,Percentage of adults aged 16 to 59 (%),Men,,,,No income stated or not enough information provided,,,,Undefined,Units,Percentage (%),,1.0233424593656166
2016/17,Percentage of adults aged 16 to 59 (%),Men,,,,,,,North East,Undefined,Units,Percentage (%),E12000001,0.0
2016/17,Percentage of adults aged 16 to 59 (%),Men,,,,,,,North West,Undefined,Units,Percentage (%),E12000002,0.6142775646233953
2016/17,Percentage of adults aged 16 to 59 (%),Men,,,,,,,Yorkshire and the Humber,Undefined,Units,Percentage (%),E12000003,0.5549000672142662
2016/17,Percentage of adults aged 16 to 59 (%),Men,,,,,,,East Midlands,Undefined,Units,Percentage (%),E12000004,0.580044599429054
2016/17,Percentage of adults aged 16 to 59 (%),Men,,,,,,,West Midlands,Undefined,Units,Percentage (%),E12000005,1.3861192168051888
2016/17,Percentage of adults aged 16 to 59 (%),Men,,,,,,,East of England,Undefined,Units,Percentage (%),E12000006,0.9225236374749048
2016/17,Percentage of adults aged 16 to 59 (%),Men,,,,,,,London,Undefined,Units,Percentage (%),E12000007,1.0225564368922362
2016/17,Percentage of adults aged 16 to 59 (%),Men,,,,,,,South East,Undefined,Units,Percentage (%),E12000008,0.6252288813412801
2016/17,Percentage of adults aged 16 to 59 (%),Men,,,,,,,South West,Undefined,Units,Percentage (%),E12000009,1.1725549760417393
2016/17,Percentage of adults aged 16 to 59 (%),Men,,,,,,,Wales,Undefined,Units,Percentage (%),W92000004,0.4215998530778582
2016/17,Percentage of adults aged 16 to 59 (%),Women,,16 to 19,,,,,,Undefined,Units,Percentage (%),,8.362879614480724
2016/17,Percentage of adults aged 16 to 59 (%),Women,,20 to 24,,,,,,Undefined,Units,Percentage (%),,6.186424784666138
2016/17,Percentage of adults aged 16 to 59 (%),Women,,25 to 34,,,,,,Undefined,Units,Percentage (%),,2.8751542899058182
2016/17,Percentage of adults aged 16 to 59 (%),Women,,35 to 44,,,,,,Undefined,Units,Percentage (%),,1.3631080251104648
2016/17,Percentage of adults aged 16 to 59 (%),Women,,45 to 54,,,,,,Undefined,Units,Percentage (%),,1.043001704921817
2016/17,Percentage of adults aged 16 to 59 (%),Women,,55 to 59,,,,,,Undefined,Units,Percentage (%),,0.9948036549832432
2016/17,Percentage of adults aged 16 to 59 (%),Women,,,White,,,,,Undefined,Units,Percentage (%),,2.655470620497132
2016/17,Percentage of adults aged 16 to 59 (%),Women,,,Mixed/Multiple ethnic groups,,,,,Undefined,Units,Percentage (%),,7.915370883820403
2016/17,Percentage of adults aged 16 to 59 (%),Women,,,Asian/Asian British,,,,,Undefined,Units,Percentage (%),,1.3837783121048963
2016/17,Percentage of adults aged 16 to 59 (%),Women,,,Black/African/Caribbean/Black British,,,,,Undefined,Units,Percentage (%),,3.484754505535031
2016/17,Percentage of adults aged 16 to 59 (%),Women,,,Other ethnic group,,,,,Undefined,Units,Percentage (%),,3.2670855856483256
2016/17,Percentage of adults aged 16 to 59 (%),Women,,,,"Less than £10,000",,,,Undefined,Units,Percentage (%),,2.002250128452912
2016/17,Percentage of adults aged 16 to 59 (%),Women,,,,"£10,000 to less than £20,000",,,,Undefined,Units,Percentage (%),,2.1283860416256024
2016/17,Percentage of adults aged 16 to 59 (%),Women,,,,"£20,000 to less than £30,000",,,,Undefined,Units,Percentage (%),,2.8491085358647688
2016/17,Percentage of adults aged 16 to 59 (%),Women,,,,"£30,000 to less than £40,000",,,,Undefined,Units,Percentage (%),,2.047737029511293
2016/17,Percentage of adults aged 16 to 59 (%),Women,,,,"£40,000 to less than £50,000",,,,Undefined,Units,Percentage (%),,2.3287045094479017
2016/17,Percentage of adults aged 16 to 59 (%),Women,,,,"£50,000 or more",,,,Undefined,Units,Percentage (%),,2.5523723529218634
2016/17,Percentage of adults aged 16 to 59 (%),Women,,,,No income stated or not enough information provided,,,,Undefined,Units,Percentage (%),,4.0395969353400565
2016/17,Percentage of adults aged 16 to 59 (%),Women,,,,,,,North East,Undefined,Units,Percentage (%),E12000001,4.383127158047293
2016/17,Percentage of adults aged 16 to 59 (%),Women,,,,,,,North West,Undefined,Units,Percentage (%),E12000002,1.9470062764432312
2016/17,Percentage of adults aged 16 to 59 (%),Women,,,,,,,Yorkshire and the Humber,Undefined,Units,Percentage (%),E12000003,1.5510738254308756
2016/17,Percentage of adults aged 16 to 59 (%),Women,,,,,,,East Midlands,Undefined,Units,Percentage (%),E12000004,2.475070758258445
2016/17,Percentage of adults aged 16 to 59 (%),Women,,,,,,,West Midlands,Undefined,Units,Percentage (%),E12000005,2.450002398015956
2016/17,Percentage of adults aged 16 to 59 (%),Women,,,,,,,East of England,Undefined,Units,Percentage (%),E12000006,2.3749725896884706
2016/17,Percentage of adults aged 16 to 59 (%),Women,,,,,,,London,Undefined,Units,Percentage (%),E12000007,3.014889370753691
2016/17,Percentage of adults aged 16 to 59 (%),Women,,,,,,,South East,Undefined,Units,Percentage (%),E12000008,2.9129343499194413
2016/17,Percentage of adults aged 16 to 59 (%),Women,,,,,,,South West,Undefined,Units,Percentage (%),E12000009,3.315841589824461
2016/17,Percentage of adults aged 16 to 59 (%),Women,,,,,,,Wales,Undefined,Units,Percentage (%),W92000004,3.1846280974543935
2017/18,Percentage of adults aged 16 to 59 (%),,,16 to 19,,,,,,Undefined,Units,Percentage (%),,8.395573722751966
2017/18,Percentage of adults aged 16 to 59 (%),,,20 to 24,,,,,,Undefined,Units,Percentage (%),,6.644872299696767
2017/18,Percentage of adults aged 16 to 59 (%),,,25 to 34,,,,,,Undefined,Units,Percentage (%),,2.389028051494748
2017/18,Percentage of adults aged 16 to 59 (%),,,35 to 44,,,,,,Undefined,Units,Percentage (%),,0.9092206483110518
2017/18,Percentage of adults aged 16 to 59 (%),,,45 to 54,,,,,,Undefined,Units,Percentage (%),,0.9590817550017636
2017/18,Percentage of adults aged 16 to 59 (%),,,55 to 59,,,,,,Undefined,Units,Percentage (%),,1.0847883886022458
2017/18,Percentage of adults aged 16 to 74 (%),,,,,,,,,Undefined,Units,Percentage (%),,2.0759912032468533
2017/18,Percentage of adults aged 16 to 59 (%),,,,White,,,,,Undefined,Units,Percentage (%),,2.429100949949901
2017/18,Percentage of adults aged 16 to 59 (%),,,,Mixed/Multiple ethnic groups,,,,,Undefined,Units,Percentage (%),,3.644424576602992
2017/18,Percentage of adults aged 16 to 59 (%),,,,Asian/Asian British,,,,,Undefined,Units,Percentage (%),,1.810148016076394
2017/18,Percentage of adults aged 16 to 59 (%),,,,Black/African/Caribbean/Black British,,,,,Undefined,Units,Percentage (%),,5.730656219319114
2017/18,Percentage of adults aged 16 to 59 (%),,,,Other ethnic group,,,,,Undefined,Units,Percentage (%),,0.9075714018027335
2017/18,Percentage of adults aged 16 to 59 (%),,,,,"Less than £10,000",,,,Undefined,Units,Percentage (%),,3.715809877697047
2017/18,Percentage of adults aged 16 to 59 (%),,,,,"£10,000 to less than £20,000",,,,Undefined,Units,Percentage (%),,3.5543259843462214
2017/18,Percentage of adults aged 16 to 59 (%),,,,,"£20,000 to less than £30,000",,,,Undefined,Units,Percentage (%),,2.199548975218224
2017/18,Percentage of adults aged 16 to 59 (%),,,,,"£30,000 to less than £40,000",,,,Undefined,Units,Percentage (%),,2.0384435953046243
2017/18,Percentage of adults aged 16 to 59 (%),,,,,"£40,000 to less than £50,000",,,,Undefined,Units,Percentage (%),,1.7071665757728016
2017/18,Percentage of adults aged 16 to 59 (%),,,,,"£50,000 or more",,,,Undefined,Units,Percentage (%),,2.4815634682510668
2017/18,Percentage of adults aged 16 to 59 (%),,,,,No income stated or not enough information provided,,,,Undefined,Units,Percentage (%),,2.547617794952969
2017/18,Percentage of adults aged 16 to 59 (%),,,,,,Disabled (GSS harmonised),,,Undefined,Units,Percentage (%),,4.0760504975494944
2017/18,Percentage of adults aged 16 to 59 (%),,,,,,Non-disabled (GSS harmonised),,,Undefined,Units,Percentage (%),,2.3088777559541
2017/18,Percentage of adults aged 16 to 59 (%),,,,,,,Born in UK,,Undefined,Units,Percentage (%),,2.640044899133622
2017/18,Percentage of adults aged 16 to 59 (%),,,,,,,Not born in UK,,Undefined,Units,Percentage (%),,1.9147866107280924
2017/18,Percentage of adults aged 16 to 59 (%),,,,,,,,North East,Undefined,Units,Percentage (%),E12000001,0.7908125689814519
2017/18,Percentage of adults aged 16 to 59 (%),,,,,,,,North West,Undefined,Units,Percentage (%),E12000002,2.540340629409492
2017/18,Percentage of adults aged 16 to 59 (%),,,,,,,,Yorkshire and the Humber,Undefined,Units,Percentage (%),E12000003,3.806630742264389
2017/18,Percentage of adults aged 16 to 59 (%),,,,,,,,East Midlands,Undefined,Units,Percentage (%),E12000004,2.1914586864710057
2017/18,Percentage of adults aged 16 to 59 (%),,,,,,,,West Midlands,Undefined,Units,Percentage (%),E12000005,2.1920974419607697
2017/18,Percentage of adults aged 16 to 59 (%),,,,,,,,East of England,Undefined,Units,Percentage (%),E12000006,1.7636955966307268
2017/18,Percentage of adults aged 16 to 59 (%),,,,,,,,London,Undefined,Units,Percentage (%),E12000007,3.658563128893083
2017/18,Percentage of adults aged 16 to 59 (%),,,,,,,,South East,Undefined,Units,Percentage (%),E12000008,2.3151758131853195
2017/18,Percentage of adults aged 16 to 59 (%),,,,,,,,South West,Undefined,Units,Percentage (%),E12000009,1.9426803274971283
2017/18,Percentage of adults aged 16 to 59 (%),,,,,,,,Wales,Undefined,Units,Percentage (%),W92000004,2.17294215181452
2017/18,Percentage of adults aged 16 to 59 (%),Men,,16 to 19,,,,,,Undefined,Units,Percentage (%),,2.245941937517596
2017/18,Percentage of adults aged 16 to 59 (%),Men,,20 to 24,,,,,,Undefined,Units,Percentage (%),,3.588374999088877
2017/18,Percentage of adults aged 16 to 59 (%),Men,,25 to 34,,,,,,Undefined,Units,Percentage (%),,1.9868265286545532
2017/18,Percentage of adults aged 16 to 59 (%),Men,,35 to 44,,,,,,Undefined,Units,Percentage (%),,0.221832651053674
2017/18,Percentage of adults aged 16 to 59 (%),Men,,45 to 54,,,,,,Undefined,Units,Percentage (%),,0.18966016090811608
2017/18,Percentage of adults aged 16 to 59 (%),Men,,55 to 59,,,,,,Undefined,Units,Percentage (%),,0.10131581707150443
2017/18,Percentage of adults aged 16 to 74 (%),Men,,,,,,,,Undefined,Units,Percentage (%),,0.9878906947931692
2017/18,Percentage of adults aged 16 to 59 (%),Men,,,White,,,,,Undefined,Units,Percentage (%),,1.289414352630696
2017/18,Percentage of adults aged 16 to 59 (%),Men,,,Mixed/Multiple ethnic groups,,,,,Undefined,Units,Percentage (%),,0.0
2017/18,Percentage of adults aged 16 to 59 (%),Men,,,Asian/Asian British,,,,,Undefined,Units,Percentage (%),,0.4647311974489664
2017/18,Percentage of adults aged 16 to 59 (%),Men,,,Black/African/Caribbean/Black British,,,,,Undefined,Units,Percentage (%),,1.4022208567666943
2017/18,Percentage of adults aged 16 to 59 (%),Men,,,Other ethnic group,,,,,Undefined,Units,Percentage (%),,0.8833502318269788
2017/18,Percentage of adults aged 16 to 59 (%),Men,,,,"Less than £10,000",,,,Undefined,Units,Percentage (%),,0.0
2017/18,Percentage of adults aged 16 to 59 (%),Men,,,,"£10,000 to less than £20,000",,,,Undefined,Units,Percentage (%),,1.9903123295220688
2017/18,Percentage of adults aged 16 to 59 (%),Men,,,,"£20,000 to less than £30,000",,,,Undefined,Units,Percentage (%),,0.3870666090589527
2017/18,Percentage of adults aged 16 to 59 (%),Men,,,,"£30,000 to less than £40,000",,,,Undefined,Units,Percentage (%),,0.5730264623266098
2017/18,Percentage of adults aged 16 to 59 (%),Men,,,,"£40,000 to less than £50,000",,,,Undefined,Units,Percentage (%),,0.5604972425915797
2017/18,Percentage of adults aged 16 to 59 (%),Men,,,,"£50,000 or more",,,,Undefined,Units,Percentage (%),,1.7317691870589094
2017/18,Percentage of adults aged 16 to 59 (%),Men,,,,No income stated or not enough information provided,,,,Undefined,Units,Percentage (%),,1.2864787567477296
2017/18,Percentage of adults aged 16 to 59 (%),Men,,,,,Disabled (GSS harmonised),,,Undefined,Units,Percentage (%),,1.0898402989771478
2017/18,Percentage of adults aged 16 to 59 (%),Men,,,,,Non-disabled (GSS harmonised),,,Undefined,Units,Percentage (%),,1.2011912433041296
2017/18,Percentage of adults aged 16 to 59 (%),Men,,,,,,Born in UK,,Undefined,Units,Percentage (%),,1.3108296628390406
2017/18,Percentage of adults aged 16 to 59 (%),Men,,,,,,Not born in UK,,Undefined,Units,Percentage (%),,0.6371066383434951
2017/18,Percentage of adults aged 16 to 59 (%),Men,,,,,,,North East,Undefined,Units,Percentage (%),E12000001,0.5763529118716881
2017/18,Percentage of adults aged 16 to 59 (%),Men,,,,,,,North West,Undefined,Units,Percentage (%),E12000002,1.1721942154285867
2017/18,Percentage of adults aged 16 to 59 (%),Men,,,,,,,Yorkshire and the Humber,Undefined,Units,Percentage (%),E12000003,2.5715191327094256
2017/18,Percentage of adults aged 16 to 59 (%),Men,,,,,,,East Midlands,Undefined,Units,Percentage (%),E12000004,0.8559896407460821
2017/18,Percentage of adults aged 16 to 59 (%),Men,,,,,,,West Midlands,Undefined,Units,Percentage (%),E12000005,0.20143385119938856
2017/18,Percentage of adults aged 16 to 59 (%),Men,,,,,,,East of England,Undefined,Units,Percentage (%),E12000006,0.579073765267182
2017/18,Percentage of adults aged 16 to 59 (%),Men,,,,,,,London,Undefined,Units,Percentage (%),E12000007,2.4212882727854104
2017/18,Percentage of adults aged 16 to 59 (%),Men,,,,,,,South East,Undefined,Units,Percentage (%),E12000008,1.260060847993261
2017/18,Percentage of adults aged 16 to 59 (%),Men,,,,,,,South West,Undefined,Units,Percentage (%),E12000009,0.44840596893361023
2017/18,Percentage of adults aged 16 to 59 (%),Men,,,,,,,Wales,Undefined,Units,Percentage (%),W92000004,0.20068449100086336
2017/18,Percentage of adults aged 16 to 59 (%),Women,,16 to 19,,,,,,Undefined,Units,Percentage (%),,15.765318728511325
2017/18,Percentage of adults aged 16 to 59 (%),Women,,20 to 24,,,,,,Undefined,Units,Percentage (%),,10.072858843128325
2017/18,Percentage of adults aged 16 to 59 (%),Women,,25 to 34,,,,,,Undefined,Units,Percentage (%),,2.7960895766197185
2017/18,Percentage of adults aged 16 to 59 (%),Women,,35 to 44,,,,,,Undefined,Units,Percentage (%),,1.5846374307146591
2017/18,Percentage of adults aged 16 to 59 (%),Women,,45 to 54,,,,,,Undefined,Units,Percentage (%),,1.6991519254694507
2017/18,Percentage of adults aged 16 to 59 (%),Women,,55 to 59,,,,,,Undefined,Units,Percentage (%),,1.987944337089789
2017/18,Percentage of adults aged 16 to 74 (%),Women,,,,,,,,Undefined,Units,Percentage (%),,3.1637167244750337
2017/18,Percentage of adults aged 16 to 59 (%),Women,,,White,,,,,Undefined,Units,Percentage (%),,3.5650872595989083
2017/18,Percentage of adults aged 16 to 59 (%),Women,,,Mixed/Multiple ethnic groups,,,,,Undefined,Units,Percentage (%),,6.665798848837353
2017/18,Percentage of adults aged 16 to 59 (%),Women,,,Asian/Asian British,,,,,Undefined,Units,Percentage (%),,3.532645481943971
2017/18,Percentage of adults aged 16 to 59 (%),Women,,,Black/African/Caribbean/Black British,,,,,Undefined,Units,Percentage (%),,8.970713774337106
2017/18,Percentage of adults aged 16 to 59 (%),Women,,,Other ethnic group,,,,,Undefined,Units,Percentage (%),,0.9325843673448012
2017/18,Percentage of adults aged 16 to 59 (%),Women,,,,"Less than £10,000",,,,Undefined,Units,Percentage (%),,5.9735401762377265
2017/18,Percentage of adults aged 16 to 59 (%),Women,,,,"£10,000 to less than £20,000",,,,Undefined,Units,Percentage (%),,4.773448300826203
2017/18,Percentage of adults aged 16 to 59 (%),Women,,,,"£20,000 to less than £30,000",,,,Undefined,Units,Percentage (%),,3.8238570214838234
2017/18,Percentage of adults aged 16 to 59 (%),Women,,,,"£30,000 to less than £40,000",,,,Undefined,Units,Percentage (%),,3.725808485298448
2017/18,Percentage of adults aged 16 to 59 (%),Women,,,,"£40,000 to less than £50,000",,,,Undefined,Units,Percentage (%),,2.9249085359227265
2017/18,Percentage of adults aged 16 to 59 (%),Women,,,,"£50,000 or more",,,,Undefined,Units,Percentage (%),,3.3272893495778315
2017/18,Percentage of adults aged 16 to 59 (%),Women,,,,No income stated or not enough information provided,,,,Undefined,Units,Percentage (%),,3.9041825358360933
2017/18,Percentage of adults aged 16 to 59 (%),Women,,,,,Disabled (GSS harmonised),,,Undefined,Units,Percentage (%),,6.267541156337667
2017/18,Percentage of adults aged 16 to 59 (%),Women,,,,,Non-disabled (GSS harmonised),,,Undefined,Units,Percentage (%),,3.467378277794434
2017/18,Percentage of adults aged 16 to 59 (%),Women,,,,,,Born in UK,,Undefined,Units,Percentage (%),,3.9693690044334753
2017/18,Percentage of adults aged 16 to 59 (%),Women,,,,,,Not born in UK,,Undefined,Units,Percentage (%),,3.2407316636920553
2017/18,Percentage of adults aged 16 to 59 (%),Women,,,,,,,North East,Undefined,Units,Percentage (%),E12000001,0.9906722105565501
2017/18,Percentage of adults aged 16 to 59 (%),Women,,,,,,,North West,Undefined,Units,Percentage (%),E12000002,4.018330709062895
2017/18,Percentage of adults aged 16 to 59 (%),Women,,,,,,,Yorkshire and the Humber,Undefined,Units,Percentage (%),E12000003,4.935791606702722
2017/18,Percentage of adults aged 16 to 59 (%),Women,,,,,,,East Midlands,Undefined,Units,Percentage (%),E12000004,3.393760710054132
2017/18,Percentage of adults aged 16 to 59 (%),Women,,,,,,,West Midlands,Undefined,Units,Percentage (%),E12000005,4.124530690186661
2017/18,Percentage of adults aged 16 to 59 (%),Women,,,,,,,East of England,Undefined,Units,Percentage (%),E12000006,2.8971117469360834
2017/18,Percentage of adults aged 16 to 59 (%),Women,,,,,,,London,Undefined,Units,Percentage (%),E12000007,4.919636579410367
2017/18,Percentage of adults aged 16 to 59 (%),Women,,,,,,,South East,Undefined,Units,Percentage (%),E12000008,3.450859308550772
2017/18,Percentage of adults aged 16 to 59 (%),Women,,,,,,,South West,Undefined,Units,Percentage (%),E12000009,3.559847632515889
2017/18,Percentage of adults aged 16 to 59 (%),Women,,,,,,,Wales,Undefined,Units,Percentage (%),W92000004,4.260756281026612
2018/19,Percentage of adults aged 16 to 74 (%),,,,,,,,,Undefined,Units,Percentage (%),,2.045404403800798
2018/19,Percentage of adults aged 16 to 74 (%),Men,,,,,,,,Undefined,Units,Percentage (%),,0.9032232358131784
2018/19,Percentage of adults aged 16 to 74 (%),Women,,,,,,,,Undefined,Units,Percentage (%),,3.1495423097098567
2019/20,Percentage of adults aged 16 to 74 (%),,,,,,,,,Undefined,Units,Percentage (%),,1.6029147351808788
2019/20,Percentage of adults aged 16 to 74 (%),Men,,,,,,,,Undefined,Units,Percentage (%),,0.6908211135906341
2019/20,Percentage of adults aged 16 to 74 (%),Women,,,,,,,,Undefined,Units,Percentage (%),,2.4972390423687
2017/18,Percentage of adults aged 16 to 74 (%),,Partner,,,,,,,Undefined,Units,Percentage (%),,0.1295619103372122
2018/19,Percentage of adults aged 16 to 74 (%),,Partner,,,,,,,Undefined,Units,Percentage (%),,0.21802871698757195
2019/20,Percentage of adults aged 16 to 74 (%),,Partner,,,,,,,Undefined,Units,Percentage (%),,0.2000237143724308
2017/18,Percentage of adults aged 16 to 74 (%),,Family member,,,,,,,Undefined,Units,Percentage (%),,0.04233571200345911
2018/19,Percentage of adults aged 16 to 74 (%),,Family member,,,,,,,Undefined,Units,Percentage (%),,0.040385813671562014
2019/20,Percentage of adults aged 16 to 74 (%),,Family member,,,,,,,Undefined,Units,Percentage (%),,0.03833010950374911
2017/18,Percentage of adults aged 16 to 74 (%),Men,Partner,,,,,,,Undefined,Units,Percentage (%),,0.05254282472860601
2018/19,Percentage of adults aged 16 to 74 (%),Men,Partner,,,,,,,Undefined,Units,Percentage (%),,0.01805960694830049
2019/20,Percentage of adults aged 16 to 74 (%),Men,Partner,,,,,,,Undefined,Units,Percentage (%),,0.06582944860555523
2017/18,Percentage of adults aged 16 to 74 (%),Men,Family member,,,,,,,Undefined,Units,Percentage (%),,0.029863114375409238
2018/19,Percentage of adults aged 16 to 74 (%),Men,Family member,,,,,,,Undefined,Units,Percentage (%),,0.0
2019/20,Percentage of adults aged 16 to 74 (%),Men,Family member,,,,,,,Undefined,Units,Percentage (%),,0.017012470384542917
2017/18,Percentage of adults aged 16 to 74 (%),Women,Partner,,,,,,,Undefined,Units,Percentage (%),,0.20700230113348167
2018/19,Percentage of adults aged 16 to 74 (%),Women,Partner,,,,,,,Undefined,Units,Percentage (%),,0.4117322296420006
2019/20,Percentage of adults aged 16 to 74 (%),Women,Partner,,,,,,,Undefined,Units,Percentage (%),,0.3316609734036738
2017/18,Percentage of adults aged 16 to 74 (%),Women,Family member,,,,,,,Undefined,Units,Percentage (%),,0.05479059060588366
2018/19,Percentage of adults aged 16 to 74 (%),Women,Family member,,,,,,,Undefined,Units,Percentage (%),,0.07939018465415568
2019/20,Percentage of adults aged 16 to 74 (%),Women,Family member,,,,,,,Undefined,Units,Percentage (%),,0.0592144428468448
