Year,Units,Treatment type,Economic activity,Unit measure,Observation status,Unit multiplier,Value
2010,Hazardous waste generated (tonnes per capita),,"Agriculture, forestry and fishing",Tonnes per capita,Undefined,Units,0.00386994864863
2010,Hazardous waste generated (tonnes per capita),,Mining and quarrying,Tonnes per capita,Undefined,Units,0.0005480841006652
2010,Hazardous waste generated (tonnes per capita),,"Manufacture of food products, beverages and tobacco products",Tonnes per capita,Undefined,Units,0.0004086066403119
2010,Hazardous waste generated (tonnes per capita),,"Manufacture of textiles, wearing apparel, leather and related products",Tonnes per capita,Undefined,Units,5.532773537901788e-05
2010,Hazardous waste generated (tonnes per capita),,"Manufacture of wood and of products of wood and cork, except furniture, manufacture of articles of straw and plaiting materials",Tonnes per capita,Undefined,Units,2.71449051645332e-05
2010,Hazardous waste generated (tonnes per capita),,"Manufacture of paper and paper products, printing and reproduction or recorded media",Tonnes per capita,Undefined,Units,0.0008429246828272
2010,Hazardous waste generated (tonnes per capita),,Manufacture of coke and refined petroleum products,Tonnes per capita,Undefined,Units,0.0003039023500253
2010,Hazardous waste generated (tonnes per capita),,"Manufacture of chemical, pharmaceutical, rubber and plastic products",Tonnes per capita,Undefined,Units,0.0083207389352045
2010,Hazardous waste generated (tonnes per capita),,Manufacture of other non-metallic mineral products,Tonnes per capita,Undefined,Units,0.0006916816279873
2010,Hazardous waste generated (tonnes per capita),,"Manufacture of basic metals and fabricated metal products, except machinery and equipment",Tonnes per capita,Undefined,Units,0.0027051596102378
2010,Hazardous waste generated (tonnes per capita),,"Manufacture of computer, electronic and optical products, electrical equipment, motor vehicles and other transport equipment",Tonnes per capita,Undefined,Units,0.0008231056930728
2010,Hazardous waste generated (tonnes per capita),,"Manufacture of furniture, jewellery, musical instruments, toys, repair and installation or machinery and equipment",Tonnes per capita,Undefined,Units,0.0001501913819155
2010,Hazardous waste generated (tonnes per capita),,"Electricity, gas, steam and air conditioning supply",Tonnes per capita,Undefined,Units,0.0007116835090959
2010,Hazardous waste generated (tonnes per capita),,"Water collection, treatment and supply, sewerage, remediation activities and other waste management services",Tonnes per capita,Undefined,Units,2.156444781743533e-05
2010,Hazardous waste generated (tonnes per capita),,Construction,Tonnes per capita,Undefined,Units,0.010967392836203
2010,Hazardous waste generated (tonnes per capita),,Services (except wholesale of waste and scrap),Tonnes per capita,Undefined,Units,0.0286726441207899
2010,Hazardous waste generated (tonnes per capita),,Households,Tonnes per capita,Undefined,Units,0.0058187151080468
2010,Hazardous waste generated (tonnes per capita),,,Tonnes per capita,Undefined,Units,0.0649388163333786
2012,Hazardous waste generated (tonnes per capita),,"Agriculture, forestry and fishing",Tonnes per capita,Undefined,Units,0.0035835473098219
2012,Hazardous waste generated (tonnes per capita),,Mining and quarrying,Tonnes per capita,Undefined,Units,0.0019198362829434
2012,Hazardous waste generated (tonnes per capita),,"Manufacture of food products, beverages and tobacco products",Tonnes per capita,Undefined,Units,0.0004805673637388
2012,Hazardous waste generated (tonnes per capita),,"Manufacture of textiles, wearing apparel, leather and related products",Tonnes per capita,Undefined,Units,6.969105003154119e-05
2012,Hazardous waste generated (tonnes per capita),,"Manufacture of wood and of products of wood and cork, except furniture, manufacture of articles of straw and plaiting materials",Tonnes per capita,Undefined,Units,0.0002032923866076
2012,Hazardous waste generated (tonnes per capita),,"Manufacture of paper and paper products, printing and reproduction or recorded media",Tonnes per capita,Undefined,Units,0.0007927596812148
2012,Hazardous waste generated (tonnes per capita),,Manufacture of coke and refined petroleum products,Tonnes per capita,Undefined,Units,0.0005020929462797
2012,Hazardous waste generated (tonnes per capita),,"Manufacture of chemical, pharmaceutical, rubber and plastic products",Tonnes per capita,Undefined,Units,0.0095772034961763
2012,Hazardous waste generated (tonnes per capita),,Manufacture of other non-metallic mineral products,Tonnes per capita,Undefined,Units,0.0006516023273066
2012,Hazardous waste generated (tonnes per capita),,"Manufacture of basic metals and fabricated metal products, except machinery and equipment",Tonnes per capita,Undefined,Units,0.0026742463425638
2012,Hazardous waste generated (tonnes per capita),,"Manufacture of computer, electronic and optical products, electrical equipment, motor vehicles and other transport equipment",Tonnes per capita,Undefined,Units,0.0009798842510844
2012,Hazardous waste generated (tonnes per capita),,"Manufacture of furniture, jewellery, musical instruments, toys, repair and installation or machinery and equipment",Tonnes per capita,Undefined,Units,0.0001287658504556
2012,Hazardous waste generated (tonnes per capita),,"Electricity, gas, steam and air conditioning supply",Tonnes per capita,Undefined,Units,0.0008797404736665
2012,Hazardous waste generated (tonnes per capita),,"Water collection, treatment and supply, sewerage, remediation activities and other waste management services",Tonnes per capita,Undefined,Units,5.458079616602225e-05
2012,Hazardous waste generated (tonnes per capita),,Construction,Tonnes per capita,Undefined,Units,0.0145079562838109
2012,Hazardous waste generated (tonnes per capita),,Services (except wholesale of waste and scrap),Tonnes per capita,Undefined,Units,0.0234128109591835
2012,Hazardous waste generated (tonnes per capita),,Households,Tonnes per capita,Undefined,Units,0.0052407664669493
2012,Hazardous waste generated (tonnes per capita),,,Tonnes per capita,Undefined,Units,0.0656593442680012
2014,Hazardous waste generated (tonnes per capita),,"Agriculture, forestry and fishing",Tonnes per capita,Undefined,Units,0.0036684360684156
2014,Hazardous waste generated (tonnes per capita),,Mining and quarrying,Tonnes per capita,Undefined,Units,0.0023125706382265
2014,Hazardous waste generated (tonnes per capita),,"Manufacture of food products, beverages and tobacco products",Tonnes per capita,Undefined,Units,0.0004798508655678
2014,Hazardous waste generated (tonnes per capita),,"Manufacture of textiles, wearing apparel, leather and related products",Tonnes per capita,Undefined,Units,5.420913737287625e-05
2014,Hazardous waste generated (tonnes per capita),,"Manufacture of wood and of products of wood and cork, except furniture, manufacture of articles of straw and plaiting materials",Tonnes per capita,Undefined,Units,0.0001670561736428
2014,Hazardous waste generated (tonnes per capita),,"Manufacture of paper and paper products, printing and reproduction or recorded media",Tonnes per capita,Undefined,Units,0.0006707921965114
2014,Hazardous waste generated (tonnes per capita),,Manufacture of coke and refined petroleum products,Tonnes per capita,Undefined,Units,0.0004878944517994
2014,Hazardous waste generated (tonnes per capita),,"Manufacture of chemical, pharmaceutical, rubber and plastic products",Tonnes per capita,Undefined,Units,0.0127038952493771
2014,Hazardous waste generated (tonnes per capita),,Manufacture of other non-metallic mineral products,Tonnes per capita,Undefined,Units,0.0008741367334117
2014,Hazardous waste generated (tonnes per capita),,"Manufacture of basic metals and fabricated metal products, except machinery and equipment",Tonnes per capita,Undefined,Units,0.0022581645580166
2014,Hazardous waste generated (tonnes per capita),,"Manufacture of computer, electronic and optical products, electrical equipment, motor vehicles and other transport equipment",Tonnes per capita,Undefined,Units,0.0008431764991639
2014,Hazardous waste generated (tonnes per capita),,"Manufacture of furniture, jewellery, musical instruments, toys, repair and installation or machinery and equipment",Tonnes per capita,Undefined,Units,0.0001634518893915
2014,Hazardous waste generated (tonnes per capita),,"Electricity, gas, steam and air conditioning supply",Tonnes per capita,Undefined,Units,0.0010968361637949
2014,Hazardous waste generated (tonnes per capita),,"Water collection, treatment and supply, sewerage, remediation activities and other waste management services",Tonnes per capita,Undefined,Units,3.421887120895515e-05
2014,Hazardous waste generated (tonnes per capita),,Construction,Tonnes per capita,Undefined,Units,0.0114994400560349
2014,Hazardous waste generated (tonnes per capita),,Services (except wholesale of waste and scrap),Tonnes per capita,Undefined,Units,0.0226829201161556
2014,Hazardous waste generated (tonnes per capita),,Households,Tonnes per capita,Undefined,Units,0.0051271338439877
2014,Hazardous waste generated (tonnes per capita),,,Tonnes per capita,Undefined,Units,0.0651241835120799
2016,Hazardous waste generated (tonnes per capita),,"Agriculture, forestry and fishing",Tonnes per capita,Undefined,Units,0.0036085652971263
2016,Hazardous waste generated (tonnes per capita),,Mining and quarrying,Tonnes per capita,Undefined,Units,0.0014896982111609
2016,Hazardous waste generated (tonnes per capita),,"Manufacture of food products, beverages and tobacco products",Tonnes per capita,Undefined,Units,0.0007733030693269
2016,Hazardous waste generated (tonnes per capita),,"Manufacture of textiles, wearing apparel, leather and related products",Tonnes per capita,Undefined,Units,7.732229663407909e-05
2016,Hazardous waste generated (tonnes per capita),,"Manufacture of wood and of products of wood and cork, except furniture, manufacture of articles of straw and plaiting materials",Tonnes per capita,Undefined,Units,0.0001855507445645
2016,Hazardous waste generated (tonnes per capita),,"Manufacture of paper and paper products, printing and reproduction or recorded media",Tonnes per capita,Undefined,Units,0.0010289845400415
2016,Hazardous waste generated (tonnes per capita),,Manufacture of coke and refined petroleum products,Tonnes per capita,Undefined,Units,0.0004761363158319
2016,Hazardous waste generated (tonnes per capita),,"Manufacture of chemical, pharmaceutical, rubber and plastic products",Tonnes per capita,Undefined,Units,0.0131345096367103
2016,Hazardous waste generated (tonnes per capita),,Manufacture of other non-metallic mineral products,Tonnes per capita,Undefined,Units,0.0006858316633175
2016,Hazardous waste generated (tonnes per capita),,"Manufacture of basic metals and fabricated metal products, except machinery and equipment",Tonnes per capita,Undefined,Units,0.002339576168507
2016,Hazardous waste generated (tonnes per capita),,"Manufacture of computer, electronic and optical products, electrical equipment, motor vehicles and other transport equipment",Tonnes per capita,Undefined,Units,0.000784390869041
2016,Hazardous waste generated (tonnes per capita),,"Manufacture of furniture, jewellery, musical instruments, toys, repair and installation or machinery and equipment",Tonnes per capita,Undefined,Units,0.000189463934334
2016,Hazardous waste generated (tonnes per capita),,"Electricity, gas, steam and air conditioning supply",Tonnes per capita,Undefined,Units,0.0012086501582014
2016,Hazardous waste generated (tonnes per capita),,"Water collection, treatment and supply, sewerage, remediation activities and other waste management services",Tonnes per capita,Undefined,Units,9.131990837310926e-05
2016,Hazardous waste generated (tonnes per capita),,Construction,Tonnes per capita,Undefined,Units,0.0121943395522894
2016,Hazardous waste generated (tonnes per capita),,Services (except wholesale of waste and scrap),Tonnes per capita,Undefined,Units,0.0248255420600718
2016,Hazardous waste generated (tonnes per capita),,Households,Tonnes per capita,Undefined,Units,0.0055361813723342
2016,Hazardous waste generated (tonnes per capita),,,Tonnes per capita,Undefined,Units,0.0686293657978666
2010,Percentage of hazardous waste treated (%),,,Percentage (%),Undefined,Units,48.42189416372604
2012,Percentage of hazardous waste treated (%),,,Percentage (%),Undefined,Units,45.72990968214678
2014,Percentage of hazardous waste treated (%),,,Percentage (%),Undefined,Units,45.065660196197726
2016,Percentage of hazardous waste treated (%),,,Percentage (%),Undefined,Units,42.85987326706757
2010,Percentage of hazardous waste treated (%),Energy recovery,,Percentage (%),Undefined,Units,3.047928708850734
2010,Percentage of hazardous waste treated (%),Incineration,,Percentage (%),Undefined,Units,6.447240141416088
2010,Percentage of hazardous waste treated (%),Recovery other than energy recovery - Except backfilling,,Percentage (%),Undefined,Units,6.252291765350045
2010,Percentage of hazardous waste treated (%),Recovery other than energy recovery - Backfilling,,Percentage (%),Undefined,Units,0.0
2010,Percentage of hazardous waste treated (%),Deposit onto or into land,,Percentage (%),Undefined,Units,31.82053565655806
2010,Percentage of hazardous waste treated (%),Land treatment and release into water bodies,,Percentage (%),Undefined,Units,0.8538978915511108
2012,Percentage of hazardous waste treated (%),Energy recovery,,Percentage (%),Undefined,Units,2.6766169486684084
2012,Percentage of hazardous waste treated (%),Incineration,,Percentage (%),Undefined,Units,5.726236580891111
2012,Percentage of hazardous waste treated (%),Recovery other than energy recovery - Except backfilling,,Percentage (%),Undefined,Units,12.278541697659277
2012,Percentage of hazardous waste treated (%),Recovery other than energy recovery - Backfilling,,Percentage (%),Undefined,Units,0.3061143327711501
2012,Percentage of hazardous waste treated (%),Deposit onto or into land,,Percentage (%),Undefined,Units,24.74240012215684
2012,Percentage of hazardous waste treated (%),Land treatment and release into water bodies,,Percentage (%),Undefined,Units,0.0
2014,Percentage of hazardous waste treated (%),Energy recovery,,Percentage (%),Undefined,Units,2.443107298116165
2014,Percentage of hazardous waste treated (%),Incineration,,Percentage (%),Undefined,Units,5.734272813413048
2014,Percentage of hazardous waste treated (%),Recovery other than energy recovery - Except backfilling,,Percentage (%),Undefined,Units,16.02321022495839
2014,Percentage of hazardous waste treated (%),Recovery other than energy recovery - Backfilling,,Percentage (%),Undefined,Units,0.2032191735159438
2014,Percentage of hazardous waste treated (%),Deposit onto or into land,,Percentage (%),Undefined,Units,20.661850686194185
2014,Percentage of hazardous waste treated (%),Land treatment and release into water bodies,,Percentage (%),Undefined,Units,0.0
2016,Percentage of hazardous waste treated (%),Energy recovery,,Percentage (%),Undefined,Units,0.7585095440106615
2016,Percentage of hazardous waste treated (%),Incineration,,Percentage (%),Undefined,Units,6.660254469490835
2016,Percentage of hazardous waste treated (%),Recovery other than energy recovery - Except backfilling,,Percentage (%),Undefined,Units,16.68541272461395
2016,Percentage of hazardous waste treated (%),Recovery other than energy recovery - Backfilling,,Percentage (%),Undefined,Units,0.0106761147707475
2016,Percentage of hazardous waste treated (%),Deposit onto or into land,,Percentage (%),Undefined,Units,18.74502041418137
2016,Percentage of hazardous waste treated (%),Land treatment and release into water bodies,,Percentage (%),Undefined,Units,0.0
2010,Hazardous waste generated (absolute number),,"Agriculture, forestry and fishing",Tonnes,Undefined,Units,242875.87193620656
2010,Hazardous waste generated (absolute number),,Mining and quarrying,Tonnes,Undefined,Units,34397.46
2010,Hazardous waste generated (absolute number),,"Manufacture of food products, beverages and tobacco products",Tonnes,Undefined,Units,25643.930463963985
2010,Hazardous waste generated (absolute number),,"Manufacture of textiles, wearing apparel, leather and related products",Tonnes,Undefined,Units,3472.338574099116
2010,Hazardous waste generated (absolute number),,"Manufacture of wood and of products of wood and cork, except furniture, manufacture of articles of straw and plaiting materials",Tonnes,Undefined,Units,1703.599481297694
2010,Hazardous waste generated (absolute number),,"Manufacture of paper and paper products, printing and reproduction or recorded media",Tonnes,Undefined,Units,52901.49454320876
2010,Hazardous waste generated (absolute number),,Manufacture of coke and refined petroleum products,Tonnes,Undefined,Units,19072.74616471392
2010,Hazardous waste generated (absolute number),,"Manufacture of chemical, pharmaceutical, rubber and plastic products",Tonnes,Undefined,Units,522205.04909145774
2010,Hazardous waste generated (absolute number),,Manufacture of other non-metallic mineral products,Tonnes,Undefined,Units,43409.562697677815
2010,Hazardous waste generated (absolute number),,"Manufacture of basic metals and fabricated metal products, except machinery and equipment",Tonnes,Undefined,Units,169774.3455317021
2010,Hazardous waste generated (absolute number),,"Manufacture of computer, electronic and optical products, electrical equipment, motor vehicles and other transport equipment",Tonnes,Undefined,Units,51657.66552775386
2010,Hazardous waste generated (absolute number),,"Manufacture of furniture, jewellery, musical instruments, toys, repair and installation or machinery and equipment",Tonnes,Undefined,Units,9425.929424907135
2010,Hazardous waste generated (absolute number),,"Electricity, gas, steam and air conditioning supply",Tonnes,Undefined,Units,44664.86987503596
2010,Hazardous waste generated (absolute number),,"Water collection, treatment and supply, sewerage, remediation activities and other waste management services",Tonnes,Undefined,Units,1353.3730139626286
2010,Hazardous waste generated (absolute number),,Construction,Tonnes,Undefined,Units,688307.6081383979
2010,Hazardous waste generated (absolute number),,Services (except wholesale of waste and scrap),Tonnes,Undefined,Units,1799479.5471023775
2010,Hazardous waste generated (absolute number),,Households,Tonnes,Undefined,Units,365179.39479999966
2010,Hazardous waste generated (absolute number),,,Tonnes,Undefined,Units,4075524.78636676
2012,Hazardous waste generated (absolute number),,"Agriculture, forestry and fishing",Tonnes,Undefined,Units,228289.98887862705
2012,Hazardous waste generated (absolute number),,Mining and quarrying,Tonnes,Undefined,Units,122303.22800000002
2012,Hazardous waste generated (absolute number),,"Manufacture of food products, beverages and tobacco products",Tonnes,Undefined,Units,30614.55832400281
2012,Hazardous waste generated (absolute number),,"Manufacture of textiles, wearing apparel, leather and related products",Tonnes,Undefined,Units,4439.6704329908325
2012,Hazardous waste generated (absolute number),,"Manufacture of wood and of products of wood and cork, except furniture, manufacture of articles of straw and plaiting materials",Tonnes,Undefined,Units,12950.747587611408
2012,Hazardous waste generated (absolute number),,"Manufacture of paper and paper products, printing and reproduction or recorded media",Tonnes,Undefined,Units,50502.77927458053
2012,Hazardous waste generated (absolute number),,Manufacture of coke and refined petroleum products,Tonnes,Undefined,Units,31985.84620554017
2012,Hazardous waste generated (absolute number),,"Manufacture of chemical, pharmaceutical, rubber and plastic products",Tonnes,Undefined,Units,610116.0360400163
2012,Hazardous waste generated (absolute number),,Manufacture of other non-metallic mineral products,Tonnes,Undefined,Units,41510.34580913834
2012,Hazardous waste generated (absolute number),,"Manufacture of basic metals and fabricated metal products, except machinery and equipment",Tonnes,Undefined,Units,170362.94348042284
2012,Hazardous waste generated (absolute number),,"Manufacture of computer, electronic and optical products, electrical equipment, motor vehicles and other transport equipment",Tonnes,Undefined,Units,62423.5556118628
2012,Hazardous waste generated (absolute number),,"Manufacture of furniture, jewellery, musical instruments, toys, repair and installation or machinery and equipment",Tonnes,Undefined,Units,8203.032366251346
2012,Hazardous waste generated (absolute number),,"Electricity, gas, steam and air conditioning supply",Tonnes,Undefined,Units,56043.893267143205
2012,Hazardous waste generated (absolute number),,"Water collection, treatment and supply, sewerage, remediation activities and other waste management services",Tonnes,Undefined,Units,3477.0712571803324
2012,Hazardous waste generated (absolute number),,Construction,Tonnes,Undefined,Units,924229.7902988635
2012,Hazardous waste generated (absolute number),,Services (except wholesale of waste and scrap),Tonnes,Undefined,Units,1491513.824539115
2012,Hazardous waste generated (absolute number),,Households,Tonnes,Undefined,Units,333863.18499999994
2012,Hazardous waste generated (absolute number),,,Tonnes,Undefined,Units,4182830.49637335
2014,Hazardous waste generated (absolute number),,"Agriculture, forestry and fishing",Tonnes,Undefined,Units,236969.05493930107
2014,Hazardous waste generated (absolute number),,Mining and quarrying,Tonnes,Undefined,Units,149384.552
2014,Hazardous waste generated (absolute number),,"Manufacture of food products, beverages and tobacco products",Tonnes,Undefined,Units,30996.80736007317
2014,Hazardous waste generated (absolute number),,"Manufacture of textiles, wearing apparel, leather and related products",Tonnes,Undefined,Units,3501.734203009619
2014,Hazardous waste generated (absolute number),,"Manufacture of wood and of products of wood and cork, except furniture, manufacture of articles of straw and plaiting materials",Tonnes,Undefined,Units,10791.286218877509
2014,Hazardous waste generated (absolute number),,"Manufacture of paper and paper products, printing and reproduction or recorded media",Tonnes,Undefined,Units,43330.997161583415
2014,Hazardous waste generated (absolute number),,Manufacture of coke and refined petroleum products,Tonnes,Undefined,Units,31516.39690506276
2014,Hazardous waste generated (absolute number),,"Manufacture of chemical, pharmaceutical, rubber and plastic products",Tonnes,Undefined,Units,820630.3708579912
2014,Hazardous waste generated (absolute number),,Manufacture of other non-metallic mineral products,Tonnes,Undefined,Units,56466.3937822877
2014,Hazardous waste generated (absolute number),,"Manufacture of basic metals and fabricated metal products, except machinery and equipment",Tonnes,Undefined,Units,145870.09592939136
2014,Hazardous waste generated (absolute number),,"Manufacture of computer, electronic and optical products, electrical equipment, motor vehicles and other transport equipment",Tonnes,Undefined,Units,54466.46320872354
2014,Hazardous waste generated (absolute number),,"Manufacture of furniture, jewellery, musical instruments, toys, repair and installation or machinery and equipment",Tonnes,Undefined,Units,10558.46116295605
2014,Hazardous waste generated (absolute number),,"Electricity, gas, steam and air conditioning supply",Tonnes,Undefined,Units,70852.05365729272
2014,Hazardous waste generated (absolute number),,"Water collection, treatment and supply, sewerage, remediation activities and other waste management services",Tonnes,Undefined,Units,2210.4279372048163
2014,Hazardous waste generated (absolute number),,Construction,Tonnes,Undefined,Units,742826.4774385577
2014,Hazardous waste generated (absolute number),,Services (except wholesale of waste and scrap),Tonnes,Undefined,Units,1465242.96537912
2014,Hazardous waste generated (absolute number),,Households,Tonnes,Undefined,Units,331196.1933908815
2014,Hazardous waste generated (absolute number),,,Tonnes,Undefined,Units,4206810.731532314
2016,Hazardous waste generated (absolute number),,"Agriculture, forestry and fishing",Tonnes,Undefined,Units,236895.28948827877
2016,Hazardous waste generated (absolute number),,Mining and quarrying,Tonnes,Undefined,Units,97795.78861
2016,Hazardous waste generated (absolute number),,"Manufacture of food products, beverages and tobacco products",Tonnes,Undefined,Units,50765.84165353879
2016,Hazardous waste generated (absolute number),,"Manufacture of textiles, wearing apparel, leather and related products",Tonnes,Undefined,Units,5076.058304838042
2016,Hazardous waste generated (absolute number),,"Manufacture of wood and of products of wood and cork, except furniture, manufacture of articles of straw and plaiting materials",Tonnes,Undefined,Units,12181.04529891626
2016,Hazardous waste generated (absolute number),,"Manufacture of paper and paper products, printing and reproduction or recorded media",Tonnes,Undefined,Units,67550.83264981136
2016,Hazardous waste generated (absolute number),,Manufacture of coke and refined petroleum products,Tonnes,Undefined,Units,31257.42257309561
2016,Hazardous waste generated (absolute number),,"Manufacture of chemical, pharmaceutical, rubber and plastic products",Tonnes,Undefined,Units,862254.9978942832
2016,Hazardous waste generated (absolute number),,Manufacture of other non-metallic mineral products,Tonnes,Undefined,Units,45023.514068378805
2016,Hazardous waste generated (absolute number),,"Manufacture of basic metals and fabricated metal products, except machinery and equipment",Tonnes,Undefined,Units,153588.62264726617
2016,Hazardous waste generated (absolute number),,"Manufacture of computer, electronic and optical products, electrical equipment, motor vehicles and other transport equipment",Tonnes,Undefined,Units,51493.73412791624
2016,Hazardous waste generated (absolute number),,"Manufacture of furniture, jewellery, musical instruments, toys, repair and installation or machinery and equipment",Tonnes,Undefined,Units,12437.938592211232
2016,Hazardous waste generated (absolute number),,"Electricity, gas, steam and air conditioning supply",Tonnes,Undefined,Units,79345.53085272002
2016,Hazardous waste generated (absolute number),,"Water collection, treatment and supply, sewerage, remediation activities and other waste management services",Tonnes,Undefined,Units,5994.974276152929
2016,Hazardous waste generated (absolute number),,Construction,Tonnes,Undefined,Units,800534.6614230361
2016,Hazardous waste generated (absolute number),,Services (except wholesale of waste and scrap),Tonnes,Undefined,Units,1629748.5257388682
2016,Hazardous waste generated (absolute number),,Households,Tonnes,Undefined,Units,363439.53368479415
2016,Hazardous waste generated (absolute number),,,Tonnes,Undefined,Units,4505384.311884105
