Year,Series,Age,Sex,Country of birth,Disability status,Ethnicity,Ethnic group,Household income,Region,Urban or rural,Sexual orientation,Highest qualification,Observation status,Unit multiplier,Units,GeoCode,Value
2001/02,Proportion of population who feel safe walking alone after dark,,,,,,,,,,,,Normal value,Units,Percentage (%),,68.08609377647656
2001/02,Proportion of population who feel safe walking alone after dark,,Female,,,,,,,,,,Normal value,Units,Percentage (%),,53.096617922848345
2001/02,Proportion of population who feel safe walking alone after dark,,Male,,,,,,,,,,Normal value,Units,Percentage (%),,84.03549880314391
2002/03,Proportion of population who feel safe walking alone after dark,,Female,,,,,,,,,,Normal value,Units,Percentage (%),,50.44783516964759
2002/03,Proportion of population who feel safe walking alone after dark,,Male,,,,,,,,,,Normal value,Units,Percentage (%),,81.96650072375839
2002/03,Proportion of population who feel safe walking alone after dark,,,,,,,,,,,,Normal value,Units,Percentage (%),,65.71513079673647
2003/04,Proportion of population who feel safe walking alone after dark,,Female,,,,,,,,,,Normal value,Units,Percentage (%),,53.25797600438492
2003/04,Proportion of population who feel safe walking alone after dark,,Male,,,,,,,,,,Normal value,Units,Percentage (%),,83.60368269869024
2003/04,Proportion of population who feel safe walking alone after dark,,,,,,,,,,,,Normal value,Units,Percentage (%),,67.98317450562118
2004/05,Proportion of population who feel safe walking alone after dark,,Female,,,,,,,,,,Normal value,Units,Percentage (%),,56.55094237556175
2004/05,Proportion of population who feel safe walking alone after dark,,Male,,,,,,,,,,Normal value,Units,Percentage (%),,84.80284274385487
2004/05,Proportion of population who feel safe walking alone after dark,,,,,,,,,,,,Normal value,Units,Percentage (%),,70.26242897022688
2005/06,Proportion of population who feel safe walking alone after dark,,Female,,,,,,,,,,Normal value,Units,Percentage (%),,54.56886977947831
2005/06,Proportion of population who feel safe walking alone after dark,,Male,,,,,,,,,,Normal value,Units,Percentage (%),,82.81551117478963
2005/06,Proportion of population who feel safe walking alone after dark,,,,,,,,,,,,Normal value,Units,Percentage (%),,68.27897624231028
2006/07,Proportion of population who feel safe walking alone after dark,,Female,,,,,,,,,,Normal value,Units,Percentage (%),,55.9485120177003
2006/07,Proportion of population who feel safe walking alone after dark,,Male,,,,,,,,,,Normal value,Units,Percentage (%),,82.89045800167682
2006/07,Proportion of population who feel safe walking alone after dark,,,,,,,,,,,,Normal value,Units,Percentage (%),,69.03893532593428
2007/08,Proportion of population who feel safe walking alone after dark,,Female,,,,,,,,,,Normal value,Units,Percentage (%),,56.334441511193866
2007/08,Proportion of population who feel safe walking alone after dark,,Male,,,,,,,,,,Normal value,Units,Percentage (%),,83.03751375719125
2007/08,Proportion of population who feel safe walking alone after dark,,,,,,,,,,,,Normal value,Units,Percentage (%),,69.32177030234246
2008/09,Proportion of population who feel safe walking alone after dark,,Female,,,,,,,,,,Normal value,Units,Percentage (%),,57.39225210700855
2008/09,Proportion of population who feel safe walking alone after dark,,Male,,,,,,,,,,Normal value,Units,Percentage (%),,83.39308686861618
2008/09,Proportion of population who feel safe walking alone after dark,,,,,,,,,,,,Normal value,Units,Percentage (%),,70.04666565093463
2009/10,Proportion of population who feel safe walking alone after dark,,Female,,,,,,,,,,Normal value,Units,Percentage (%),,60.94367969347289
2009/10,Proportion of population who feel safe walking alone after dark,,Male,,,,,,,,,,Normal value,Units,Percentage (%),,84.73876559170024
2009/10,Proportion of population who feel safe walking alone after dark,,,,,,,,,,,,Normal value,Units,Percentage (%),,72.53356924800842
2010/11,Proportion of population who feel safe walking alone after dark,,Female,,,,,,,,,,Normal value,Units,Percentage (%),,63.54408855640662
2010/11,Proportion of population who feel safe walking alone after dark,,Male,,,,,,,,,,Normal value,Units,Percentage (%),,86.08563182994014
2010/11,Proportion of population who feel safe walking alone after dark,,,,,,,,,,,,Normal value,Units,Percentage (%),,74.53675390817087
2011/12,Proportion of population who feel safe walking alone after dark,,Female,,,,,,,,,,Normal value,Units,Percentage (%),,64.48216164655682
2011/12,Proportion of population who feel safe walking alone after dark,,Male,,,,,,,,,,Normal value,Units,Percentage (%),,87.08260300311319
2011/12,Proportion of population who feel safe walking alone after dark,,,,,,,,,,,,Normal value,Units,Percentage (%),,75.51578593894111
2012/13,Proportion of population who feel safe walking alone after dark,,Female,,,,,,,,,,Normal value,Units,Percentage (%),,56.6509335295144
2012/13,Proportion of population who feel safe walking alone after dark,,Male,,,,,,,,,,Normal value,Units,Percentage (%),,84.7228885052252
2012/13,Proportion of population who feel safe walking alone after dark,,,,,,,,,,,,Normal value,Units,Percentage (%),,70.4816186669451
2013/14,Proportion of population who feel safe walking alone after dark,,Female,,,,,,,,,,Normal value,Units,Percentage (%),,57.95424582600218
2013/14,Proportion of population who feel safe walking alone after dark,,Male,,,,,,,,,,Normal value,Units,Percentage (%),,85.08356364056478
2013/14,Proportion of population who feel safe walking alone after dark,,,,,,,,,,,,Normal value,Units,Percentage (%),,71.24689954764844
2014/15,Proportion of population who feel safe walking alone after dark,,Female,,,,,,,,,,Normal value,Units,Percentage (%),,61.81505205936627
2014/15,Proportion of population who feel safe walking alone after dark,,Male,,,,,,,,,,Normal value,Units,Percentage (%),,85.75433770838818
2014/15,Proportion of population who feel safe walking alone after dark,,,,,,,,,,,,Normal value,Units,Percentage (%),,73.6875703571393
2015/16,Proportion of population who feel safe walking alone after dark,,Female,,,,,,,,,,Normal value,Units,Percentage (%),,61.70598040835485
2015/16,Proportion of population who feel safe walking alone after dark,,Male,,,,,,,,,,Normal value,Units,Percentage (%),,87.8726364451006
2015/16,Proportion of population who feel safe walking alone after dark,,,,,,,,,,,,Normal value,Units,Percentage (%),,74.70836037038079
2016/17,Proportion of population who feel safe walking alone after dark,,,,,,,,,,,,Normal value,Units,Percentage (%),,
2017/18,Proportion of population who feel safe walking alone after dark,,,,,,,,North East,,,,Normal value,Units,Percentage (%),E12000001,72.13568101
2017/18,Proportion of population who feel safe walking alone after dark,,,,,,,,North West,,,,Normal value,Units,Percentage (%),E12000002,76.47150371
2017/18,Proportion of population who feel safe walking alone after dark,,,,,,,,Yorkshire and The Humber,,,,Normal value,Units,Percentage (%),E12000003,77.00300553
2017/18,Proportion of population who feel safe walking alone after dark,,,,,,,,East Midlands,,,,Normal value,Units,Percentage (%),E12000004,73.37057158
2017/18,Proportion of population who feel safe walking alone after dark,,,,,,,,West Midlands,,,,Normal value,Units,Percentage (%),E12000005,68.48863783
2017/18,Proportion of population who feel safe walking alone after dark,,,,,,,,East,,,,Normal value,Units,Percentage (%),E12000006,73.21421362
2017/18,Proportion of population who feel safe walking alone after dark,,,,,,,,London,,,,Normal value,Units,Percentage (%),E12000007,72.2907938
2017/18,Proportion of population who feel safe walking alone after dark,,,,,,,,South East,,,,Normal value,Units,Percentage (%),E12000008,77.7169555
2017/18,Proportion of population who feel safe walking alone after dark,,,,,,,,South West,,,,Normal value,Units,Percentage (%),E12000009,80.77707118
2017/18,Proportion of population who feel safe walking alone after dark,,,,,,,,Wales,,,,Normal value,Units,Percentage (%),W92000004,81.43447067
2017/18,Proportion of population who feel safe walking alone after dark,,Female,,,,,,,,,,Normal value,Units,Percentage (%),,63.74953488284568
2017/18,Proportion of population who feel safe walking alone after dark,16 to 24,Female,,,,,,,,,,Normal value,Units,Percentage (%),,65.13337433
2017/18,Proportion of population who feel safe walking alone after dark,25 to 34,Female,,,,,,,,,,Normal value,Units,Percentage (%),,66.419576
2017/18,Proportion of population who feel safe walking alone after dark,35 to 44,Female,,,,,,,,,,Normal value,Units,Percentage (%),,67.46390399
2017/18,Proportion of population who feel safe walking alone after dark,45 to 54,Female,,,,,,,,,,Normal value,Units,Percentage (%),,65.67401763
2017/18,Proportion of population who feel safe walking alone after dark,55 to 64,Female,,,,,,,,,,Normal value,Units,Percentage (%),,64.4565555
2017/18,Proportion of population who feel safe walking alone after dark,65 to 74,Female,,,,,,,,,,Normal value,Units,Percentage (%),,58.25077059
2017/18,Proportion of population who feel safe walking alone after dark,75 and over,Female,,,,,,,,,,Normal value,Units,Percentage (%),,54.10797382
2017/18,Proportion of population who feel safe walking alone after dark,,Male,,,,,,,,,,Normal value,Units,Percentage (%),,87.16786062260739
2017/18,Proportion of population who feel safe walking alone after dark,16 to 24,Male,,,,,,,,,,Normal value,Units,Percentage (%),,89.16639631
2017/18,Proportion of population who feel safe walking alone after dark,25 to 34,Male,,,,,,,,,,Normal value,Units,Percentage (%),,87.39048872
2017/18,Proportion of population who feel safe walking alone after dark,35 to 44,Male,,,,,,,,,,Normal value,Units,Percentage (%),,88.42503011
2017/18,Proportion of population who feel safe walking alone after dark,45 to 54,Male,,,,,,,,,,Normal value,Units,Percentage (%),,90.92815488
2017/18,Proportion of population who feel safe walking alone after dark,55 to 64,Male,,,,,,,,,,Normal value,Units,Percentage (%),,86.01610228
2017/18,Proportion of population who feel safe walking alone after dark,65 to 74,Male,,,,,,,,,,Normal value,Units,Percentage (%),,84.26633697
2017/18,Proportion of population who feel safe walking alone after dark,75 and over,Male,,,,,,,,,,Normal value,Units,Percentage (%),,80.00095654
2017/18,Proportion of population who feel safe walking alone after dark,,,,,,,,,,,,Normal value,Units,Percentage (%),,75.2219777184439
2017/18,Proportion of population who feel safe walking alone after dark,16 to 24,,,,,,,,,,,Normal value,Units,Percentage (%),,76.97541886
2017/18,Proportion of population who feel safe walking alone after dark,25 to 34,,,,,,,,,,,Normal value,Units,Percentage (%),,77.01368031
2017/18,Proportion of population who feel safe walking alone after dark,35 to 44,,,,,,,,,,,Normal value,Units,Percentage (%),,77.95679948
2017/18,Proportion of population who feel safe walking alone after dark,45 to 54,,,,,,,,,,,Normal value,Units,Percentage (%),,78.12526752
2017/18,Proportion of population who feel safe walking alone after dark,55 to 64,,,,,,,,,,,Normal value,Units,Percentage (%),,74.81302419
2017/18,Proportion of population who feel safe walking alone after dark,65 to 74,,,,,,,,,,,Normal value,Units,Percentage (%),,70.45375257
2017/18,Proportion of population who feel safe walking alone after dark,75 and over,,,,,,,,,,,Normal value,Units,Percentage (%),,66.46329694
2017/18,Proportion of population who feel safe walking alone after dark,,,,,White,,,,,,,Normal value,Units,Percentage (%),,76.03719811
2017/18,Proportion of population who feel safe walking alone after dark,,,,,White,English/Welsh/Scottish/Northern Irish/British,,,,,,Normal value,Units,Percentage (%),,76.19900083
2017/18,Proportion of population who feel safe walking alone after dark,,,,,White,Irish,,,,,,Normal value,Units,Percentage (%),,73.07632794
2017/18,Proportion of population who feel safe walking alone after dark,,,,,White,Any other White background,,,,,,Normal value,Units,Percentage (%),,74.64943342
2017/18,Proportion of population who feel safe walking alone after dark,,,,,Mixed/Multiple ethnic background,,,,,,,Normal value,Units,Percentage (%),,79.20927779
2017/18,Proportion of population who feel safe walking alone after dark,,,,,Asian/Asian British,,,,,,,Normal value,Units,Percentage (%),,65.10010961
2017/18,Proportion of population who feel safe walking alone after dark,,,,,Asian/Asian British,Indian,,,,,,Normal value,Units,Percentage (%),,61.39216943
2017/18,Proportion of population who feel safe walking alone after dark,,,,,Asian/Asian British,Pakistani,,,,,,Normal value,Units,Percentage (%),,62.53960311
2017/18,Proportion of population who feel safe walking alone after dark,,,,,Asian/Asian British,Any other Asian background,,,,,,Normal value,Units,Percentage (%),,70.12885334
2017/18,Proportion of population who feel safe walking alone after dark,,,,,Black/African/Caribbean/Black British,,,,,,,Normal value,Units,Percentage (%),,76.49473249
2017/18,Proportion of population who feel safe walking alone after dark,,,,,Black/African/Caribbean/Black British,African,,,,,,Normal value,Units,Percentage (%),,74.92607511
2017/18,Proportion of population who feel safe walking alone after dark,,,,,Black/African/Caribbean/Black British,Caribbean,,,,,,Normal value,Units,Percentage (%),,85.23406325
2017/18,Proportion of population who feel safe walking alone after dark,,,,,Other ethnic group,,,,,,,Normal value,Units,Percentage (%),,77.59134016
2017/18,Proportion of population who feel safe walking alone after dark,,,,,Other ethnic group,Any other ethnic group,,,,,,Normal value,Units,Percentage (%),,76.27382714
2017/18,Proportion of population who feel safe walking alone after dark,,,Born in UK,,,,,,,,,Normal value,Units,Percentage (%),,76.15675162
2017/18,Proportion of population who feel safe walking alone after dark,,,Not born in UK,,,,,,,,,Normal value,Units,Percentage (%),,70.84039142
2017/18,Proportion of population who feel safe walking alone after dark,,,,,,,"Less than £10,400",,,,,Normal value,Units,Percentage (%),,64.02917865
2017/18,Proportion of population who feel safe walking alone after dark,,,,,,,"£10,400 to less than £20,800",,,,,Normal value,Units,Percentage (%),,68.3370455
2017/18,Proportion of population who feel safe walking alone after dark,,,,,,,"£20,800 to less than £31,200",,,,,Normal value,Units,Percentage (%),,75.49064361
2017/18,Proportion of population who feel safe walking alone after dark,,,,,,,"£31,200 to less than £41,600",,,,,Normal value,Units,Percentage (%),,77.81187157
2017/18,Proportion of population who feel safe walking alone after dark,,,,,,,"£41,600 to less than £52,000",,,,,Normal value,Units,Percentage (%),,77.74074978
2017/18,Proportion of population who feel safe walking alone after dark,,,,,,,"£52,000 or more",,,,,Normal value,Units,Percentage (%),,85.34316591
2017/18,Proportion of population who feel safe walking alone after dark,,,,,,,No income stated or not enough information provided,,,,,Normal value,Units,Percentage (%),,69.07494721
2018/19,Proportion of population who feel safe walking alone after dark,,,,,,,,East,,,,Normal value,Units,Percentage (%),E12000006,78.28681079754766
2018/19,Proportion of population who feel safe walking alone after dark,,,,,,,,East Midlands,,,,Normal value,Units,Percentage (%),E12000004,79.30637433402521
2018/19,Proportion of population who feel safe walking alone after dark,,,,,,,,London,,,,Normal value,Units,Percentage (%),E12000007,74.51738341580496
2018/19,Proportion of population who feel safe walking alone after dark,,,,,,,,North East,,,,Normal value,Units,Percentage (%),E12000001,74.55468688376641
2018/19,Proportion of population who feel safe walking alone after dark,,,,,,,,North West,,,,Normal value,Units,Percentage (%),E12000002,77.24722342281228
2018/19,Proportion of population who feel safe walking alone after dark,,,,,,,,South East,,,,Normal value,Units,Percentage (%),E12000008,81.4457544935554
2018/19,Proportion of population who feel safe walking alone after dark,,,,,,,,South West,,,,Normal value,Units,Percentage (%),E12000009,85.0036375152492
2018/19,Proportion of population who feel safe walking alone after dark,,,,,,,,Wales,,,,Normal value,Units,Percentage (%),W92000004,82.50008598214113
2018/19,Proportion of population who feel safe walking alone after dark,,,,,,,,West Midlands,,,,Normal value,Units,Percentage (%),E12000005,73.39975941331028
2018/19,Proportion of population who feel safe walking alone after dark,,,,,,,,Yorkshire and The Humber,,,,Normal value,Units,Percentage (%),E12000003,79.4401074628456
2018/19,Proportion of population who feel safe walking alone after dark,,Female,,,,,,,,,,Normal value,Units,Percentage (%),,68.81072249215667
2018/19,Proportion of population who feel safe walking alone after dark,16 to 24,Female,,,,,,,,,,Normal value,Units,Percentage (%),,69.05765998777194
2018/19,Proportion of population who feel safe walking alone after dark,25 to 34,Female,,,,,,,,,,Normal value,Units,Percentage (%),,73.82404259236019
2018/19,Proportion of population who feel safe walking alone after dark,35 to 44,Female,,,,,,,,,,Normal value,Units,Percentage (%),,70.62110623992287
2018/19,Proportion of population who feel safe walking alone after dark,45 to 54,Female,,,,,,,,,,Normal value,Units,Percentage (%),,69.40956631805936
2018/19,Proportion of population who feel safe walking alone after dark,55 to 64,Female,,,,,,,,,,Normal value,Units,Percentage (%),,69.89969095074123
2018/19,Proportion of population who feel safe walking alone after dark,65 to 74,Female,,,,,,,,,,Normal value,Units,Percentage (%),,65.34300363119706
2018/19,Proportion of population who feel safe walking alone after dark,75 and over,Female,,,,,,,,,,Normal value,Units,Percentage (%),,59.93864362189636
2018/19,Proportion of population who feel safe walking alone after dark,,Male,,,,,,,,,,Normal value,Units,Percentage (%),,88.35775144994396
2018/19,Proportion of population who feel safe walking alone after dark,16 to 24,Male,,,,,,,,,,Normal value,Units,Percentage (%),,91.21439964316546
2018/19,Proportion of population who feel safe walking alone after dark,25 to 34,Male,,,,,,,,,,Normal value,Units,Percentage (%),,90.67450594442457
2018/19,Proportion of population who feel safe walking alone after dark,35 to 44,Male,,,,,,,,,,Normal value,Units,Percentage (%),,88.3222119933392
2018/19,Proportion of population who feel safe walking alone after dark,45 to 54,Male,,,,,,,,,,Normal value,Units,Percentage (%),,87.95703176013215
2018/19,Proportion of population who feel safe walking alone after dark,55 to 64,Male,,,,,,,,,,Normal value,Units,Percentage (%),,88.53319337056503
2018/19,Proportion of population who feel safe walking alone after dark,65 to 74,Male,,,,,,,,,,Normal value,Units,Percentage (%),,84.18782723645066
2018/19,Proportion of population who feel safe walking alone after dark,75 and over,Male,,,,,,,,,,Normal value,Units,Percentage (%),,85.3682325564091
2018/19,Proportion of population who feel safe walking alone after dark,,,,Disabled (GSS harmonised),,,,,,,,Normal value,Units,Percentage (%),,63.64163116961257
2018/19,Proportion of population who feel safe walking alone after dark,,,,Non-disabled (GSS harmonised),,,,,,,,Normal value,Units,Percentage (%),,81.32498048789061
2018/19,Proportion of population who feel safe walking alone after dark,,,,,,,,,,,,Normal value,Units,Percentage (%),,78.41676293133546
2018/19,Proportion of population who feel safe walking alone after dark,16 to 24,,,,,,,,,,,Normal value,Units,Percentage (%),,80.26767232704465
2018/19,Proportion of population who feel safe walking alone after dark,25 to 34,,,,,,,,,,,Normal value,Units,Percentage (%),,82.40233909730615
2018/19,Proportion of population who feel safe walking alone after dark,35 to 44,,,,,,,,,,,Normal value,Units,Percentage (%),,79.4084263958582
2018/19,Proportion of population who feel safe walking alone after dark,45 to 54,,,,,,,,,,,Normal value,Units,Percentage (%),,78.86493418980255
2018/19,Proportion of population who feel safe walking alone after dark,55 to 64,,,,,,,,,,,Normal value,Units,Percentage (%),,78.97175330972198
2018/19,Proportion of population who feel safe walking alone after dark,65 to 74,,,,,,,,,,,Normal value,Units,Percentage (%),,73.96338701112634
2018/19,Proportion of population who feel safe walking alone after dark,75 and over,,,,,,,,,,,Normal value,Units,Percentage (%),,71.37582048947397
2018/19,Proportion of population who feel safe walking alone after dark,,,,,White,,,,,,,Normal value,Units,Percentage (%),,78.81217145729046
2018/19,Proportion of population who feel safe walking alone after dark,,,,,White,English/Welsh/Scottish/Northern Irish/British,,,,,,Normal value,Units,Percentage (%),,78.7523797930001
2018/19,Proportion of population who feel safe walking alone after dark,,,,,White,Irish,,,,,,Normal value,Units,Percentage (%),,74.9862028800316
2018/19,Proportion of population who feel safe walking alone after dark,,,,,White,Any other White background,,,,,,Normal value,Units,Percentage (%),,79.84218147531351
2018/19,Proportion of population who feel safe walking alone after dark,,,,,Mixed/Multiple ethnic background,,,,,,,Normal value,Units,Percentage (%),,84.75593746705765
2018/19,Proportion of population who feel safe walking alone after dark,,,,,Asian/Asian British,,,,,,,Normal value,Units,Percentage (%),,75.27839954474747
2018/19,Proportion of population who feel safe walking alone after dark,,,,,Asian/Asian British,Indian,,,,,,Normal value,Units,Percentage (%),,73.46391719535835
2018/19,Proportion of population who feel safe walking alone after dark,,,,,Asian/Asian British,Pakistani,,,,,,Normal value,Units,Percentage (%),,74.43152249321248
2018/19,Proportion of population who feel safe walking alone after dark,,,,,Asian/Asian British,Bangladeshi,,,,,,Normal value,Units,Percentage (%),,69.517298812181
2018/19,Proportion of population who feel safe walking alone after dark,,,,,Asian/Asian British,Any other Asian background,,,,,,Normal value,Units,Percentage (%),,77.96376902459552
2018/19,Proportion of population who feel safe walking alone after dark,,,,,Black/African/Caribbean/Black British,,,,,,,Normal value,Units,Percentage (%),,77.05079735468706
2018/19,Proportion of population who feel safe walking alone after dark,,,,,Black/African/Caribbean/Black British,African,,,,,,Normal value,Units,Percentage (%),,74.05557140374054
2018/19,Proportion of population who feel safe walking alone after dark,,,,,Black/African/Caribbean/Black British,Caribbean,,,,,,Normal value,Units,Percentage (%),,81.39877737252117
2018/19,Proportion of population who feel safe walking alone after dark,,,,,Other ethnic group,,,,,,,Normal value,Units,Percentage (%),,65.92666573022196
2018/19,Proportion of population who feel safe walking alone after dark,,,Born in UK,,,,,,,,,Normal value,Units,Percentage (%),,78.54333145981356
2018/19,Proportion of population who feel safe walking alone after dark,,,Not born in UK,,,,,,,,,Normal value,Units,Percentage (%),,77.72011442294882
2019/20,Proportion of population who feel safe walking alone after dark,,,,,,,,East,,,,Normal value,Units,Percentage (%),E12000006,77.70847618897513
2019/20,Proportion of population who feel safe walking alone after dark,,,,,,,,East Midlands,,,,Normal value,Units,Percentage (%),E12000004,75.89910596609465
2019/20,Proportion of population who feel safe walking alone after dark,,,,,,,,London,,,,Normal value,Units,Percentage (%),E12000007,75.95050746283611
2019/20,Proportion of population who feel safe walking alone after dark,,,,,,,,North East,,,,Normal value,Units,Percentage (%),E12000001,76.98902630026375
2019/20,Proportion of population who feel safe walking alone after dark,,,,,,,,North West,,,,Normal value,Units,Percentage (%),E12000002,77.45575886844394
2019/20,Proportion of population who feel safe walking alone after dark,,,,,,,,South East,,,,Normal value,Units,Percentage (%),E12000008,81.60204285317506
2019/20,Proportion of population who feel safe walking alone after dark,,,,,,,,South West,,,,Normal value,Units,Percentage (%),E12000009,82.7700556171558
2019/20,Proportion of population who feel safe walking alone after dark,,,,,,,,Wales,,,,Normal value,Units,Percentage (%),W92000004,85.35156907374639
2019/20,Proportion of population who feel safe walking alone after dark,,,,,,,,West Midlands,,,,Normal value,Units,Percentage (%),E12000005,70.70317133346681
2019/20,Proportion of population who feel safe walking alone after dark,,,,,,,,Yorkshire and The Humber,,,,Normal value,Units,Percentage (%),E12000003,75.58187511158661
2019/20,Proportion of population who feel safe walking alone after dark,,Female,,,,,,,,,,Normal value,Units,Percentage (%),,68.99553805118843
2019/20,Proportion of population who feel safe walking alone after dark,16 to 24,Female,,,,,,,,,,Normal value,Units,Percentage (%),,74.01473807641497
2019/20,Proportion of population who feel safe walking alone after dark,25 to 34,Female,,,,,,,,,,Normal value,Units,Percentage (%),,68.98324688775531
2019/20,Proportion of population who feel safe walking alone after dark,35 to 44,Female,,,,,,,,,,Normal value,Units,Percentage (%),,71.13065473423107
2019/20,Proportion of population who feel safe walking alone after dark,45 to 54,Female,,,,,,,,,,Normal value,Units,Percentage (%),,70.3985369297277
2019/20,Proportion of population who feel safe walking alone after dark,55 to 64,Female,,,,,,,,,,Normal value,Units,Percentage (%),,70.32949299579319
2019/20,Proportion of population who feel safe walking alone after dark,65 to 74,Female,,,,,,,,,,Normal value,Units,Percentage (%),,67.57493224732468
2019/20,Proportion of population who feel safe walking alone after dark,75 and over,Female,,,,,,,,,,Normal value,Units,Percentage (%),,58.42508272380803
2019/20,Proportion of population who feel safe walking alone after dark,,Male,,,,,,,,,,Normal value,Units,Percentage (%),,86.83011684809004
2019/20,Proportion of population who feel safe walking alone after dark,16 to 24,Male,,,,,,,,,,Normal value,Units,Percentage (%),,85.79478498104551
2019/20,Proportion of population who feel safe walking alone after dark,25 to 34,Male,,,,,,,,,,Normal value,Units,Percentage (%),,89.46697571128536
2019/20,Proportion of population who feel safe walking alone after dark,35 to 44,Male,,,,,,,,,,Normal value,Units,Percentage (%),,88.40737324741946
2019/20,Proportion of population who feel safe walking alone after dark,45 to 54,Male,,,,,,,,,,Normal value,Units,Percentage (%),,89.71567539555367
2019/20,Proportion of population who feel safe walking alone after dark,55 to 64,Male,,,,,,,,,,Normal value,Units,Percentage (%),,86.02061580014241
2019/20,Proportion of population who feel safe walking alone after dark,65 to 74,Male,,,,,,,,,,Normal value,Units,Percentage (%),,83.38857874986357
2019/20,Proportion of population who feel safe walking alone after dark,75 and over,Male,,,,,,,,,,Normal value,Units,Percentage (%),,79.59228841316175
2019/20,Proportion of population who feel safe walking alone after dark,,,,Non-disabled (GSS harmonised),,,,,,,,Normal value,Units,Percentage (%),,80.61527371096132
2019/20,Proportion of population who feel safe walking alone after dark,,,,Disabled (GSS harmonised),,,,,,,,Normal value,Units,Percentage (%),,63.4823693253464
2019/20,Proportion of population who feel safe walking alone after dark,,,,,,,,,,,,Normal value,Units,Percentage (%),,77.84645681302179
2019/20,Proportion of population who feel safe walking alone after dark,16 to 24,,,,,,,,,,,Normal value,Units,Percentage (%),,80.12869771552586
2019/20,Proportion of population who feel safe walking alone after dark,25 to 34,,,,,,,,,,,Normal value,Units,Percentage (%),,79.508350295058
2019/20,Proportion of population who feel safe walking alone after dark,35 to 44,,,,,,,,,,,Normal value,Units,Percentage (%),,80.13446165880262
2019/20,Proportion of population who feel safe walking alone after dark,45 to 54,,,,,,,,,,,Normal value,Units,Percentage (%),,79.86600818259623
2019/20,Proportion of population who feel safe walking alone after dark,55 to 64,,,,,,,,,,,Normal value,Units,Percentage (%),,78.17376536292647
2019/20,Proportion of population who feel safe walking alone after dark,65 to 74,,,,,,,,,,,Normal value,Units,Percentage (%),,74.98005118970329
2019/20,Proportion of population who feel safe walking alone after dark,75 and over,,,,,,,,,,,Normal value,Units,Percentage (%),,67.58099568980793
2019/20,Proportion of population who feel safe walking alone after dark,,,,,White,,,,,,,Normal value,Units,Percentage (%),,78.41391707570313
2019/20,Proportion of population who feel safe walking alone after dark,,,,,White,English/Welsh/Scottish/Northern Irish/British,,,,,,Normal value,Units,Percentage (%),,78.32918086678458
2019/20,Proportion of population who feel safe walking alone after dark,,,,,White,Irish,,,,,,Normal value,Units,Percentage (%),,77.65466398264351
2019/20,Proportion of population who feel safe walking alone after dark,,,,,White,Any other White background,,,,,,Normal value,Units,Percentage (%),,79.5579980630285
2019/20,Proportion of population who feel safe walking alone after dark,,,,,Mixed/Multiple ethnic background,,,,,,,Normal value,Units,Percentage (%),,77.95501634727785
2019/20,Proportion of population who feel safe walking alone after dark,,,,,Asian/Asian British,,,,,,,Normal value,Units,Percentage (%),,72.29803961720162
2019/20,Proportion of population who feel safe walking alone after dark,,,,,Asian/Asian British,Indian,,,,,,Normal value,Units,Percentage (%),,76.24178897412816
2019/20,Proportion of population who feel safe walking alone after dark,,,,,Asian/Asian British,Pakistani,,,,,,Normal value,Units,Percentage (%),,66.37979335376163
2019/20,Proportion of population who feel safe walking alone after dark,,,,,Asian/Asian British,Any other Asian background,,,,,,Normal value,Units,Percentage (%),,74.1820633355827
2019/20,Proportion of population who feel safe walking alone after dark,,,,,Black/African/Caribbean/Black British,,,,,,,Normal value,Units,Percentage (%),,77.63093544500984
2019/20,Proportion of population who feel safe walking alone after dark,,,,,Black/African/Caribbean/Black British,African,,,,,,Normal value,Units,Percentage (%),,73.43684872862536
2019/20,Proportion of population who feel safe walking alone after dark,,,,,Black/African/Caribbean/Black British,Caribbean,,,,,,Normal value,Units,Percentage (%),,84.01022168172877
2019/20,Proportion of population who feel safe walking alone after dark,,,,,Other ethnic group,,,,,,,Normal value,Units,Percentage (%),,80.24983930056128
2019/20,Proportion of population who feel safe walking alone after dark,,,Born in UK,,,,,,,,,Normal value,Units,Percentage (%),,78.35186259741008
2019/20,Proportion of population who feel safe walking alone after dark,,,Not born in UK,,,,,,,,,Normal value,Units,Percentage (%),,75.5539694244559
2019/20,Proportion of population who feel safe walking alone after dark,,,,,,,"Less than £10,400",,,,,Normal value,Units,Percentage (%),,66.49974624848282
2019/20,Proportion of population who feel safe walking alone after dark,,,,,,,"£10,400 to less than £20,800",,,,,Normal value,Units,Percentage (%),,71.94108956812019
2019/20,Proportion of population who feel safe walking alone after dark,,,,,,,"£20,800 to less than £31,200",,,,,Normal value,Units,Percentage (%),,73.76682240006
2019/20,Proportion of population who feel safe walking alone after dark,,,,,,,"£31,200 to less than £41,600",,,,,Normal value,Units,Percentage (%),,80.77645895295193
2019/20,Proportion of population who feel safe walking alone after dark,,,,,,,"£41,600 to less than £52,000",,,,,Normal value,Units,Percentage (%),,81.09606586782111
2019/20,Proportion of population who feel safe walking alone after dark,,,,,,,"£52,000 or more",,,,,Normal value,Units,Percentage (%),,85.8228497980259
2020/21,Proportion of population who feel safe walking alone after dark,,,,,,,,,,,,Missing value,Units,Percentage (%),,
2020/21,Proportion of population who feel safe walking alone after dark,16 to 24,,,,,,,,,,,Missing value,Units,Percentage (%),,
2020/21,Proportion of population who feel safe walking alone after dark,25 to 34,,,,,,,,,,,Missing value,Units,Percentage (%),,
2020/21,Proportion of population who feel safe walking alone after dark,35 to 44,,,,,,,,,,,Missing value,Units,Percentage (%),,
2020/21,Proportion of population who feel safe walking alone after dark,45 to 54,,,,,,,,,,,Missing value,Units,Percentage (%),,
2020/21,Proportion of population who feel safe walking alone after dark,55 to 64,,,,,,,,,,,Missing value,Units,Percentage (%),,
2020/21,Proportion of population who feel safe walking alone after dark,65 to 74,,,,,,,,,,,Missing value,Units,Percentage (%),,
2020/21,Proportion of population who feel safe walking alone after dark,75 and over,,,,,,,,,,,Missing value,Units,Percentage (%),,
2020/21,Proportion of population who feel safe walking alone after dark,,,,,White,,,,,,,Missing value,Units,Percentage (%),,
2020/21,Proportion of population who feel safe walking alone after dark,,,,,White,English/Welsh/Scottish/Northern Irish/British,,,,,,Missing value,Units,Percentage (%),,
2020/21,Proportion of population who feel safe walking alone after dark,,,,,White,Irish,,,,,,Missing value,Units,Percentage (%),,
2020/21,Proportion of population who feel safe walking alone after dark,,,,,White,Any other White background,,,,,,Missing value,Units,Percentage (%),,
2020/21,Proportion of population who feel safe walking alone after dark,,,,,Mixed/Multiple ethnic background,,,,,,,Missing value,Units,Percentage (%),,
2020/21,Proportion of population who feel safe walking alone after dark,,,,,Asian/Asian British,,,,,,,Missing value,Units,Percentage (%),,
2020/21,Proportion of population who feel safe walking alone after dark,,,,,Asian/Asian British,Indian,,,,,,Missing value,Units,Percentage (%),,
2020/21,Proportion of population who feel safe walking alone after dark,,,,,Asian/Asian British,Pakistani,,,,,,Missing value,Units,Percentage (%),,
2020/21,Proportion of population who feel safe walking alone after dark,,,,,Asian/Asian British,Any other Asian background,,,,,,Missing value,Units,Percentage (%),,
2020/21,Proportion of population who feel safe walking alone after dark,,,,,Black/African/Caribbean/Black British,,,,,,,Missing value,Units,Percentage (%),,
2020/21,Proportion of population who feel safe walking alone after dark,,,,,Black/African/Caribbean/Black British,African,,,,,,Missing value,Units,Percentage (%),,
2020/21,Proportion of population who feel safe walking alone after dark,,,,,Black/African/Caribbean/Black British,Caribbean,,,,,,Missing value,Units,Percentage (%),,
2020/21,Proportion of population who feel safe walking alone after dark,,,,,Other ethnic group,,,,,,,Missing value,Units,Percentage (%),,
2020/21,Proportion of population who feel safe walking alone after dark,,,Born in UK,,,,,,,,,Missing value,Units,Percentage (%),,
2020/21,Proportion of population who feel safe walking alone after dark,,,Not born in UK,,,,,,,,,Missing value,Units,Percentage (%),,
2020/21,Proportion of population who feel safe walking alone after dark,,,,,,,"Less than £10,400",,,,,Missing value,Units,Percentage (%),,
2020/21,Proportion of population who feel safe walking alone after dark,,,,,,,"£10,400 to less than £20,800",,,,,Missing value,Units,Percentage (%),,
2020/21,Proportion of population who feel safe walking alone after dark,,,,,,,"£20,800 to less than £31,200",,,,,Missing value,Units,Percentage (%),,
2020/21,Proportion of population who feel safe walking alone after dark,,,,,,,"£31,200 to less than £41,600",,,,,Missing value,Units,Percentage (%),,
2020/21,Proportion of population who feel safe walking alone after dark,,,,,,,"£41,600 to less than £52,000",,,,,Missing value,Units,Percentage (%),,
2020/21,Proportion of population who feel safe walking alone after dark,,,,,,,"£52,000 or more",,,,,Missing value,Units,Percentage (%),,
2020/21,Proportion of population who feel safe walking alone after dark,,,,,,,,East,,,,Missing value,Units,Percentage (%),E12000006,
2020/21,Proportion of population who feel safe walking alone after dark,,,,,,,,East Midlands,,,,Missing value,Units,Percentage (%),E12000004,
2020/21,Proportion of population who feel safe walking alone after dark,,,,,,,,London,,,,Missing value,Units,Percentage (%),E12000007,
2020/21,Proportion of population who feel safe walking alone after dark,,,,,,,,North East,,,,Missing value,Units,Percentage (%),E12000001,
2020/21,Proportion of population who feel safe walking alone after dark,,,,,,,,North West,,,,Missing value,Units,Percentage (%),E12000002,
2020/21,Proportion of population who feel safe walking alone after dark,,,,,,,,South East,,,,Missing value,Units,Percentage (%),E12000008,
2020/21,Proportion of population who feel safe walking alone after dark,,,,,,,,South West,,,,Missing value,Units,Percentage (%),E12000009,
2020/21,Proportion of population who feel safe walking alone after dark,,,,,,,,Wales,,,,Missing value,Units,Percentage (%),W92000004,
2020/21,Proportion of population who feel safe walking alone after dark,,,,,,,,West Midlands,,,,Missing value,Units,Percentage (%),E12000005,
2020/21,Proportion of population who feel safe walking alone after dark,,,,,,,,Yorkshire and The Humber,,,,Missing value,Units,Percentage (%),E12000003,
2020/21,Proportion of population who feel safe walking alone after dark,,Female,,,,,,,,,,Missing value,Units,Percentage (%),,
2020/21,Proportion of population who feel safe walking alone after dark,16 to 24,Female,,,,,,,,,,Missing value,Units,Percentage (%),,
2020/21,Proportion of population who feel safe walking alone after dark,25 to 34,Female,,,,,,,,,,Missing value,Units,Percentage (%),,
2020/21,Proportion of population who feel safe walking alone after dark,35 to 44,Female,,,,,,,,,,Missing value,Units,Percentage (%),,
2020/21,Proportion of population who feel safe walking alone after dark,45 to 54,Female,,,,,,,,,,Missing value,Units,Percentage (%),,
2020/21,Proportion of population who feel safe walking alone after dark,55 to 64,Female,,,,,,,,,,Missing value,Units,Percentage (%),,
2020/21,Proportion of population who feel safe walking alone after dark,65 to 74,Female,,,,,,,,,,Missing value,Units,Percentage (%),,
2020/21,Proportion of population who feel safe walking alone after dark,75 and over,Female,,,,,,,,,,Missing value,Units,Percentage (%),,
2020/21,Proportion of population who feel safe walking alone after dark,,Male,,,,,,,,,,Missing value,Units,Percentage (%),,
2020/21,Proportion of population who feel safe walking alone after dark,16 to 24,Male,,,,,,,,,,Missing value,Units,Percentage (%),,
2020/21,Proportion of population who feel safe walking alone after dark,25 to 34,Male,,,,,,,,,,Missing value,Units,Percentage (%),,
2020/21,Proportion of population who feel safe walking alone after dark,35 to 44,Male,,,,,,,,,,Missing value,Units,Percentage (%),,
2020/21,Proportion of population who feel safe walking alone after dark,45 to 54,Male,,,,,,,,,,Missing value,Units,Percentage (%),,
2020/21,Proportion of population who feel safe walking alone after dark,55 to 64,Male,,,,,,,,,,Missing value,Units,Percentage (%),,
2020/21,Proportion of population who feel safe walking alone after dark,65 to 74,Male,,,,,,,,,,Missing value,Units,Percentage (%),,
2020/21,Proportion of population who feel safe walking alone after dark,75 and over,Male,,,,,,,,,,Missing value,Units,Percentage (%),,
2020/21,Proportion of population who feel safe walking alone after dark,,,,Non-disabled (GSS harmonised),,,,,,,,Missing value,Units,Percentage (%),,
2020/21,Proportion of population who feel safe walking alone after dark,,,,Disabled (GSS harmonised),,,,,,,,Missing value,Units,Percentage (%),,
2021/22,Proportion of population who feel safe walking alone after dark,,,,,,,,,,,,Missing value,Units,Percentage (%),,
2021/22,Proportion of population who feel safe walking alone after dark,16 to 24,,,,,,,,,,,Missing value,Units,Percentage (%),,
2021/22,Proportion of population who feel safe walking alone after dark,25 to 34,,,,,,,,,,,Missing value,Units,Percentage (%),,
2021/22,Proportion of population who feel safe walking alone after dark,35 to 44,,,,,,,,,,,Missing value,Units,Percentage (%),,
2021/22,Proportion of population who feel safe walking alone after dark,45 to 54,,,,,,,,,,,Missing value,Units,Percentage (%),,
2021/22,Proportion of population who feel safe walking alone after dark,55 to 64,,,,,,,,,,,Missing value,Units,Percentage (%),,
2021/22,Proportion of population who feel safe walking alone after dark,65 to 74,,,,,,,,,,,Missing value,Units,Percentage (%),,
2021/22,Proportion of population who feel safe walking alone after dark,75 and over,,,,,,,,,,,Missing value,Units,Percentage (%),,
2021/22,Proportion of population who feel safe walking alone after dark,,,,,White,,,,,,,Missing value,Units,Percentage (%),,
2021/22,Proportion of population who feel safe walking alone after dark,,,,,White,English/Welsh/Scottish/Northern Irish/British,,,,,,Missing value,Units,Percentage (%),,
2021/22,Proportion of population who feel safe walking alone after dark,,,,,White,Irish,,,,,,Missing value,Units,Percentage (%),,
2021/22,Proportion of population who feel safe walking alone after dark,,,,,White,Any other White background,,,,,,Missing value,Units,Percentage (%),,
2021/22,Proportion of population who feel safe walking alone after dark,,,,,Mixed/Multiple ethnic background,,,,,,,Missing value,Units,Percentage (%),,
2021/22,Proportion of population who feel safe walking alone after dark,,,,,Asian/Asian British,,,,,,,Missing value,Units,Percentage (%),,
2021/22,Proportion of population who feel safe walking alone after dark,,,,,Asian/Asian British,Indian,,,,,,Missing value,Units,Percentage (%),,
2021/22,Proportion of population who feel safe walking alone after dark,,,,,Asian/Asian British,Pakistani,,,,,,Missing value,Units,Percentage (%),,
2021/22,Proportion of population who feel safe walking alone after dark,,,,,Asian/Asian British,Any other Asian background,,,,,,Missing value,Units,Percentage (%),,
2021/22,Proportion of population who feel safe walking alone after dark,,,,,Black/African/Caribbean/Black British,,,,,,,Missing value,Units,Percentage (%),,
2021/22,Proportion of population who feel safe walking alone after dark,,,,,Black/African/Caribbean/Black British,African,,,,,,Missing value,Units,Percentage (%),,
2021/22,Proportion of population who feel safe walking alone after dark,,,,,Black/African/Caribbean/Black British,Caribbean,,,,,,Missing value,Units,Percentage (%),,
2021/22,Proportion of population who feel safe walking alone after dark,,,,,Other ethnic group,,,,,,,Missing value,Units,Percentage (%),,
2021/22,Proportion of population who feel safe walking alone after dark,,,Born in UK,,,,,,,,,Missing value,Units,Percentage (%),,
2021/22,Proportion of population who feel safe walking alone after dark,,,Not born in UK,,,,,,,,,Missing value,Units,Percentage (%),,
2021/22,Proportion of population who feel safe walking alone after dark,,,,,,,"Less than £10,400",,,,,Missing value,Units,Percentage (%),,
2021/22,Proportion of population who feel safe walking alone after dark,,,,,,,"£10,400 to less than £20,800",,,,,Missing value,Units,Percentage (%),,
2021/22,Proportion of population who feel safe walking alone after dark,,,,,,,"£20,800 to less than £31,200",,,,,Missing value,Units,Percentage (%),,
2021/22,Proportion of population who feel safe walking alone after dark,,,,,,,"£31,200 to less than £41,600",,,,,Missing value,Units,Percentage (%),,
2021/22,Proportion of population who feel safe walking alone after dark,,,,,,,"£41,600 to less than £52,000",,,,,Missing value,Units,Percentage (%),,
2021/22,Proportion of population who feel safe walking alone after dark,,,,,,,"£52,000 or more",,,,,Missing value,Units,Percentage (%),,
2021/22,Proportion of population who feel safe walking alone after dark,,,,,,,,East,,,,Missing value,Units,Percentage (%),E12000006,
2021/22,Proportion of population who feel safe walking alone after dark,,,,,,,,East Midlands,,,,Missing value,Units,Percentage (%),E12000004,
2021/22,Proportion of population who feel safe walking alone after dark,,,,,,,,London,,,,Missing value,Units,Percentage (%),E12000007,
2021/22,Proportion of population who feel safe walking alone after dark,,,,,,,,North East,,,,Missing value,Units,Percentage (%),E12000001,
2021/22,Proportion of population who feel safe walking alone after dark,,,,,,,,North West,,,,Missing value,Units,Percentage (%),E12000002,
2021/22,Proportion of population who feel safe walking alone after dark,,,,,,,,South East,,,,Missing value,Units,Percentage (%),E12000008,
2021/22,Proportion of population who feel safe walking alone after dark,,,,,,,,South West,,,,Missing value,Units,Percentage (%),E12000009,
2021/22,Proportion of population who feel safe walking alone after dark,,,,,,,,Wales,,,,Missing value,Units,Percentage (%),W92000004,
2021/22,Proportion of population who feel safe walking alone after dark,,,,,,,,West Midlands,,,,Missing value,Units,Percentage (%),E12000005,
2021/22,Proportion of population who feel safe walking alone after dark,,,,,,,,Yorkshire and The Humber,,,,Missing value,Units,Percentage (%),E12000003,
2021/22,Proportion of population who feel safe walking alone after dark,,Female,,,,,,,,,,Missing value,Units,Percentage (%),,
2021/22,Proportion of population who feel safe walking alone after dark,16 to 24,Female,,,,,,,,,,Missing value,Units,Percentage (%),,
2021/22,Proportion of population who feel safe walking alone after dark,25 to 34,Female,,,,,,,,,,Missing value,Units,Percentage (%),,
2021/22,Proportion of population who feel safe walking alone after dark,35 to 44,Female,,,,,,,,,,Missing value,Units,Percentage (%),,
2021/22,Proportion of population who feel safe walking alone after dark,45 to 54,Female,,,,,,,,,,Missing value,Units,Percentage (%),,
2021/22,Proportion of population who feel safe walking alone after dark,55 to 64,Female,,,,,,,,,,Missing value,Units,Percentage (%),,
2021/22,Proportion of population who feel safe walking alone after dark,65 to 74,Female,,,,,,,,,,Missing value,Units,Percentage (%),,
2021/22,Proportion of population who feel safe walking alone after dark,75 and over,Female,,,,,,,,,,Missing value,Units,Percentage (%),,
2021/22,Proportion of population who feel safe walking alone after dark,,Male,,,,,,,,,,Missing value,Units,Percentage (%),,
2021/22,Proportion of population who feel safe walking alone after dark,16 to 24,Male,,,,,,,,,,Missing value,Units,Percentage (%),,
2021/22,Proportion of population who feel safe walking alone after dark,25 to 34,Male,,,,,,,,,,Missing value,Units,Percentage (%),,
2021/22,Proportion of population who feel safe walking alone after dark,35 to 44,Male,,,,,,,,,,Missing value,Units,Percentage (%),,
2021/22,Proportion of population who feel safe walking alone after dark,45 to 54,Male,,,,,,,,,,Missing value,Units,Percentage (%),,
2021/22,Proportion of population who feel safe walking alone after dark,55 to 64,Male,,,,,,,,,,Missing value,Units,Percentage (%),,
2021/22,Proportion of population who feel safe walking alone after dark,65 to 74,Male,,,,,,,,,,Missing value,Units,Percentage (%),,
2021/22,Proportion of population who feel safe walking alone after dark,75 and over,Male,,,,,,,,,,Missing value,Units,Percentage (%),,
2021/22,Proportion of population who feel safe walking alone after dark,,,,Non-disabled (GSS harmonised),,,,,,,,Missing value,Units,Percentage (%),,
2021/22,Proportion of population who feel safe walking alone after dark,,,,Disabled (GSS harmonised),,,,,,,,Missing value,Units,Percentage (%),,
2022/23,Proportion of population who feel safe walking alone after dark,,,,,,,,,,,,Normal value,Units,Percentage (%),,79.13920834000582
2022/23,Proportion of population who feel safe walking alone after dark,16 to 24,,,,,,,,,,,Normal value,Units,Percentage (%),,78.2357042717056
2022/23,Proportion of population who feel safe walking alone after dark,25 to 34,,,,,,,,,,,Normal value,Units,Percentage (%),,80.4843617879665
2022/23,Proportion of population who feel safe walking alone after dark,35 to 44,,,,,,,,,,,Normal value,Units,Percentage (%),,80.889279291319
2022/23,Proportion of population who feel safe walking alone after dark,45 to 54,,,,,,,,,,,Normal value,Units,Percentage (%),,82.74083396556752
2022/23,Proportion of population who feel safe walking alone after dark,55 to 64,,,,,,,,,,,Normal value,Units,Percentage (%),,79.50311113515671
2022/23,Proportion of population who feel safe walking alone after dark,65 to 74,,,,,,,,,,,Normal value,Units,Percentage (%),,77.64279343623646
2022/23,Proportion of population who feel safe walking alone after dark,75 and over,,,,,,,,,,,Normal value,Units,Percentage (%),,70.78627769624781
2022/23,Proportion of population who feel safe walking alone after dark,,,,,White,,,,,,,Normal value,Units,Percentage (%),,78.91140128917367
2022/23,Proportion of population who feel safe walking alone after dark,,,,,White,English/Welsh/Scottish/Northern Irish/British,,,,,,Normal value,Units,Percentage (%),,78.97658258596466
2022/23,Proportion of population who feel safe walking alone after dark,,,,,White,Irish,,,,,,Normal value,Units,Percentage (%),,86.75848448487493
2022/23,Proportion of population who feel safe walking alone after dark,,,,,White,Gypsy or Irish Traveller,,,,,,Missing value; suppressed,Units,Percentage (%),,
2022/23,Proportion of population who feel safe walking alone after dark,,,,,White,Any other White background,,,,,,Normal value,Units,Percentage (%),,77.18535579018153
2022/23,Proportion of population who feel safe walking alone after dark,,,,,Mixed/Multiple ethnic background,,,,,,,Normal value,Units,Percentage (%),,78.85655957566692
2022/23,Proportion of population who feel safe walking alone after dark,,,,,Mixed/Multiple ethnic background,White and Black Caribbean,,,,,,Missing value; suppressed,Units,Percentage (%),,
2022/23,Proportion of population who feel safe walking alone after dark,,,,,Mixed/Multiple ethnic background,White and Black African,,,,,,Missing value; suppressed,Units,Percentage (%),,
2022/23,Proportion of population who feel safe walking alone after dark,,,,,Mixed/Multiple ethnic background,White and Asian,,,,,,Missing value; suppressed,Units,Percentage (%),,
2022/23,Proportion of population who feel safe walking alone after dark,,,,,Mixed/Multiple ethnic background,Any other Mixed/Multiple ethnic background,,,,,,Missing value; suppressed,Units,Percentage (%),,
2022/23,Proportion of population who feel safe walking alone after dark,,,,,Asian/Asian British,,,,,,,Normal value,Units,Percentage (%),,80.02047301529034
2022/23,Proportion of population who feel safe walking alone after dark,,,,,Asian/Asian British,Indian,,,,,,Normal value,Units,Percentage (%),,77.8777017182118
2022/23,Proportion of population who feel safe walking alone after dark,,,,,Asian/Asian British,Pakistani,,,,,,Normal value,Units,Percentage (%),,83.82075768753474
2022/23,Proportion of population who feel safe walking alone after dark,,,,,Asian/Asian British,Bangladeshi,,,,,,Missing value; suppressed,Units,Percentage (%),,
2022/23,Proportion of population who feel safe walking alone after dark,,,,,Asian/Asian British,Chinese,,,,,,Missing value; suppressed,Units,Percentage (%),,78.51242006352307
2022/23,Proportion of population who feel safe walking alone after dark,,,,,Asian/Asian British,Any other Asian background,,,,,,Normal value,Units,Percentage (%),,80.40809203689177
2022/23,Proportion of population who feel safe walking alone after dark,,,,,Black/African/Caribbean/Black British,,,,,,,Normal value,Units,Percentage (%),,82.74855442546087
2022/23,Proportion of population who feel safe walking alone after dark,,,,,Black/African/Caribbean/Black British,African,,,,,,Normal value,Units,Percentage (%),,84.09687466243645
2022/23,Proportion of population who feel safe walking alone after dark,,,,,Black/African/Caribbean/Black British,Caribbean,,,,,,Normal value,Units,Percentage (%),,79.55727493058785
2022/23,Proportion of population who feel safe walking alone after dark,,,,,Black/African/Caribbean/Black British,Any other Black/African/Caribbean background,,,,,,Missing value; suppressed,Units,Percentage (%),,
2022/23,Proportion of population who feel safe walking alone after dark,,,,,Other ethnic group,,,,,,,Normal value,Units,Percentage (%),,78.30250240273327
2022/23,Proportion of population who feel safe walking alone after dark,,,,,Other ethnic group,Arab,,,,,,Missing value; suppressed,Units,Percentage (%),,
2022/23,Proportion of population who feel safe walking alone after dark,,,,,Other ethnic group,Any other ethnic group,,,,,,Missing value; suppressed,Units,Percentage (%),,
2022/23,Proportion of population who feel safe walking alone after dark,,,Born in UK,,,,,,,,,Normal value,Units,Percentage (%),,79.33552547304778
2022/23,Proportion of population who feel safe walking alone after dark,,,Not born in UK,,,,,,,,,Normal value,Units,Percentage (%),,78.54341277236819
2022/23,Proportion of population who feel safe walking alone after dark,,,,,,,"Less than £10,400",,,,,Normal value,Units,Percentage (%),,68.20655829
2022/23,Proportion of population who feel safe walking alone after dark,,,,,,,"£10,400 to less than £20,800",,,,,Normal value,Units,Percentage (%),,70.71095104
2022/23,Proportion of population who feel safe walking alone after dark,,,,,,,"£20,800 to less than £31,200",,,,,Normal value,Units,Percentage (%),,78.94890824
2022/23,Proportion of population who feel safe walking alone after dark,,,,,,,"£31,200 to less than £41,600",,,,,Normal value,Units,Percentage (%),,79.26733527
2022/23,Proportion of population who feel safe walking alone after dark,,,,,,,"£41,600 to less than £52,000",,,,,Normal value,Units,Percentage (%),,82.35800698
2022/23,Proportion of population who feel safe walking alone after dark,,,,,,,"£52,000 or more",,,,,Normal value,Units,Percentage (%),,84.81613386
2022/23,Proportion of population who feel safe walking alone after dark,,,,,,,No income stated or not enough information provided,,,,,Normal value,Units,Percentage (%),,78.42492185
2022/23,Proportion of population who feel safe walking alone after dark,,,,,,,,North East,,,,Normal value,Units,Percentage (%),E12000001,73.77199349
2022/23,Proportion of population who feel safe walking alone after dark,,,,,,,,North West,,,,Normal value,Units,Percentage (%),E12000002,77.9330434
2022/23,Proportion of population who feel safe walking alone after dark,,,,,,,,Yorkshire and The Humber,,,,Normal value,Units,Percentage (%),E12000003,77.11454461
2022/23,Proportion of population who feel safe walking alone after dark,,,,,,,,East Midlands,,,,Normal value,Units,Percentage (%),E12000004,79.95775847
2022/23,Proportion of population who feel safe walking alone after dark,,,,,,,,West Midlands,,,,Normal value,Units,Percentage (%),E12000005,75.61841608
2022/23,Proportion of population who feel safe walking alone after dark,,,,,,,,East,,,,Normal value,Units,Percentage (%),E12000006,79.03934999
2022/23,Proportion of population who feel safe walking alone after dark,,,,,,,,London,,,,Normal value,Units,Percentage (%),E12000007,82.70921066
2022/23,Proportion of population who feel safe walking alone after dark,,,,,,,,South East,,,,Normal value,Units,Percentage (%),E12000008,79.09973189
2022/23,Proportion of population who feel safe walking alone after dark,,,,,,,,South West,,,,Normal value,Units,Percentage (%),E12000009,82.75256681
2022/23,Proportion of population who feel safe walking alone after dark,,,,,,,,Wales,,,,Normal value,Units,Percentage (%),W92000004,78.92030942
2022/23,Proportion of population who feel safe walking alone after dark,,Female,,,,,,,,,,Normal value,Units,Percentage (%),,68.98974760720932
2022/23,Proportion of population who feel safe walking alone after dark,16 to 24,Female,,,,,,,,,,Normal value,Units,Percentage (%),,68.75296977146382
2022/23,Proportion of population who feel safe walking alone after dark,25 to 34,Female,,,,,,,,,,Normal value,Units,Percentage (%),,68.09681601224858
2022/23,Proportion of population who feel safe walking alone after dark,35 to 44,Female,,,,,,,,,,Normal value,Units,Percentage (%),,71.61298862190442
2022/23,Proportion of population who feel safe walking alone after dark,45 to 54,Female,,,,,,,,,,Normal value,Units,Percentage (%),,74.1139707601691
2022/23,Proportion of population who feel safe walking alone after dark,55 to 64,Female,,,,,,,,,,Normal value,Units,Percentage (%),,69.23111759391655
2022/23,Proportion of population who feel safe walking alone after dark,65 to 74,Female,,,,,,,,,,Normal value,Units,Percentage (%),,67.94876587054573
2022/23,Proportion of population who feel safe walking alone after dark,75 and over,Female,,,,,,,,,,Normal value,Units,Percentage (%),,60.59056095888337
2022/23,Proportion of population who feel safe walking alone after dark,,Male,,,,,,,,,,Normal value,Units,Percentage (%),,89.71113920596984
2022/23,Proportion of population who feel safe walking alone after dark,16 to 24,Male,,,,,,,,,,Normal value,Units,Percentage (%),,85.20807494802084
2022/23,Proportion of population who feel safe walking alone after dark,25 to 34,Male,,,,,,,,,,Normal value,Units,Percentage (%),,92.36657802882524
2022/23,Proportion of population who feel safe walking alone after dark,35 to 44,Male,,,,,,,,,,Normal value,Units,Percentage (%),,90.4649374395281
2022/23,Proportion of population who feel safe walking alone after dark,45 to 54,Male,,,,,,,,,,Normal value,Units,Percentage (%),,91.65692533289932
2022/23,Proportion of population who feel safe walking alone after dark,55 to 64,Male,,,,,,,,,,Normal value,Units,Percentage (%),,91.33558023471046
2022/23,Proportion of population who feel safe walking alone after dark,65 to 74,Male,,,,,,,,,,Normal value,Units,Percentage (%),,88.44432465031309
2022/23,Proportion of population who feel safe walking alone after dark,75 and over,Male,,,,,,,,,,Normal value,Units,Percentage (%),,84.55216571226501
2022/23,Proportion of population who feel safe walking alone after dark,,,,Non-disabled (GSS harmonised),,,,,,,,Normal value,Units,Percentage (%),,82.22950460013439
2022/23,Proportion of population who feel safe walking alone after dark,,,,Disabled (GSS harmonised),,,,,,,,Normal value,Units,Percentage (%),,65.7728651149982
2022/23,Proportion of population who feel safe walking alone after dark,,,,,,,,,Urban,,,Normal value,Units,Percentage (%),,77.15932041
2022/23,Proportion of population who feel safe walking alone after dark,,,,,,,,,Rural,,,Normal value,Units,Percentage (%),,87.4779099
2022/23,Proportion of population who feel safe walking alone after dark,,,,,,,,,,Heterosexual/straight,,Normal value,Units,Percentage (%),,79.4728046864179
2022/23,Proportion of population who feel safe walking alone after dark,,,,,,,,,,Gay/Lesbian,,Normal value,Units,Percentage (%),,84.13023089432116
2022/23,Proportion of population who feel safe walking alone after dark,,,,,,,,,,Bisexual,,Normal value,Units,Percentage (%),,76.03589643233062
2022/23,Proportion of population who feel safe walking alone after dark,,,,,,,,,,Other,,Missing value; suppressed,Units,Percentage (%),,
2022/23,Proportion of population who feel safe walking alone after dark,,,,,,,,,,,Degree or diploma,Normal value,Units,Percentage (%),,82.99289293235162
2022/23,Proportion of population who feel safe walking alone after dark,,,,,,,,,,,Apprenticeship or A/AS level,Normal value,Units,Percentage (%),,78.71117881676166
2022/23,Proportion of population who feel safe walking alone after dark,,,,,,,,,,,O level/GCSE,Normal value,Units,Percentage (%),,76.73592332719716
2022/23,Proportion of population who feel safe walking alone after dark,,,,,,,,,,,Other,Normal value,Units,Percentage (%),,74.94355497246434
2022/23,Proportion of population who feel safe walking alone after dark,,,,,,,,,,,None,Normal value,Units,Percentage (%),,71.77913249774967
