Year,Sex,Age,Ethnicity,Ethnic group,Disability status,Country of birth,Region,Household income,Observation status,Unit multiplier,Unit measure,GeoCode,Value
2001/02,,,,,,,,,Undefined,Units,Percentage (%),,68.0860937765
2001/02,Male,,,,,,,,Undefined,Units,Percentage (%),,84.03549880314391
2001/02,Female,,,,,,,,Undefined,Units,Percentage (%),,53.096617922848345
2002/03,,,,,,,,,Undefined,Units,Percentage (%),,65.71513079673647
2002/03,Male,,,,,,,,Undefined,Units,Percentage (%),,81.96650072375839
2002/03,Female,,,,,,,,Undefined,Units,Percentage (%),,50.44783516964759
2003/04,,,,,,,,,Undefined,Units,Percentage (%),,67.98317450562118
2003/04,Male,,,,,,,,Undefined,Units,Percentage (%),,83.60368269869024
2003/04,Female,,,,,,,,Undefined,Units,Percentage (%),,53.25797600438492
2004/05,,,,,,,,,Undefined,Units,Percentage (%),,70.26242897022688
2004/05,Male,,,,,,,,Undefined,Units,Percentage (%),,84.80284274385487
2004/05,Female,,,,,,,,Undefined,Units,Percentage (%),,56.55094237556175
2005/06,,,,,,,,,Undefined,Units,Percentage (%),,68.27897624231028
2005/06,Male,,,,,,,,Undefined,Units,Percentage (%),,82.81551117478963
2005/06,Female,,,,,,,,Undefined,Units,Percentage (%),,54.56886977947831
2006/07,,,,,,,,,Undefined,Units,Percentage (%),,69.03893532593428
2006/07,Male,,,,,,,,Undefined,Units,Percentage (%),,82.89045800167682
2006/07,Female,,,,,,,,Undefined,Units,Percentage (%),,55.9485120177003
2007/08,,,,,,,,,Undefined,Units,Percentage (%),,69.3
2007/08,Male,,,,,,,,Undefined,Units,Percentage (%),,83.0
2007/08,Female,,,,,,,,Undefined,Units,Percentage (%),,56.3
2008/09,,,,,,,,,Undefined,Units,Percentage (%),,70.04666565093463
2008/09,Male,,,,,,,,Undefined,Units,Percentage (%),,83.39308686861618
2008/09,Female,,,,,,,,Undefined,Units,Percentage (%),,57.39225210700855
2009/10,,,,,,,,,Undefined,Units,Percentage (%),,72.53356924800842
2009/10,Male,,,,,,,,Undefined,Units,Percentage (%),,84.73876559170024
2009/10,Female,,,,,,,,Undefined,Units,Percentage (%),,60.94367969347289
2010/11,,,,,,,,,Undefined,Units,Percentage (%),,74.53675390817087
2010/11,Male,,,,,,,,Undefined,Units,Percentage (%),,86.08563182994014
2010/11,Female,,,,,,,,Undefined,Units,Percentage (%),,63.54408855640662
2011/12,,,,,,,,,Undefined,Units,Percentage (%),,75.51578593894111
2011/12,Male,,,,,,,,Undefined,Units,Percentage (%),,87.08260300311319
2011/12,Female,,,,,,,,Undefined,Units,Percentage (%),,64.48216164655682
2012/13,,,,,,,,,Undefined,Units,Percentage (%),,70.4816186669451
2012/13,Male,,,,,,,,Undefined,Units,Percentage (%),,84.72288850522519
2012/13,Female,,,,,,,,Undefined,Units,Percentage (%),,56.65093352951438
2013/14,,,,,,,,,Undefined,Units,Percentage (%),,71.24689954764844
2013/14,Male,,,,,,,,Undefined,Units,Percentage (%),,85.08356364056478
2013/14,Female,,,,,,,,Undefined,Units,Percentage (%),,57.95424582600218
2014/15,,,,,,,,,Undefined,Units,Percentage (%),,73.6875703571393
2014/15,Male,,,,,,,,Undefined,Units,Percentage (%),,85.75433770838818
2014/15,Female,,,,,,,,Undefined,Units,Percentage (%),,61.81505205936627
2015/16,,,,,,,,,Undefined,Units,Percentage (%),,74.70836037038079
2015/16,Male,,,,,,,,Undefined,Units,Percentage (%),,87.8726364451006
2015/16,Female,,,,,,,,Undefined,Units,Percentage (%),,61.70598040835485
2016/17,,,,,,,,,Undefined,Units,Percentage (%),,
2017/18,,,,,,,,,Undefined,Units,Percentage (%),,75.2219777184439
2017/18,Male,,,,,,,,Undefined,Units,Percentage (%),,87.16786062260739
2017/18,Female,,,,,,,,Undefined,Units,Percentage (%),,63.74953488284568
2017/18,,16 to 24,,,,,,,Undefined,Units,Percentage (%),,76.97541886
2017/18,,25 to 34,,,,,,,Undefined,Units,Percentage (%),,77.01368031
2017/18,,35 to 44,,,,,,,Undefined,Units,Percentage (%),,77.95679948
2017/18,,45 to 54,,,,,,,Undefined,Units,Percentage (%),,78.12526752
2017/18,,55 to 64,,,,,,,Undefined,Units,Percentage (%),,74.81302419
2017/18,,65 to 74,,,,,,,Undefined,Units,Percentage (%),,70.45375257
2017/18,,75 and over,,,,,,,Undefined,Units,Percentage (%),,66.46329694
2017/18,,,White,,,,,,Undefined,Units,Percentage (%),,76.03719811
2017/18,,,White,English/Welsh/Scottish/Northern Irish/British,,,,,Undefined,Units,Percentage (%),,76.19900083
2017/18,,,White,Irish,,,,,Undefined,Units,Percentage (%),,73.07632794
2017/18,,,White,Any other White background,,,,,Undefined,Units,Percentage (%),,74.64943342
2017/18,,,Mixed/Multiple ethnic background,,,,,,Undefined,Units,Percentage (%),,79.20927779
2017/18,,,Asian/Asian British,,,,,,Undefined,Units,Percentage (%),,65.10010961
2017/18,,,Asian/Asian British,Indian,,,,,Undefined,Units,Percentage (%),,61.39216943
2017/18,,,Asian/Asian British,Pakistani,,,,,Undefined,Units,Percentage (%),,62.53960311
2017/18,,,Asian/Asian British,Any other Asian background,,,,,Undefined,Units,Percentage (%),,70.12885334
2017/18,,,Black/African/Caribbean/Black British,,,,,,Undefined,Units,Percentage (%),,76.49473249
2017/18,,,Black/African/Caribbean/Black British,African,,,,,Undefined,Units,Percentage (%),,74.92607511
2017/18,,,Black/African/Caribbean/Black British,Caribbean,,,,,Undefined,Units,Percentage (%),,85.23406325
2017/18,,,Other ethnic group,,,,,,Undefined,Units,Percentage (%),,77.59134016
2017/18,,,Other ethnic group,Any other ethnic group,,,,,Undefined,Units,Percentage (%),,76.27382714
2017/18,,,,,,Born in UK,,,Undefined,Units,Percentage (%),,76.15675162
2017/18,,,,,,Not born in UK,,,Undefined,Units,Percentage (%),,70.84039142
2017/18,,,,,,,North East,,Undefined,Units,Percentage (%),E12000001,72.13568101
2017/18,,,,,,,North West,,Undefined,Units,Percentage (%),E12000002,76.47150371
2017/18,,,,,,,Yorkshire and the Humber,,Undefined,Units,Percentage (%),E12000003,77.00300553
2017/18,,,,,,,East Midlands,,Undefined,Units,Percentage (%),E12000004,73.37057158
2017/18,,,,,,,West Midlands,,Undefined,Units,Percentage (%),E12000005,68.48863783
2017/18,,,,,,,East of England,,Undefined,Units,Percentage (%),E12000006,73.21421362
2017/18,,,,,,,London,,Undefined,Units,Percentage (%),E12000007,72.2907938
2017/18,,,,,,,South East,,Undefined,Units,Percentage (%),E12000008,77.7169555
2017/18,,,,,,,South West,,Undefined,Units,Percentage (%),E12000009,80.77707118
2017/18,,,,,,,Wales,,Undefined,Units,Percentage (%),W92000004,81.43447067
2017/18,,,,,,,,"Less than £10,000",Undefined,Units,Percentage (%),,64.02917865
2017/18,,,,,,,,"£10,000 to less than £20,000",Undefined,Units,Percentage (%),,68.3370455
2017/18,,,,,,,,"£20,000 to less than £30,000",Undefined,Units,Percentage (%),,75.49064361
2017/18,,,,,,,,"£30,000 to less than £40,000",Undefined,Units,Percentage (%),,77.81187157
2017/18,,,,,,,,"£40,000 to less than £50,000",Undefined,Units,Percentage (%),,77.74074978
2017/18,,,,,,,,"£50,000 or more",Undefined,Units,Percentage (%),,85.34316591
2017/18,,,,,,,,No income stated or not enough information provided,Undefined,Units,Percentage (%),,69.07494721
2018/19,,,,,,,,,Undefined,Units,Percentage (%),,78.41676293133546
2018/19,Male,,,,,,,,Undefined,Units,Percentage (%),,88.35775144994396
2018/19,Female,,,,,,,,Undefined,Units,Percentage (%),,68.81072249215667
2018/19,,16 to 24,,,,,,,Undefined,Units,Percentage (%),,80.26767232704465
2018/19,,25 to 34,,,,,,,Undefined,Units,Percentage (%),,82.40233909730615
2018/19,,35 to 44,,,,,,,Undefined,Units,Percentage (%),,79.4084263958582
2018/19,,45 to 54,,,,,,,Undefined,Units,Percentage (%),,78.86493418980255
2018/19,,55 to 64,,,,,,,Undefined,Units,Percentage (%),,78.97175330972198
2018/19,,65 to 74,,,,,,,Undefined,Units,Percentage (%),,73.96338701112634
2018/19,,75 and over,,,,,,,Undefined,Units,Percentage (%),,71.37582048947397
2018/19,,,White,,,,,,Undefined,Units,Percentage (%),,78.81217145729046
2018/19,,,White,English/Welsh/Scottish/Northern Irish/British,,,,,Undefined,Units,Percentage (%),,78.7523797930001
2018/19,,,White,Irish,,,,,Undefined,Units,Percentage (%),,74.9862028800316
2018/19,,,White,Any other White background,,,,,Undefined,Units,Percentage (%),,79.84218147531351
2018/19,,,Mixed/Multiple ethnic background,,,,,,Undefined,Units,Percentage (%),,84.75593746705765
2018/19,,,Asian/Asian British,,,,,,Undefined,Units,Percentage (%),,75.27839954474747
2018/19,,,Asian/Asian British,Indian,,,,,Undefined,Units,Percentage (%),,73.46391719535835
2018/19,,,Asian/Asian British,Pakistani,,,,,Undefined,Units,Percentage (%),,74.43152249321248
2018/19,,,Asian/Asian British,Bangladeshi,,,,,Undefined,Units,Percentage (%),,69.517298812181
2018/19,,,Asian/Asian British,Any other Asian background,,,,,Undefined,Units,Percentage (%),,77.96376902459552
2018/19,,,Black/African/Caribbean/Black British,,,,,,Undefined,Units,Percentage (%),,77.05079735468706
2018/19,,,Black/African/Caribbean/Black British,African,,,,,Undefined,Units,Percentage (%),,74.05557140374054
2018/19,,,Black/African/Caribbean/Black British,Caribbean,,,,,Undefined,Units,Percentage (%),,81.39877737252117
2018/19,,,Other ethnic group,,,,,,Undefined,Units,Percentage (%),,65.92666573022196
2018/19,,,,,Disabled (GSS harmonised),,,,Undefined,Units,Percentage (%),,63.64163116961257
2018/19,,,,,Non-disabled (GSS harmonised),,,,Undefined,Units,Percentage (%),,81.32498048789061
2018/19,,,,,,Born in UK,,,Undefined,Units,Percentage (%),,78.54333145981356
2018/19,,,,,,Not born in UK,,,Undefined,Units,Percentage (%),,77.72011442294882
2018/19,,,,,,,North East,,Undefined,Units,Percentage (%),E12000001,74.55468688376641
2018/19,,,,,,,North West,,Undefined,Units,Percentage (%),E12000002,77.24722342281228
2018/19,,,,,,,Yorkshire and the Humber,,Undefined,Units,Percentage (%),E12000003,79.4401074628456
2018/19,,,,,,,East Midlands,,Undefined,Units,Percentage (%),E12000004,79.30637433402521
2018/19,,,,,,,West Midlands,,Undefined,Units,Percentage (%),E12000005,73.39975941331028
2018/19,,,,,,,East of England,,Undefined,Units,Percentage (%),E12000006,78.28681079754766
2018/19,,,,,,,London,,Undefined,Units,Percentage (%),E12000007,74.51738341580496
2018/19,,,,,,,South East,,Undefined,Units,Percentage (%),E12000008,81.4457544935554
2018/19,,,,,,,South West,,Undefined,Units,Percentage (%),E12000009,85.0036375152492
2018/19,,,,,,,Wales,,Undefined,Units,Percentage (%),W92000004,82.50008598214113
