Year,Series,Age,Sex,Citizenship,Disability status,Ethnicity,Index of multiple deprivation quintile,Region,Urban or rural,Observation status,Unit multiplier,Units,GeoCode,Value
2013/14,Percentage of people who feel they are able to influence decisions affecting their local area,,,,,,,,Rural,Undefined,Units,Percentage (%),,28.8728294741659
2013/14,Percentage of people who feel they are able to influence decisions affecting their local area,,,,,,,,Urban,Undefined,Units,Percentage (%),,25.25211794619614
2013/14,Percentage of people who feel they are able to influence decisions affecting their local area,,,,,,,East of England,,Undefined,Units,Percentage (%),E12000006,27.18944109374118
2013/14,Percentage of people who feel they are able to influence decisions affecting their local area,,,,,,,East Midlands,,Undefined,Units,Percentage (%),E12000004,24.729051377064216
2013/14,Percentage of people who feel they are able to influence decisions affecting their local area,,,,,,,London,,Undefined,Units,Percentage (%),E12000007,31.768032911172767
2013/14,Percentage of people who feel they are able to influence decisions affecting their local area,,,,,,,North East,,Undefined,Units,Percentage (%),E12000001,22.01834907126129
2013/14,Percentage of people who feel they are able to influence decisions affecting their local area,,,,,,,North West,,Undefined,Units,Percentage (%),E12000002,25.827504246033257
2013/14,Percentage of people who feel they are able to influence decisions affecting their local area,,,,,,,South East,,Undefined,Units,Percentage (%),E12000008,23.85652657079653
2013/14,Percentage of people who feel they are able to influence decisions affecting their local area,,,,,,,South West,,Undefined,Units,Percentage (%),E12000009,28.17124480588758
2013/14,Percentage of people who feel they are able to influence decisions affecting their local area,,,,,,,West Midlands,,Undefined,Units,Percentage (%),E12000005,24.592197786579312
2013/14,Percentage of people who feel they are able to influence decisions affecting their local area,,,,,,,Yorkshire and The Humber,,Undefined,Units,Percentage (%),E12000003,21.813423773139924
2013/14,Percentage of people who feel they are able to influence decisions affecting their local area,,,,Disabled (GSS harmonised),,,,,Undefined,Units,Percentage (%),,24.89369142233019
2013/14,Percentage of people who feel they are able to influence decisions affecting their local area,,,,Non-disabled (GSS harmonised),,,,,Undefined,Units,Percentage (%),,26.030426274003915
2013/14,Percentage of people who feel they are able to influence decisions affecting their local area,,Female,,,,,,,Undefined,Units,Percentage (%),,23.628771
2013/14,Percentage of people who feel they are able to influence decisions affecting their local area,,Male,,,,,,,Undefined,Units,Percentage (%),,28.45861
2013/14,Percentage of people who feel they are able to influence decisions affecting their local area,,,,,,,,,Undefined,Units,Percentage (%),,25.984206
2013/14,Percentage of people who feel they are able to influence decisions affecting their local area,16 to 24,,,,,,,,Undefined,Units,Percentage (%),,24.252010730693552
2013/14,Percentage of people who feel they are able to influence decisions affecting their local area,25 to 34,,,,,,,,Undefined,Units,Percentage (%),,24.68555123903845
2013/14,Percentage of people who feel they are able to influence decisions affecting their local area,35 to 49,,,,,,,,Undefined,Units,Percentage (%),,27.654932895387024
2013/14,Percentage of people who feel they are able to influence decisions affecting their local area,50 to 64,,,,,,,,Undefined,Units,Percentage (%),,26.41958562140737
2013/14,Percentage of people who feel they are able to influence decisions affecting their local area,65 to 74,,,,,,,,Undefined,Units,Percentage (%),,24.53552599240511
2013/14,Percentage of people who feel they are able to influence decisions affecting their local area,75 and over,,,,,,,,Undefined,Units,Percentage (%),,26.28038273506233
2013/14,Percentage of people who feel they are able to influence decisions affecting their local area,,,,,White,,,,Undefined,Units,Percentage (%),,24.21854212982676
2013/14,Percentage of people who feel they are able to influence decisions affecting their local area,,,,,Asian,,,,Undefined,Units,Percentage (%),,39.34464884940749
2013/14,Percentage of people who feel they are able to influence decisions affecting their local area,,,,,Black,,,,Undefined,Units,Percentage (%),,50.34984303756295
2013/14,Percentage of people who feel they are able to influence decisions affecting their local area,,,,,Mixed,,,,Undefined,Units,Percentage (%),,31.821631006898965
2013/14,Percentage of people who feel they are able to influence decisions affecting their local area,,,,,Other,,,,Undefined,Units,Percentage (%),,32.194613888953555
2014/15,Percentage of people who feel they are able to influence decisions affecting their local area,,,,,,,,Rural,Undefined,Units,Percentage (%),,31.74766610979064
2014/15,Percentage of people who feel they are able to influence decisions affecting their local area,,,,,,,,Urban,Undefined,Units,Percentage (%),,23.81741944551077
2014/15,Percentage of people who feel they are able to influence decisions affecting their local area,,,,,,,East of England,,Undefined,Units,Percentage (%),E12000006,27.144164697419367
2014/15,Percentage of people who feel they are able to influence decisions affecting their local area,,,,,,,East Midlands,,Undefined,Units,Percentage (%),E12000004,29.54147547962606
2014/15,Percentage of people who feel they are able to influence decisions affecting their local area,,,,,,,London,,Undefined,Units,Percentage (%),E12000007,32.03815860211649
2014/15,Percentage of people who feel they are able to influence decisions affecting their local area,,,,,,,North East,,Undefined,Units,Percentage (%),E12000001,15.555603202176496
2014/15,Percentage of people who feel they are able to influence decisions affecting their local area,,,,,,,North West,,Undefined,Units,Percentage (%),E12000002,20.50268001825125
2014/15,Percentage of people who feel they are able to influence decisions affecting their local area,,,,,,,South East,,Undefined,Units,Percentage (%),E12000008,26.17382100094618
2014/15,Percentage of people who feel they are able to influence decisions affecting their local area,,,,,,,South West,,Undefined,Units,Percentage (%),E12000009,25.71096824963126
2014/15,Percentage of people who feel they are able to influence decisions affecting their local area,,,,,,,West Midlands,,Undefined,Units,Percentage (%),E12000005,22.318676452952616
2014/15,Percentage of people who feel they are able to influence decisions affecting their local area,,,,,,,Yorkshire and The Humber,,Undefined,Units,Percentage (%),E12000003,22.867671414891745
2014/15,Percentage of people who feel they are able to influence decisions affecting their local area,,,,Disabled (GSS harmonised),,,,,Undefined,Units,Percentage (%),,22.678664863378643
2014/15,Percentage of people who feel they are able to influence decisions affecting their local area,,,,Non-disabled (GSS harmonised),,,,,Undefined,Units,Percentage (%),,26.5131241678536
2014/15,Percentage of people who feel they are able to influence decisions affecting their local area,,Female,,,,,,,Undefined,Units,Percentage (%),,23.536612
2014/15,Percentage of people who feel they are able to influence decisions affecting their local area,,Male,,,,,,,Undefined,Units,Percentage (%),,27.413253
2014/15,Percentage of people who feel they are able to influence decisions affecting their local area,,,,,,,,,Undefined,Units,Percentage (%),,25.436388
2014/15,Percentage of people who feel they are able to influence decisions affecting their local area,16 to 24,,,,,,,,Undefined,Units,Percentage (%),,23.19798897859682
2014/15,Percentage of people who feel they are able to influence decisions affecting their local area,25 to 34,,,,,,,,Undefined,Units,Percentage (%),,22.35599568946252
2014/15,Percentage of people who feel they are able to influence decisions affecting their local area,35 to 49,,,,,,,,Undefined,Units,Percentage (%),,27.958841514650597
2014/15,Percentage of people who feel they are able to influence decisions affecting their local area,50 to 64,,,,,,,,Undefined,Units,Percentage (%),,26.43196787552324
2014/15,Percentage of people who feel they are able to influence decisions affecting their local area,65 to 74,,,,,,,,Undefined,Units,Percentage (%),,26.763739328337437
2014/15,Percentage of people who feel they are able to influence decisions affecting their local area,75 and over,,,,,,,,Undefined,Units,Percentage (%),,25.001585008129588
2014/15,Percentage of people who feel they are able to influence decisions affecting their local area,,,,,White,,,,Undefined,Units,Percentage (%),,24.19549790173709
2014/15,Percentage of people who feel they are able to influence decisions affecting their local area,,,,,Asian,,,,Undefined,Units,Percentage (%),,43.91867085569739
2014/15,Percentage of people who feel they are able to influence decisions affecting their local area,,,,,Mixed,,,,Undefined,Units,Percentage (%),,18.20429704774321
2015/16,Percentage of people who feel they are able to influence decisions affecting their local area,,,,,,,,Rural,Undefined,Units,Percentage (%),,28.99466101806953
2015/16,Percentage of people who feel they are able to influence decisions affecting their local area,,,,,,,,Urban,Undefined,Units,Percentage (%),,27.524637125621364
2015/16,Percentage of people who feel they are able to influence decisions affecting their local area,,,,,,,East of England,,Undefined,Units,Percentage (%),E12000006,24.163798277765537
2015/16,Percentage of people who feel they are able to influence decisions affecting their local area,,,,,,,East Midlands,,Undefined,Units,Percentage (%),E12000004,32.435903745234675
2015/16,Percentage of people who feel they are able to influence decisions affecting their local area,,,,,,,London,,Undefined,Units,Percentage (%),E12000007,35.94091064038291
2015/16,Percentage of people who feel they are able to influence decisions affecting their local area,,,,,,,North East,,Undefined,Units,Percentage (%),E12000001,23.39878559390612
2015/16,Percentage of people who feel they are able to influence decisions affecting their local area,,,,,,,North West,,Undefined,Units,Percentage (%),E12000002,23.705219228071453
2015/16,Percentage of people who feel they are able to influence decisions affecting their local area,,,,,,,South East,,Undefined,Units,Percentage (%),E12000008,28.07935643161657
2015/16,Percentage of people who feel they are able to influence decisions affecting their local area,,,,,,,South West,,Undefined,Units,Percentage (%),E12000009,26.546498287513405
2015/16,Percentage of people who feel they are able to influence decisions affecting their local area,,,,,,,West Midlands,,Undefined,Units,Percentage (%),E12000005,24.58770391718941
2015/16,Percentage of people who feel they are able to influence decisions affecting their local area,,,,,,,Yorkshire and The Humber,,Undefined,Units,Percentage (%),E12000003,27.181481826222605
2015/16,Percentage of people who feel they are able to influence decisions affecting their local area,,,,Disabled (GSS harmonised),,,,,Undefined,Units,Percentage (%),,22.8164915360862
2015/16,Percentage of people who feel they are able to influence decisions affecting their local area,,,,Non-disabled (GSS harmonised),,,,,Undefined,Units,Percentage (%),,30.24908250949801
2015/16,Percentage of people who feel they are able to influence decisions affecting their local area,,Female,,,,,,,Undefined,Units,Percentage (%),,26.80685
2015/16,Percentage of people who feel they are able to influence decisions affecting their local area,,Male,,,,,,,Undefined,Units,Percentage (%),,28.896533
2015/16,Percentage of people who feel they are able to influence decisions affecting their local area,,,,,,,,,Undefined,Units,Percentage (%),,27.804348
2015/16,Percentage of people who feel they are able to influence decisions affecting their local area,16 to 24,,,,,,,,Undefined,Units,Percentage (%),,25.475174024502824
2015/16,Percentage of people who feel they are able to influence decisions affecting their local area,25 to 34,,,,,,,,Undefined,Units,Percentage (%),,23.141251407738235
2015/16,Percentage of people who feel they are able to influence decisions affecting their local area,35 to 49,,,,,,,,Undefined,Units,Percentage (%),,32.74616483180837
2015/16,Percentage of people who feel they are able to influence decisions affecting their local area,50 to 64,,,,,,,,Undefined,Units,Percentage (%),,30.32573194497885
2015/16,Percentage of people who feel they are able to influence decisions affecting their local area,65 to 74,,,,,,,,Undefined,Units,Percentage (%),,26.34988710387723
2015/16,Percentage of people who feel they are able to influence decisions affecting their local area,75 and over,,,,,,,,Undefined,Units,Percentage (%),,23.24021606192517
2015/16,Percentage of people who feel they are able to influence decisions affecting their local area,,,,,White,,,,Undefined,Units,Percentage (%),,24.94193315277676
2015/16,Percentage of people who feel they are able to influence decisions affecting their local area,,,,,Asian,,,,Undefined,Units,Percentage (%),,45.31814444166066
2015/16,Percentage of people who feel they are able to influence decisions affecting their local area,,,,,Black,,,,Undefined,Units,Percentage (%),,59.55775472936361
2015/16,Percentage of people who feel they are able to influence decisions affecting their local area,,,,,Mixed,,,,Undefined,Units,Percentage (%),,34.37978085263337
2015/16,Percentage of people who feel they are able to influence decisions affecting their local area,,,,,Other,,,,Undefined,Units,Percentage (%),,28.199735692825307
2016/17,Percentage of people who feel they are able to influence decisions affecting their local area,,,,,,,,Rural,Undefined,Units,Percentage (%),,31.92792559495225
2016/17,Percentage of people who feel they are able to influence decisions affecting their local area,,,,,,,,Urban,Undefined,Units,Percentage (%),,25.300163419178023
2016/17,Percentage of people who feel they are able to influence decisions affecting their local area,,,,,,,East of England,,Undefined,Units,Percentage (%),E12000006,25.29695799917364
2016/17,Percentage of people who feel they are able to influence decisions affecting their local area,,,,,,,East Midlands,,Undefined,Units,Percentage (%),E12000004,23.49949020477236
2016/17,Percentage of people who feel they are able to influence decisions affecting their local area,,,,,,,London,,Undefined,Units,Percentage (%),E12000007,32.31039809849673
2016/17,Percentage of people who feel they are able to influence decisions affecting their local area,,,,,,,North East,,Undefined,Units,Percentage (%),E12000001,19.400544475947317
2016/17,Percentage of people who feel they are able to influence decisions affecting their local area,,,,,,,North West,,Undefined,Units,Percentage (%),E12000002,26.450263123849982
2016/17,Percentage of people who feel they are able to influence decisions affecting their local area,,,,,,,South East,,Undefined,Units,Percentage (%),E12000008,25.59520300644596
2016/17,Percentage of people who feel they are able to influence decisions affecting their local area,,,,,,,South West,,Undefined,Units,Percentage (%),E12000009,27.40202973861284
2016/17,Percentage of people who feel they are able to influence decisions affecting their local area,,,,,,,West Midlands,,Undefined,Units,Percentage (%),E12000005,26.61922505091634
2016/17,Percentage of people who feel they are able to influence decisions affecting their local area,,,,,,,Yorkshire and The Humber,,Undefined,Units,Percentage (%),E12000003,25.673966245600766
2016/17,Percentage of people who feel they are able to influence decisions affecting their local area,,,,Disabled (GSS harmonised),,,,,Undefined,Units,Percentage (%),,25.891284746575483
2016/17,Percentage of people who feel they are able to influence decisions affecting their local area,,,,Non-disabled (GSS harmonised),,,,,Undefined,Units,Percentage (%),,27.138881620367748
2016/17,Percentage of people who feel they are able to influence decisions affecting their local area,,Female,,,,,,,Undefined,Units,Percentage (%),,26.29921
2016/17,Percentage of people who feel they are able to influence decisions affecting their local area,,Male,,,,,,,Undefined,Units,Percentage (%),,26.76568
2016/17,Percentage of people who feel they are able to influence decisions affecting their local area,,,,,,,,,Undefined,Units,Percentage (%),,26.5292
2016/17,Percentage of people who feel they are able to influence decisions affecting their local area,16 to 24,,,,,,,,Undefined,Units,Percentage (%),,22.38644
2016/17,Percentage of people who feel they are able to influence decisions affecting their local area,25 to 34,,,,,,,,Undefined,Units,Percentage (%),,25.07945
2016/17,Percentage of people who feel they are able to influence decisions affecting their local area,35 to 49,,,,,,,,Undefined,Units,Percentage (%),,31.63331
2016/17,Percentage of people who feel they are able to influence decisions affecting their local area,50 to 64,,,,,,,,Undefined,Units,Percentage (%),,24.83311
2016/17,Percentage of people who feel they are able to influence decisions affecting their local area,65 to 74,,,,,,,,Undefined,Units,Percentage (%),,25.99084
2016/17,Percentage of people who feel they are able to influence decisions affecting their local area,75 and over,,,,,,,,Undefined,Units,Percentage (%),,27.08717
2016/17,Percentage of people who feel they are able to influence decisions affecting their local area,,,,,White,,,,Undefined,Units,Percentage (%),,24.666457498094648
2016/17,Percentage of people who feel they are able to influence decisions affecting their local area,,,,,Asian,,,,Undefined,Units,Percentage (%),,37.39816385410448
2016/17,Percentage of people who feel they are able to influence decisions affecting their local area,,,,,Black,,,,Undefined,Units,Percentage (%),,43.99525730368673
2016/17,Percentage of people who feel they are able to influence decisions affecting their local area,,,,,Mixed,,,,Undefined,Units,Percentage (%),,36.70875979916242
2016/17,Percentage of people who feel they are able to influence decisions affecting their local area,,,,,Other,,,,Undefined,Units,Percentage (%),,33.5261893267998
2016/17,Percentage of people who feel they are able to influence decisions affecting their local area,,,,,,Quintile 1 (Most deprived),,,Undefined,Units,Percentage (%),,26.70615334322539
2016/17,Percentage of people who feel they are able to influence decisions affecting their local area,,,,,,Quintile 2,,,Undefined,Units,Percentage (%),,27.507582877502795
2016/17,Percentage of people who feel they are able to influence decisions affecting their local area,,,,,,Quintile 3,,,Undefined,Units,Percentage (%),,26.457761685092063
2016/17,Percentage of people who feel they are able to influence decisions affecting their local area,,,,,,Quintile 4,,,Undefined,Units,Percentage (%),,25.659339141229783
2016/17,Percentage of people who feel they are able to influence decisions affecting their local area,,,,,,Quintile 5 (least deprived),,,Undefined,Units,Percentage (%),,26.32008291356615
2017/18,Percentage of people who feel they are able to influence decisions affecting their local area,,,,,,,,Rural,Undefined,Units,Percentage (%),,26.919205712597467
2017/18,Percentage of people who feel they are able to influence decisions affecting their local area,,,,,,,,Urban,Undefined,Units,Percentage (%),,25.83479164626472
2017/18,Percentage of people who feel they are able to influence decisions affecting their local area,,,,,,,East of England,,Undefined,Units,Percentage (%),E12000006,22.202466425382124
2017/18,Percentage of people who feel they are able to influence decisions affecting their local area,,,,,,,East Midlands,,Undefined,Units,Percentage (%),E12000004,21.43457140102824
2017/18,Percentage of people who feel they are able to influence decisions affecting their local area,,,,,,,London,,Undefined,Units,Percentage (%),E12000007,32.64023327617596
2017/18,Percentage of people who feel they are able to influence decisions affecting their local area,,,,,,,North East,,Undefined,Units,Percentage (%),E12000001,26.69242402827126
2017/18,Percentage of people who feel they are able to influence decisions affecting their local area,,,,,,,North West,,Undefined,Units,Percentage (%),E12000002,24.919193942000884
2017/18,Percentage of people who feel they are able to influence decisions affecting their local area,,,,,,,South East,,Undefined,Units,Percentage (%),E12000008,28.054249626403905
2017/18,Percentage of people who feel they are able to influence decisions affecting their local area,,,,,,,South West,,Undefined,Units,Percentage (%),E12000009,26.80490646754495
2017/18,Percentage of people who feel they are able to influence decisions affecting their local area,,,,,,,West Midlands,,Undefined,Units,Percentage (%),E12000005,23.85584375919316
2017/18,Percentage of people who feel they are able to influence decisions affecting their local area,,,,,,,Yorkshire and The Humber,,Undefined,Units,Percentage (%),E12000003,22.838033971862384
2017/18,Percentage of people who feel they are able to influence decisions affecting their local area,,,,Disabled (GSS harmonised),,,,,Undefined,Units,Percentage (%),,21.54031059919449
2017/18,Percentage of people who feel they are able to influence decisions affecting their local area,,,,Non-disabled (GSS harmonised),,,,,Undefined,Units,Percentage (%),,26.735241775861237
2017/18,Percentage of people who feel they are able to influence decisions affecting their local area,,Female,,,,,,,Undefined,Units,Percentage (%),,25.978785081068036
2017/18,Percentage of people who feel they are able to influence decisions affecting their local area,,Male,,,,,,,Undefined,Units,Percentage (%),,26.09409577849749
2017/18,Percentage of people who feel they are able to influence decisions affecting their local area,,,,,,,,,Undefined,Units,Percentage (%),,26.02569441401861
2017/18,Percentage of people who feel they are able to influence decisions affecting their local area,16 to 24,,,,,,,,Undefined,Units,Percentage (%),,24.51291860336044
2017/18,Percentage of people who feel they are able to influence decisions affecting their local area,25 to 34,,,,,,,,Undefined,Units,Percentage (%),,24.64222776972332
2017/18,Percentage of people who feel they are able to influence decisions affecting their local area,35 to 49,,,,,,,,Undefined,Units,Percentage (%),,28.66403641089618
2017/18,Percentage of people who feel they are able to influence decisions affecting their local area,50 to 64,,,,,,,,Undefined,Units,Percentage (%),,25.007571556007115
2017/18,Percentage of people who feel they are able to influence decisions affecting their local area,65 to 74,,,,,,,,Undefined,Units,Percentage (%),,25.24442225036412
2017/18,Percentage of people who feel they are able to influence decisions affecting their local area,75 and over,,,,,,,,Undefined,Units,Percentage (%),,27.220000942869337
2017/18,Percentage of people who feel they are able to influence decisions affecting their local area,,,,,White,,,,Undefined,Units,Percentage (%),,24.426500225257257
2017/18,Percentage of people who feel they are able to influence decisions affecting their local area,,,,,Asian,,,,Undefined,Units,Percentage (%),,34.26512221819934
2017/18,Percentage of people who feel they are able to influence decisions affecting their local area,,,,,Black,,,,Undefined,Units,Percentage (%),,42.79825768058031
2017/18,Percentage of people who feel they are able to influence decisions affecting their local area,,,,,Mixed,,,,Undefined,Units,Percentage (%),,34.35674950007037
2017/18,Percentage of people who feel they are able to influence decisions affecting their local area,,,,,Other,,,,Undefined,Units,Percentage (%),,40.4855548571109
2017/18,Percentage of people who feel they are able to influence decisions affecting their local area,,,United Kingdom,,,,,,Undefined,Units,Percentage (%),,25.119492793709096
2017/18,Percentage of people who feel they are able to influence decisions affecting their local area,,,Republic of Ireland,,,,,,Undefined,Units,Percentage (%),,31.664880401649132
2017/18,Percentage of people who feel they are able to influence decisions affecting their local area,,,EU Member State,,,,,,Undefined,Units,Percentage (%),,32.83096104292639
2017/18,Percentage of people who feel they are able to influence decisions affecting their local area,,,Elsewhere in the world,,,,,,Undefined,Units,Percentage (%),,34.737634649823015
2017/18,Percentage of people who feel they are able to influence decisions affecting their local area,,,,,,Quintile 1 (Most deprived),,,Undefined,Units,Percentage (%),,25.960736634819582
2017/18,Percentage of people who feel they are able to influence decisions affecting their local area,,,,,,Quintile 2,,,Undefined,Units,Percentage (%),,24.91291051665189
2017/18,Percentage of people who feel they are able to influence decisions affecting their local area,,,,,,Quintile 3,,,Undefined,Units,Percentage (%),,25.374655744439323
2017/18,Percentage of people who feel they are able to influence decisions affecting their local area,,,,,,Quintile 4,,,Undefined,Units,Percentage (%),,27.665776318156997
2017/18,Percentage of people who feel they are able to influence decisions affecting their local area,,,,,,Quintile 5 (least deprived),,,Undefined,Units,Percentage (%),,26.432642236715427
2018/19,Percentage of people who feel they are able to influence decisions affecting their local area,,,,,,,,Rural,Undefined,Units,Percentage (%),,27.584967861934505
2018/19,Percentage of people who feel they are able to influence decisions affecting their local area,,,,,,,,Urban,Undefined,Units,Percentage (%),,24.942566926133196
2018/19,Percentage of people who feel they are able to influence decisions affecting their local area,,,,,,,East of England,,Undefined,Units,Percentage (%),E12000006,23.767940579301
2018/19,Percentage of people who feel they are able to influence decisions affecting their local area,,,,,,,East Midlands,,Undefined,Units,Percentage (%),E12000004,24.542693399191144
2018/19,Percentage of people who feel they are able to influence decisions affecting their local area,,,,,,,London,,Undefined,Units,Percentage (%),E12000007,30.86461402175994
2018/19,Percentage of people who feel they are able to influence decisions affecting their local area,,,,,,,North East,,Undefined,Units,Percentage (%),E12000001,19.75306529788899
2018/19,Percentage of people who feel they are able to influence decisions affecting their local area,,,,,,,North West,,Undefined,Units,Percentage (%),E12000002,24.21240170429292
2018/19,Percentage of people who feel they are able to influence decisions affecting their local area,,,,,,,South East,,Undefined,Units,Percentage (%),E12000008,25.938053748021044
2018/19,Percentage of people who feel they are able to influence decisions affecting their local area,,,,,,,South West,,Undefined,Units,Percentage (%),E12000009,27.96692633343176
2018/19,Percentage of people who feel they are able to influence decisions affecting their local area,,,,,,,West Midlands,,Undefined,Units,Percentage (%),E12000005,22.10845609160768
2018/19,Percentage of people who feel they are able to influence decisions affecting their local area,,,,,,,Yorkshire and The Humber,,Undefined,Units,Percentage (%),E12000003,23.49774415885852
2018/19,Percentage of people who feel they are able to influence decisions affecting their local area,,,,Disabled (GSS harmonised),,,,,Undefined,Units,Percentage (%),,21.602358473035544
2018/19,Percentage of people who feel they are able to influence decisions affecting their local area,,,,Non-disabled (GSS harmonised),,,,,Undefined,Units,Percentage (%),,26.29662523891463
2018/19,Percentage of people who feel they are able to influence decisions affecting their local area,,Female,,,,,,,Undefined,Units,Percentage (%),,25.39140847778777
2018/19,Percentage of people who feel they are able to influence decisions affecting their local area,,Male,,,,,,,Undefined,Units,Percentage (%),,25.241988743612065
2018/19,Percentage of people who feel they are able to influence decisions affecting their local area,,,,,,,,,Undefined,Units,Percentage (%),,25.391919983986057
2018/19,Percentage of people who feel they are able to influence decisions affecting their local area,16 to 24,,,,,,,,Undefined,Units,Percentage (%),,21.36354948312443
2018/19,Percentage of people who feel they are able to influence decisions affecting their local area,25 to 34,,,,,,,,Undefined,Units,Percentage (%),,24.330506280838
2018/19,Percentage of people who feel they are able to influence decisions affecting their local area,35 to 49,,,,,,,,Undefined,Units,Percentage (%),,29.19425614872062
2018/19,Percentage of people who feel they are able to influence decisions affecting their local area,50 to 64,,,,,,,,Undefined,Units,Percentage (%),,26.150763845582464
2018/19,Percentage of people who feel they are able to influence decisions affecting their local area,65 to 74,,,,,,,,Undefined,Units,Percentage (%),,24.93295707547665
2018/19,Percentage of people who feel they are able to influence decisions affecting their local area,75 and over,,,,,,,,Undefined,Units,Percentage (%),,21.976460253657653
2018/19,Percentage of people who feel they are able to influence decisions affecting their local area,,,,,White,,,,Undefined,Units,Percentage (%),,23.658657469364396
2018/19,Percentage of people who feel they are able to influence decisions affecting their local area,,,,,Asian,,,,Undefined,Units,Percentage (%),,31.95778513684775
2018/19,Percentage of people who feel they are able to influence decisions affecting their local area,,,,,Black,,,,Undefined,Units,Percentage (%),,47.66270049679657
2018/19,Percentage of people who feel they are able to influence decisions affecting their local area,,,,,Mixed,,,,Undefined,Units,Percentage (%),,34.894220737067634
2018/19,Percentage of people who feel they are able to influence decisions affecting their local area,,,,,Other,,,,Undefined,Units,Percentage (%),,30.42420414143327
2018/19,Percentage of people who feel they are able to influence decisions affecting their local area,,,United Kingdom,,,,,,Undefined,Units,Percentage (%),,24.493952777473503
2018/19,Percentage of people who feel they are able to influence decisions affecting their local area,,,Republic of Ireland,,,,,,Undefined,Units,Percentage (%),,21.68723532244
2018/19,Percentage of people who feel they are able to influence decisions affecting their local area,,,EU Member State,,,,,,Undefined,Units,Percentage (%),,35.95204163294895
2018/19,Percentage of people who feel they are able to influence decisions affecting their local area,,,Elsewhere in the world,,,,,,Undefined,Units,Percentage (%),,36.32173049630487
2018/19,Percentage of people who feel they are able to influence decisions affecting their local area,,,,,,Quintile 1 (Most deprived),,,Undefined,Units,Percentage (%),,25.22134271452723
2018/19,Percentage of people who feel they are able to influence decisions affecting their local area,,,,,,Quintile 2,,,Undefined,Units,Percentage (%),,25.92296406901425
2018/19,Percentage of people who feel they are able to influence decisions affecting their local area,,,,,,Quintile 3,,,Undefined,Units,Percentage (%),,23.61129345793995
2018/19,Percentage of people who feel they are able to influence decisions affecting their local area,,,,,,Quintile 4,,,Undefined,Units,Percentage (%),,26.22521321578244
2018/19,Percentage of people who feel they are able to influence decisions affecting their local area,,,,,,Quintile 5 (least deprived),,,Undefined,Units,Percentage (%),,25.945373473310845
2019/20,Percentage of people who feel they are able to influence decisions affecting their local area,,,,,,,,Rural,Undefined,Units,Percentage (%),,29.0
2019/20,Percentage of people who feel they are able to influence decisions affecting their local area,,,,,,,,Urban,Undefined,Units,Percentage (%),,26.3
2019/20,Percentage of people who feel they are able to influence decisions affecting their local area,,,,,,,East of England,,Undefined,Units,Percentage (%),E12000006,24.9
2019/20,Percentage of people who feel they are able to influence decisions affecting their local area,,,,,,,East Midlands,,Undefined,Units,Percentage (%),E12000004,25.4
2019/20,Percentage of people who feel they are able to influence decisions affecting their local area,,,,,,,London,,Undefined,Units,Percentage (%),E12000007,32.8
2019/20,Percentage of people who feel they are able to influence decisions affecting their local area,,,,,,,North East,,Undefined,Units,Percentage (%),E12000001,25.0
2019/20,Percentage of people who feel they are able to influence decisions affecting their local area,,,,,,,North West,,Undefined,Units,Percentage (%),E12000002,25.5
2019/20,Percentage of people who feel they are able to influence decisions affecting their local area,,,,,,,South East,,Undefined,Units,Percentage (%),E12000008,25.5
2019/20,Percentage of people who feel they are able to influence decisions affecting their local area,,,,,,,South West,,Undefined,Units,Percentage (%),E12000009,25.8
2019/20,Percentage of people who feel they are able to influence decisions affecting their local area,,,,,,,West Midlands,,Undefined,Units,Percentage (%),E12000005,26.5
2019/20,Percentage of people who feel they are able to influence decisions affecting their local area,,,,,,,Yorkshire and The Humber,,Undefined,Units,Percentage (%),E12000003,26.2
2019/20,Percentage of people who feel they are able to influence decisions affecting their local area,,,,Disabled (GSS harmonised),,,,,Undefined,Units,Percentage (%),,23.6
2019/20,Percentage of people who feel they are able to influence decisions affecting their local area,,,,Non-disabled (GSS harmonised),,,,,Undefined,Units,Percentage (%),,27.8
2019/20,Percentage of people who feel they are able to influence decisions affecting their local area,,Female,,,,,,,Undefined,Units,Percentage (%),,27.2
2019/20,Percentage of people who feel they are able to influence decisions affecting their local area,,Male,,,,,,,Undefined,Units,Percentage (%),,26.4
2019/20,Percentage of people who feel they are able to influence decisions affecting their local area,,,,,,,,,Undefined,Units,Percentage (%),,26.8
2019/20,Percentage of people who feel they are able to influence decisions affecting their local area,16 to 24,,,,,,,,Undefined,Units,Percentage (%),,26.0
2019/20,Percentage of people who feel they are able to influence decisions affecting their local area,25 to 34,,,,,,,,Undefined,Units,Percentage (%),,24.2
2019/20,Percentage of people who feel they are able to influence decisions affecting their local area,35 to 49,,,,,,,,Undefined,Units,Percentage (%),,30.1
2019/20,Percentage of people who feel they are able to influence decisions affecting their local area,50 to 64,,,,,,,,Undefined,Units,Percentage (%),,28.8
2019/20,Percentage of people who feel they are able to influence decisions affecting their local area,65 to 74,,,,,,,,Undefined,Units,Percentage (%),,24.2
2019/20,Percentage of people who feel they are able to influence decisions affecting their local area,75 and over,,,,,,,,Undefined,Units,Percentage (%),,22.8
2019/20,Percentage of people who feel they are able to influence decisions affecting their local area,,,,,White,,,,Undefined,Units,Percentage (%),,24.9
2019/20,Percentage of people who feel they are able to influence decisions affecting their local area,,,,,Asian,,,,Undefined,Units,Percentage (%),,35.2
2019/20,Percentage of people who feel they are able to influence decisions affecting their local area,,,,,Black,,,,Undefined,Units,Percentage (%),,44.8
2019/20,Percentage of people who feel they are able to influence decisions affecting their local area,,,,,Mixed,,,,Undefined,Units,Percentage (%),,33.0
2019/20,Percentage of people who feel they are able to influence decisions affecting their local area,,,,,Other,,,,Undefined,Units,Percentage (%),,43.8
2019/20,Percentage of people who feel they are able to influence decisions affecting their local area,,,,,,Quintile 1 (Most deprived),,,Undefined,Units,Percentage (%),,28.7
2019/20,Percentage of people who feel they are able to influence decisions affecting their local area,,,,,,Quintile 2,,,Undefined,Units,Percentage (%),,27.7
2019/20,Percentage of people who feel they are able to influence decisions affecting their local area,,,,,,Quintile 3,,,Undefined,Units,Percentage (%),,24.6
2019/20,Percentage of people who feel they are able to influence decisions affecting their local area,,,,,,Quintile 4,,,Undefined,Units,Percentage (%),,25.5
2019/20,Percentage of people who feel they are able to influence decisions affecting their local area,,,,,,Quintile 5 (least deprived),,,Undefined,Units,Percentage (%),,27.1
2020/21,Percentage of people who feel they are able to influence decisions affecting their local area,,,,,,,,Rural,Undefined,Units,Percentage (%),,28.578328305876603
2020/21,Percentage of people who feel they are able to influence decisions affecting their local area,,,,,,,,Urban,Undefined,Units,Percentage (%),,26.13759553603759
2020/21,Percentage of people who feel they are able to influence decisions affecting their local area,,,,,,,East of England,,Undefined,Units,Percentage (%),E12000006,23.77998518101656
2020/21,Percentage of people who feel they are able to influence decisions affecting their local area,,,,,,,East Midlands,,Undefined,Units,Percentage (%),E12000004,26.978710186717898
2020/21,Percentage of people who feel they are able to influence decisions affecting their local area,,,,,,,London,,Undefined,Units,Percentage (%),E12000007,30.359222406233638
2020/21,Percentage of people who feel they are able to influence decisions affecting their local area,,,,,,,North East,,Undefined,Units,Percentage (%),E12000001,21.934014916086404
2020/21,Percentage of people who feel they are able to influence decisions affecting their local area,,,,,,,North West,,Undefined,Units,Percentage (%),E12000002,25.058034829607035
2020/21,Percentage of people who feel they are able to influence decisions affecting their local area,,,,,,,South East,,Undefined,Units,Percentage (%),E12000008,27.156326261272625
2020/21,Percentage of people who feel they are able to influence decisions affecting their local area,,,,,,,South West,,Undefined,Units,Percentage (%),E12000009,28.68366134775384
2020/21,Percentage of people who feel they are able to influence decisions affecting their local area,,,,,,,West Midlands,,Undefined,Units,Percentage (%),E12000005,26.911712872859272
2020/21,Percentage of people who feel they are able to influence decisions affecting their local area,,,,,,,Yorkshire and The Humber,,Undefined,Units,Percentage (%),E12000003,24.08349443978858
2020/21,Percentage of people who feel they are able to influence decisions affecting their local area,,,,Disabled (GSS harmonised),,,,,Undefined,Units,Percentage (%),,23.03133979921642
2020/21,Percentage of people who feel they are able to influence decisions affecting their local area,,,,Non-disabled (GSS harmonised),,,,,Undefined,Units,Percentage (%),,28.092475036944435
2020/21,Percentage of people who feel they are able to influence decisions affecting their local area,,Female,,,,,,,Undefined,Units,Percentage (%),,26.297700625733757
2020/21,Percentage of people who feel they are able to influence decisions affecting their local area,,Male,,,,,,,Undefined,Units,Percentage (%),,26.895584959314
2020/21,Percentage of people who feel they are able to influence decisions affecting their local area,,,,,,,,,Undefined,Units,Percentage (%),,26.585837170119355
2020/21,Percentage of people who feel they are able to influence decisions affecting their local area,16 to 24,,,,,,,,Undefined,Units,Percentage (%),,26.55747679558969
2020/21,Percentage of people who feel they are able to influence decisions affecting their local area,25 to 34,,,,,,,,Undefined,Units,Percentage (%),,23.62107361861122
2020/21,Percentage of people who feel they are able to influence decisions affecting their local area,35 to 49,,,,,,,,Undefined,Units,Percentage (%),,28.936919236014987
2020/21,Percentage of people who feel they are able to influence decisions affecting their local area,50 to 64,,,,,,,,Undefined,Units,Percentage (%),,27.638488093895717
2020/21,Percentage of people who feel they are able to influence decisions affecting their local area,65 to 74,,,,,,,,Undefined,Units,Percentage (%),,24.67792979629532
2020/21,Percentage of people who feel they are able to influence decisions affecting their local area,75 and over,,,,,,,,Undefined,Units,Percentage (%),,25.80885338520396
2020/21,Percentage of people who feel they are able to influence decisions affecting their local area,,,,,White,,,,Undefined,Units,Percentage (%),,25.24658749990218
2020/21,Percentage of people who feel they are able to influence decisions affecting their local area,,,,,Asian,,,,Undefined,Units,Percentage (%),,36.51669902501995
2020/21,Percentage of people who feel they are able to influence decisions affecting their local area,,,,,Black,,,,Undefined,Units,Percentage (%),,38.631462148265854
2020/21,Percentage of people who feel they are able to influence decisions affecting their local area,,,,,Mixed,,,,Undefined,Units,Percentage (%),,33.04812667557982
2020/21,Percentage of people who feel they are able to influence decisions affecting their local area,,,,,Other,,,,Undefined,Units,Percentage (%),,28.337645046500608
2020/21,Percentage of people who feel they are able to influence decisions affecting their local area,,,,,,Quintile 1 (Most deprived),,,Undefined,Units,Percentage (%),,25.90707740675424
2020/21,Percentage of people who feel they are able to influence decisions affecting their local area,,,,,,Quintile 2,,,Undefined,Units,Percentage (%),,26.311046360559622
2020/21,Percentage of people who feel they are able to influence decisions affecting their local area,,,,,,Quintile 3,,,Undefined,Units,Percentage (%),,25.02225992285822
2020/21,Percentage of people who feel they are able to influence decisions affecting their local area,,,,,,Quintile 4,,,Undefined,Units,Percentage (%),,27.620925693100475
2020/21,Percentage of people who feel they are able to influence decisions affecting their local area,,,,,,Quintile 5 (least deprived),,,Undefined,Units,Percentage (%),,28.029973138613727
2021/22,Percentage of people who feel they are able to influence decisions affecting their local area,,,,,,,,,Undefined,Units,Percentage (%),,26.991782734756097
2021/22,Percentage of people who feel they are able to influence decisions affecting their local area,,Male,,,,,,,Undefined,Units,Percentage (%),,27.70559108438032
2021/22,Percentage of people who feel they are able to influence decisions affecting their local area,,Female,,,,,,,Undefined,Units,Percentage (%),,26.3313094235811
2021/22,Percentage of people who feel they are able to influence decisions affecting their local area,16 to 24,,,,,,,,Undefined,Units,Percentage (%),,23.8120339092926
2021/22,Percentage of people who feel they are able to influence decisions affecting their local area,25 to 34,,,,,,,,Undefined,Units,Percentage (%),,26.8999653949032
2021/22,Percentage of people who feel they are able to influence decisions affecting their local area,35 to 49,,,,,,,,Undefined,Units,Percentage (%),,28.0288836412875
2021/22,Percentage of people who feel they are able to influence decisions affecting their local area,50 to 64,,,,,,,,Undefined,Units,Percentage (%),,28.3217101806466
2021/22,Percentage of people who feel they are able to influence decisions affecting their local area,65 to 74,,,,,,,,Undefined,Units,Percentage (%),,27.6445476269102
2021/22,Percentage of people who feel they are able to influence decisions affecting their local area,75 and over,,,,,,,,Undefined,Units,Percentage (%),,23.433434838905
2021/22,Percentage of people who feel they are able to influence decisions affecting their local area,,,,,White,,,,Undefined,Units,Percentage (%),,24.9936049403593
2021/22,Percentage of people who feel they are able to influence decisions affecting their local area,,,,,Asian,,,,Undefined,Units,Percentage (%),,34.4284586201145
2021/22,Percentage of people who feel they are able to influence decisions affecting their local area,,,,,Black,,,,Undefined,Units,Percentage (%),,50.557686834574
2021/22,Percentage of people who feel they are able to influence decisions affecting their local area,,,,,Mixed,,,,Undefined,Units,Percentage (%),,37.9272565557278
2021/22,Percentage of people who feel they are able to influence decisions affecting their local area,,,,,Other,,,,Undefined,Units,Percentage (%),,29.8716775417969
2021/22,Percentage of people who feel they are able to influence decisions affecting their local area,,,,Disabled (GSS harmonised),,,,,Undefined,Units,Percentage (%),,25.3751118650948
2021/22,Percentage of people who feel they are able to influence decisions affecting their local area,,,,Non-disabled (GSS harmonised),,,,,Undefined,Units,Percentage (%),,27.9426063980706
2021/22,Percentage of people who feel they are able to influence decisions affecting their local area,,,,,,,North East,,Undefined,Units,Percentage (%),E12000001,24.564535546394
2021/22,Percentage of people who feel they are able to influence decisions affecting their local area,,,,,,,North West,,Undefined,Units,Percentage (%),E12000002,26.8698321607326
2021/22,Percentage of people who feel they are able to influence decisions affecting their local area,,,,,,,Yorkshire and The Humber,,Undefined,Units,Percentage (%),E12000003,25.7342250122638
2021/22,Percentage of people who feel they are able to influence decisions affecting their local area,,,,,,,East Midlands,,Undefined,Units,Percentage (%),E12000004,26.635325126905503
2021/22,Percentage of people who feel they are able to influence decisions affecting their local area,,,,,,,West Midlands,,Undefined,Units,Percentage (%),E12000005,24.382213307151403
2021/22,Percentage of people who feel they are able to influence decisions affecting their local area,,,,,,,East of England,,Undefined,Units,Percentage (%),E12000006,24.377842560452
2021/22,Percentage of people who feel they are able to influence decisions affecting their local area,,,,,,,London,,Undefined,Units,Percentage (%),E12000007,31.4177159721952
2021/22,Percentage of people who feel they are able to influence decisions affecting their local area,,,,,,,South East,,Undefined,Units,Percentage (%),E12000008,26.6224681958528
2021/22,Percentage of people who feel they are able to influence decisions affecting their local area,,,,,,,South West,,Undefined,Units,Percentage (%),E12000009,28.9698755773227
2021/22,Percentage of people who feel they are able to influence decisions affecting their local area,,,,,,,,Urban,Undefined,Units,Percentage (%),,27.147100222820097
2021/22,Percentage of people who feel they are able to influence decisions affecting their local area,,,,,,,,Rural,Undefined,Units,Percentage (%),,26.331966088914
2021/22,Percentage of people who feel they are able to influence decisions affecting their local area,,,,,,Quintile 1 (Most deprived),,,Undefined,Units,Percentage (%),,28.6344995201756
2021/22,Percentage of people who feel they are able to influence decisions affecting their local area,,,,,,Quintile 2,,,Undefined,Units,Percentage (%),,26.7469124695924
2021/22,Percentage of people who feel they are able to influence decisions affecting their local area,,,,,,Quintile 3,,,Undefined,Units,Percentage (%),,25.7636325020304
2021/22,Percentage of people who feel they are able to influence decisions affecting their local area,,,,,,Quintile 4,,,Undefined,Units,Percentage (%),,27.4665724464854
2021/22,Percentage of people who feel they are able to influence decisions affecting their local area,,,,,,Quintile 5 (least deprived),,,Undefined,Units,Percentage (%),,26.286545823527906
