Year,Sector,Country,Region,Age,Sex,Observation status,Unit multiplier,Unit measure,GeoCode,Value
2010,Public sector,,,16 to 17,Female,Undefined,Units,Percentage (%),,0.0954928512929
2014,Public sector,,,16 to 17,Male,Undefined,Units,Percentage (%),,0.096248688236
2012,Public sector,,,16 to 17,Male,Undefined,Units,Percentage (%),,0.10568093105599999
2013,Public sector,,,16 to 17,Female,Undefined,Units,Percentage (%),,0.10801550532700001
2012,Public sector,,,16 to 17,Female,Undefined,Units,Percentage (%),,0.11152177323899999
2015,Public sector,,,16 to 17,Female,Undefined,Units,Percentage (%),,0.114216157141
2014,Public sector,,,16 to 17,Female,Undefined,Units,Percentage (%),,0.12033613947899999
2009,Public sector,,,16 to 17,Male,Undefined,Units,Percentage (%),,0.12550447286
2011,Public sector,,,16 to 17,Male,Undefined,Units,Percentage (%),,0.129728498967
2010,Public sector,,,16 to 17,Male,Undefined,Units,Percentage (%),,0.13399388415
2011,Public sector,,,16 to 17,Female,Undefined,Units,Percentage (%),,0.139034200243
2005,Public sector,,,16 to 17,Male,Undefined,Units,Percentage (%),,0.156078767589
2016,Public sector,,,16 to 17,Male,Undefined,Units,Percentage (%),,0.16733063743899998
2013,Public sector,,,16 to 17,,Undefined,Units,Percentage (%),,0.176283973868
2009,Public sector,,,16 to 17,Female,Undefined,Units,Percentage (%),,0.17694699325
2007,Public sector,,,16 to 17,Female,Undefined,Units,Percentage (%),,0.181998249675
2007,Public sector,,,16 to 17,Male,Undefined,Units,Percentage (%),,0.18223139682199999
2008,Public sector,,,16 to 17,Female,Undefined,Units,Percentage (%),,0.191452598139
2003,Public sector,,,16 to 17,Male,Undefined,Units,Percentage (%),,0.193852551707
2008,Public sector,,,16 to 17,Male,Undefined,Units,Percentage (%),,0.19416471102400001
2006,Public sector,,,16 to 17,Male,Undefined,Units,Percentage (%),,0.204507691853
2004,Public sector,,,16 to 17,Male,Undefined,Units,Percentage (%),,0.211276404984
2005,Public sector,,,16 to 17,Female,Undefined,Units,Percentage (%),,0.214155503763
2002,Public sector,,,16 to 17,Male,Undefined,Units,Percentage (%),,0.216076755749
2014,Public sector,,,16 to 17,,Undefined,Units,Percentage (%),,0.21658482771499998
2012,Public sector,,,16 to 17,,Undefined,Units,Percentage (%),,0.217202704295
2015,Public sector,,,16 to 17,,Undefined,Units,Percentage (%),,0.22697898933200003
2006,Public sector,,,16 to 17,Female,Undefined,Units,Percentage (%),,0.22708450651099998
2010,Public sector,,,16 to 17,,Undefined,Units,Percentage (%),,0.229486735442
2001,Public sector,,,16 to 17,Male,Undefined,Units,Percentage (%),,0.23654034102
2004,Public sector,,,16 to 17,Female,Undefined,Units,Percentage (%),,0.254161554768
2000,Public sector,,,16 to 17,Female,Undefined,Units,Percentage (%),,0.259110873226
2000,Public sector,,,16 to 17,Male,Undefined,Units,Percentage (%),,0.261765558889
2011,Public sector,,,16 to 17,,Undefined,Units,Percentage (%),,0.26876269921
2002,Public sector,,,16 to 17,Female,Undefined,Units,Percentage (%),,0.278603865174
2001,Public sector,,,16 to 17,Female,Undefined,Units,Percentage (%),,0.282616612755
2003,Public sector,,,16 to 17,Female,Undefined,Units,Percentage (%),,0.29026058644200003
2016,Public sector,,,16 to 17,,Undefined,Units,Percentage (%),,0.301637303287
2009,Public sector,,,16 to 17,,Undefined,Units,Percentage (%),,0.30245146610999996
2000,Public sector,,,65 and over,Male,Undefined,Units,Percentage (%),,0.35448822842200006
2007,Public sector,,,16 to 17,,Undefined,Units,Percentage (%),,0.364229646496
2005,Public sector,,,16 to 17,,Undefined,Units,Percentage (%),,0.370234271352
2008,Public sector,,,16 to 17,,Undefined,Units,Percentage (%),,0.38561730916299997
2000,Public sector,,,65 and over,Female,Undefined,Units,Percentage (%),,0.39736578650700005
2001,Public sector,,,65 and over,Male,Undefined,Units,Percentage (%),,0.402553447177
2005,Public sector,,,65 and over,Male,Undefined,Units,Percentage (%),,0.42385815946500005
2006,Public sector,,,16 to 17,,Undefined,Units,Percentage (%),,0.43159219836400003
2004,Public sector,,,65 and over,Male,Undefined,Units,Percentage (%),,0.45662929591300006
2004,Public sector,,,16 to 17,,Undefined,Units,Percentage (%),,0.46543795975100005
2003,Public sector,,,65 and over,Male,Undefined,Units,Percentage (%),,0.46822041049199997
2002,Public sector,,,65 and over,Male,Undefined,Units,Percentage (%),,0.473900281977
2003,Public sector,,,16 to 17,,Undefined,Units,Percentage (%),,0.48411313814900003
2001,Public sector,,,65 and over,Female,Undefined,Units,Percentage (%),,0.487535597147
2002,Public sector,,,16 to 17,,Undefined,Units,Percentage (%),,0.49468062092299997
2006,Public sector,,,65 and over,Male,Undefined,Units,Percentage (%),,0.495057778089
2001,Public sector,,,16 to 17,,Undefined,Units,Percentage (%),,0.5191569537740001
2000,Public sector,,,16 to 17,,Undefined,Units,Percentage (%),,0.520876432115
2007,Public sector,,,65 and over,Male,Undefined,Units,Percentage (%),,0.542709167694
2004,Public sector,,,65 and over,Female,Undefined,Units,Percentage (%),,0.5623844114050001
2002,Public sector,,,65 and over,Female,Undefined,Units,Percentage (%),,0.604393832085
2005,Public sector,,,65 and over,Female,Undefined,Units,Percentage (%),,0.615717207781
2003,Public sector,,,65 and over,Female,Undefined,Units,Percentage (%),,0.625374657007
2006,Public sector,,,65 and over,Female,Undefined,Units,Percentage (%),,0.659074096552
2007,Public sector,,,65 and over,Female,Undefined,Units,Percentage (%),,0.6592145903909999
2009,Public sector,,,65 and over,Male,Undefined,Units,Percentage (%),,0.667197550082
2008,Public sector,,,65 and over,Male,Undefined,Units,Percentage (%),,0.68956792656
2000,Public sector,,,65 and over,,Undefined,Units,Percentage (%),,0.751854014929
2008,Public sector,,,65 and over,Female,Undefined,Units,Percentage (%),,0.80272193151
2010,Public sector,,,65 and over,Male,Undefined,Units,Percentage (%),,0.8093242950399999
2012,Public sector,,,65 and over,Male,Undefined,Units,Percentage (%),,0.824765951562
2011,Public sector,,,65 and over,Male,Undefined,Units,Percentage (%),,0.830461851436
2001,Public sector,,,65 and over,,Undefined,Units,Percentage (%),,0.890089044324
2013,Public sector,,,65 and over,Male,Undefined,Units,Percentage (%),,0.9528669527949999
2010,Public sector,,,65 and over,Female,Undefined,Units,Percentage (%),,0.9898967115899999
2014,Public sector,,,65 and over,Male,Undefined,Units,Percentage (%),,1.0124891087299999
2016,Public sector,,,65 and over,Male,Undefined,Units,Percentage (%),,1.0142367675200001
2004,Public sector,,,65 and over,,Undefined,Units,Percentage (%),,1.01901370732
2005,Public sector,,,65 and over,,Undefined,Units,Percentage (%),,1.0395753672499999
2015,Public sector,,,65 and over,Male,Undefined,Units,Percentage (%),,1.05167220943
2009,Public sector,,,65 and over,Female,Undefined,Units,Percentage (%),,1.06518807469
2002,Public sector,,,65 and over,,Undefined,Units,Percentage (%),,1.07829411406
2003,Public sector,,,65 and over,,Undefined,Units,Percentage (%),,1.0935950675
2016,,,,16 to 17,Female,Undefined,Units,Percentage (%),,1.10361839515
2015,,,,16 to 17,Female,Undefined,Units,Percentage (%),,1.13155830943
2006,Public sector,,,65 and over,,Undefined,Units,Percentage (%),,1.15413187464
2014,,,,16 to 17,Female,Undefined,Units,Percentage (%),,1.15692039748
2011,Public sector,,,65 and over,Female,Undefined,Units,Percentage (%),,1.15735182356
2016,,,,16 to 17,Male,Undefined,Units,Percentage (%),,1.16669109491
2013,,,,16 to 17,Female,Undefined,Units,Percentage (%),,1.1705472968100001
2012,,,,16 to 17,Female,Undefined,Units,Percentage (%),,1.17357451994
2015,,,,16 to 17,Male,Undefined,Units,Percentage (%),,1.19221255513
2000,,,,16 to 17,Female,Undefined,Units,Percentage (%),,1.20002584652
2007,Public sector,,,65 and over,,Undefined,Units,Percentage (%),,1.20192375809
2011,,,,16 to 17,Female,Undefined,Units,Percentage (%),,1.20207514734
2014,,,,16 to 17,Male,Undefined,Units,Percentage (%),,1.2177315045200001
2012,Public sector,,,65 and over,Female,Undefined,Units,Percentage (%),,1.22008542738
2010,,,,16 to 17,Female,Undefined,Units,Percentage (%),,1.22405618047
2001,,,,16 to 17,Female,Undefined,Units,Percentage (%),,1.2286481880700002
2013,,,,16 to 17,Male,Undefined,Units,Percentage (%),,1.23955369054
2002,,,,16 to 17,Female,Undefined,Units,Percentage (%),,1.24366475261
2012,,,,16 to 17,Male,Undefined,Units,Percentage (%),,1.24450298509
2003,,,,16 to 17,Female,Undefined,Units,Percentage (%),,1.2524594351
2009,,,,16 to 17,Female,Undefined,Units,Percentage (%),,1.25548811167
2006,,,,16 to 17,Female,Undefined,Units,Percentage (%),,1.2559293710500001
2000,,,,16 to 17,Male,Undefined,Units,Percentage (%),,1.25711575396
2011,,,,16 to 17,Male,Undefined,Units,Percentage (%),,1.2681728073799998
2007,,,,16 to 17,Female,Undefined,Units,Percentage (%),,1.26956579172
2004,,,,16 to 17,Female,Undefined,Units,Percentage (%),,1.2739038582
2005,,,,16 to 17,Female,Undefined,Units,Percentage (%),,1.27426958273
2008,,,,16 to 17,Female,Undefined,Units,Percentage (%),,1.2795692893000001
2010,,,,16 to 17,Male,Undefined,Units,Percentage (%),,1.28509240106
2009,,,,16 to 17,Male,Undefined,Units,Percentage (%),,1.29838851563
2001,,,,16 to 17,Male,Undefined,Units,Percentage (%),,1.29848559918
2003,,,,16 to 17,Male,Undefined,Units,Percentage (%),,1.3040317380600002
2004,,,,16 to 17,Male,Undefined,Units,Percentage (%),,1.31093449241
2005,,,,16 to 17,Male,Undefined,Units,Percentage (%),,1.3137195208499999
2002,,,,16 to 17,Male,Undefined,Units,Percentage (%),,1.31373049111
2006,,,,16 to 17,Male,Undefined,Units,Percentage (%),,1.3162396931
2008,,,,16 to 17,Male,Undefined,Units,Percentage (%),,1.3287946908200001
2007,,,,16 to 17,Male,Undefined,Units,Percentage (%),,1.33769467331
2016,Public sector,,,65 and over,Female,Undefined,Units,Percentage (%),,1.44625932124
2013,Public sector,,,65 and over,Female,Undefined,Units,Percentage (%),,1.4585752572600001
2015,Public sector,,,65 and over,Female,Undefined,Units,Percentage (%),,1.4790328953999998
2008,Public sector,,,65 and over,,Undefined,Units,Percentage (%),,1.4922898580700001
2014,Public sector,,,65 and over,Female,Undefined,Units,Percentage (%),,1.5628530621799999
2009,Public sector,,,65 and over,,Undefined,Units,Percentage (%),,1.7323856247799998
2010,Public sector,,,65 and over,,Undefined,Units,Percentage (%),,1.7992210066299998
2013,Public sector,,,18 to 24,Male,Undefined,Units,Percentage (%),,1.8156886960699998
2012,Public sector,,,18 to 24,Male,Undefined,Units,Percentage (%),,1.8492193096400003
2011,Public sector,,,65 and over,,Undefined,Units,Percentage (%),,1.987813675
2012,Public sector,,,65 and over,,Undefined,Units,Percentage (%),,2.0448513789400002
2011,Public sector,,,18 to 24,Male,Undefined,Units,Percentage (%),,2.10676863
2014,Public sector,,,18 to 24,Male,Undefined,Units,Percentage (%),,2.1790115095
2016,,,,16 to 17,,Undefined,Units,Percentage (%),,2.27030949006
2016,Public sector,,,18 to 24,Male,Undefined,Units,Percentage (%),,2.29001599662
2015,,,,16 to 17,,Undefined,Units,Percentage (%),,2.3237708645599997
2010,Public sector,,,18 to 24,Male,Undefined,Units,Percentage (%),,2.34911179403
2015,Public sector,,,18 to 24,Male,Undefined,Units,Percentage (%),,2.36883290414
2014,,,,16 to 17,,Undefined,Units,Percentage (%),,2.374651902
2013,,,,16 to 17,,Undefined,Units,Percentage (%),,2.4101009873500003
2013,Public sector,,,65 and over,,Undefined,Units,Percentage (%),,2.41144221005
2007,Public sector,,,18 to 24,Male,Undefined,Units,Percentage (%),,2.41360741442
2001,Public sector,,,18 to 24,Male,Undefined,Units,Percentage (%),,2.4148995897
2012,,,,16 to 17,,Undefined,Units,Percentage (%),,2.41807750503
2008,Public sector,,,18 to 24,Male,Undefined,Units,Percentage (%),,2.43014484199
2005,Public sector,,,18 to 24,Male,Undefined,Units,Percentage (%),,2.43332039001
2000,,,,16 to 17,,Undefined,Units,Percentage (%),,2.45714160048
2006,Public sector,,,18 to 24,Male,Undefined,Units,Percentage (%),,2.46017026601
2016,Public sector,,,65 and over,,Undefined,Units,Percentage (%),,2.4604960887700003
2009,Public sector,,,18 to 24,Male,Undefined,Units,Percentage (%),,2.4693854898299996
2004,Public sector,,,18 to 24,Male,Undefined,Units,Percentage (%),,2.4700319099400003
2011,,,,16 to 17,,Undefined,Units,Percentage (%),,2.47024795471
2002,Public sector,,,18 to 24,Male,Undefined,Units,Percentage (%),,2.47269750355
2010,,,,16 to 17,,Undefined,Units,Percentage (%),,2.50914858153
2001,,,,16 to 17,,Undefined,Units,Percentage (%),,2.52713378725
2000,Public sector,,,18 to 24,Male,Undefined,Units,Percentage (%),,2.52801809459
2015,Public sector,,,65 and over,,Undefined,Units,Percentage (%),,2.53070510482
2009,,,,16 to 17,,Undefined,Units,Percentage (%),,2.5538766272999998
2003,,,,16 to 17,,Undefined,Units,Percentage (%),,2.55649117316
2002,,,,16 to 17,,Undefined,Units,Percentage (%),,2.5573952437200003
2006,,,,16 to 17,,Undefined,Units,Percentage (%),,2.57216906414
2014,Public sector,,,65 and over,,Undefined,Units,Percentage (%),,2.57534217091
2003,Public sector,,,18 to 24,Male,Undefined,Units,Percentage (%),,2.5816456612
2004,,,,16 to 17,,Undefined,Units,Percentage (%),,2.58483835061
2005,,,,16 to 17,,Undefined,Units,Percentage (%),,2.5879891035900005
2007,,,,16 to 17,,Undefined,Units,Percentage (%),,2.60726046503
2008,,,,16 to 17,,Undefined,Units,Percentage (%),,2.60836398012
2016,,Northern Ireland,,,,Undefined,Units,Percentage (%),N92000002,2.83654561946
2015,,Northern Ireland,,,,Undefined,Units,Percentage (%),N92000002,2.8438335633499996
2014,,Northern Ireland,,,,Undefined,Units,Percentage (%),N92000002,2.84921136592
2013,,Northern Ireland,,,,Undefined,Units,Percentage (%),N92000002,2.8542334191000003
2001,,Northern Ireland,,,,Undefined,Units,Percentage (%),N92000002,2.85696469962
2000,,Northern Ireland,,,,Undefined,Units,Percentage (%),N92000002,2.8579664815400005
2003,,Northern Ireland,,,,Undefined,Units,Percentage (%),N92000002,2.85885216044
2004,,Northern Ireland,,,,Undefined,Units,Percentage (%),N92000002,2.8591019063700003
2002,,Northern Ireland,,,,Undefined,Units,Percentage (%),N92000002,2.8594536199799996
2005,,Northern Ireland,,,,Undefined,Units,Percentage (%),N92000002,2.85985649909
2012,,Northern Ireland,,,,Undefined,Units,Percentage (%),N92000002,2.86262167995
2006,,Northern Ireland,,,,Undefined,Units,Percentage (%),N92000002,2.86568642213
2011,,Northern Ireland,,,,Undefined,Units,Percentage (%),N92000002,2.8668939606599997
2007,,Northern Ireland,,,,Undefined,Units,Percentage (%),N92000002,2.87297712824
2010,,Northern Ireland,,,,Undefined,Units,Percentage (%),N92000002,2.87579452569
2008,,Northern Ireland,,,,Undefined,Units,Percentage (%),N92000002,2.87777976407
2009,,Northern Ireland,,,,Undefined,Units,Percentage (%),N92000002,2.8803710269800002
2011,Public sector,,,18 to 24,Female,Undefined,Units,Percentage (%),,3.32893027347
2013,Public sector,,,18 to 24,Female,Undefined,Units,Percentage (%),,3.3582532915499996
2012,Public sector,,,18 to 24,Female,Undefined,Units,Percentage (%),,3.37049484837
2010,Public sector,Northern Ireland,,,,Undefined,Units,Percentage (%),N92000002,3.5686457846300006
2011,Public sector,Northern Ireland,,,,Undefined,Units,Percentage (%),N92000002,3.6024445159199994
2009,Public sector,Northern Ireland,,,,Undefined,Units,Percentage (%),N92000002,3.62758835435
2000,Public sector,,,18 to 24,Female,Undefined,Units,Percentage (%),,3.7064513963699994
2010,Public sector,,,18 to 24,Female,Undefined,Units,Percentage (%),,3.74302068025
2008,Public sector,Northern Ireland,,,,Undefined,Units,Percentage (%),N92000002,3.7475016655599998
2006,Public sector,,,18 to 24,Female,Undefined,Units,Percentage (%),,3.76444523182
2012,Public sector,Northern Ireland,,,,Undefined,Units,Percentage (%),N92000002,3.7655477934900006
2014,Public sector,,,18 to 24,Female,Undefined,Units,Percentage (%),,3.7849150224
2013,Public sector,Northern Ireland,,,,Undefined,Units,Percentage (%),N92000002,3.7959464101699996
2009,Public sector,,,18 to 24,Female,Undefined,Units,Percentage (%),,3.79833045607
2017,Public sector,Northern Ireland,,,,Undefined,Units,Percentage (%),N92000002,3.81804895871
2016,Public sector,Northern Ireland,,,,Undefined,Units,Percentage (%),N92000002,3.82363702891
2016,Public sector,,,18 to 24,Female,Undefined,Units,Percentage (%),,3.8255147002699994
2014,Public sector,Northern Ireland,,,,Undefined,Units,Percentage (%),N92000002,3.88016603501
2007,Public sector,,,18 to 24,Female,Undefined,Units,Percentage (%),,3.8935071353199993
2015,Public sector,Northern Ireland,,,,Undefined,Units,Percentage (%),N92000002,3.9036847865699995
2008,Public sector,,,18 to 24,Female,Undefined,Units,Percentage (%),,3.9322145297500004
2005,Public sector,,,18 to 24,Female,Undefined,Units,Percentage (%),,3.9741812128800005
2016,,England,North East,,,Undefined,Units,Percentage (%),E12000001,4.01664305236
2015,,England,North East,,,Undefined,Units,Percentage (%),E12000001,4.03105456833
2015,Public sector,,,18 to 24,Female,Undefined,Units,Percentage (%),,4.03275259384
2014,,England,North East,,,Undefined,Units,Percentage (%),E12000001,4.053934476459999
2001,Public sector,,,18 to 24,Female,Undefined,Units,Percentage (%),,4.05599093461
2013,,England,North East,,,Undefined,Units,Percentage (%),E12000001,4.0721540724
2012,,England,North East,,,Undefined,Units,Percentage (%),E12000001,4.0849364642
2011,,England,North East,,,Undefined,Units,Percentage (%),E12000001,4.1027653488
2010,,England,North East,,,Undefined,Units,Percentage (%),E12000001,4.1218776657300005
2009,,England,North East,,,Undefined,Units,Percentage (%),E12000001,4.13655781614
2004,Public sector,,,18 to 24,Female,Undefined,Units,Percentage (%),,4.1433236466
2008,,England,North East,,,Undefined,Units,Percentage (%),E12000001,4.15586418765
2000,,,,18 to 24,Female,Undefined,Units,Percentage (%),,4.17554475749
2007,,England,North East,,,Undefined,Units,Percentage (%),E12000001,4.1782186049000005
2003,Public sector,,,18 to 24,Female,Undefined,Units,Percentage (%),,4.18755149902
2006,,England,North East,,,Undefined,Units,Percentage (%),E12000001,4.19643445902
2000,,,,18 to 24,Male,Undefined,Units,Percentage (%),,4.207924234709999
2005,,England,North East,,,Undefined,Units,Percentage (%),E12000001,4.21617096216
2001,,,,18 to 24,Female,Undefined,Units,Percentage (%),,4.218106550340001
2004,,England,North East,,,Undefined,Units,Percentage (%),E12000001,4.23767568784
2001,,,,18 to 24,Male,Undefined,Units,Percentage (%),,4.256363776130001
2003,,England,North East,,,Undefined,Units,Percentage (%),E12000001,4.25989804728
2002,,England,North East,,,Undefined,Units,Percentage (%),E12000001,4.279577237869999
2002,,,,18 to 24,Female,Undefined,Units,Percentage (%),,4.2923000777
2002,Public sector,,,18 to 24,Female,Undefined,Units,Percentage (%),,4.29276054862
2001,,England,North East,,,Undefined,Units,Percentage (%),E12000001,4.29700626339
2000,,England,North East,,,Undefined,Units,Percentage (%),E12000001,4.31922391146
2017,Public sector,England,North East,,,Undefined,Units,Percentage (%),E12000001,4.329557910119999
2016,,,,18 to 24,Female,Undefined,Units,Percentage (%),,4.33201264427
2015,Public sector,England,North East,,,Undefined,Units,Percentage (%),E12000001,4.3414812112400005
2002,,,,18 to 24,Male,Undefined,Units,Percentage (%),,4.34710784146
2016,Public sector,England,North East,,,Undefined,Units,Percentage (%),E12000001,4.37248444932
2003,,,,18 to 24,Female,Undefined,Units,Percentage (%),,4.382165118500001
2014,Public sector,England,North East,,,Undefined,Units,Percentage (%),E12000001,4.40353726764
2015,,,,18 to 24,Female,Undefined,Units,Percentage (%),,4.4171287024699994
2013,Public sector,England,North East,,,Undefined,Units,Percentage (%),E12000001,4.4314668498800005
2003,,,,18 to 24,Male,Undefined,Units,Percentage (%),,4.447717077119999
2004,,,,18 to 24,Female,Undefined,Units,Percentage (%),,4.45129907802
2014,,,,18 to 24,Female,Undefined,Units,Percentage (%),,4.46108188226
2012,Public sector,England,North East,,,Undefined,Units,Percentage (%),E12000001,4.48117226103
2013,,,,18 to 24,Female,Undefined,Units,Percentage (%),,4.52387085857
2005,,,,18 to 24,Female,Undefined,Units,Percentage (%),,4.52557480909
2011,Public sector,England,North East,,,Undefined,Units,Percentage (%),E12000001,4.53522032808
2004,,,,18 to 24,Male,Undefined,Units,Percentage (%),,4.53687654007
2016,,,,18 to 24,Male,Undefined,Units,Percentage (%),,4.54715230401
2005,,,,18 to 24,Male,Undefined,Units,Percentage (%),,4.57021565922
2006,,,,18 to 24,Female,Undefined,Units,Percentage (%),,4.580880087480001
2012,,,,18 to 24,Female,Undefined,Units,Percentage (%),,4.60067595918
2007,,,,18 to 24,Female,Undefined,Units,Percentage (%),,4.60884969318
2006,,,,18 to 24,Male,Undefined,Units,Percentage (%),,4.60968141042
2015,,,,18 to 24,Male,Undefined,Units,Percentage (%),,4.61139061915
2008,,,,18 to 24,Female,Undefined,Units,Percentage (%),,4.6304599467
2009,,,,18 to 24,Female,Undefined,Units,Percentage (%),,4.63860818562
2010,,,,18 to 24,Female,Undefined,Units,Percentage (%),,4.64157942988
2011,,,,18 to 24,Female,Undefined,Units,Percentage (%),,4.64341039275
2014,,,,18 to 24,Male,Undefined,Units,Percentage (%),,4.6479024208499995
2010,Public sector,England,North East,,,Undefined,Units,Percentage (%),E12000001,4.6594982078900005
2007,,,,18 to 24,Male,Undefined,Units,Percentage (%),,4.66589719431
2009,,,,18 to 24,Male,Undefined,Units,Percentage (%),,4.66898057943
2008,,,,18 to 24,Male,Undefined,Units,Percentage (%),,4.67053352875
2013,,,,18 to 24,Male,Undefined,Units,Percentage (%),,4.68126571176
2009,Public sector,England,North East,,,Undefined,Units,Percentage (%),E12000001,4.7018527168
2010,,,,18 to 24,Male,Undefined,Units,Percentage (%),,4.71051884197
2012,,,,18 to 24,Male,Undefined,Units,Percentage (%),,4.7366887669599995
2016,,Wales,,,,Undefined,Units,Percentage (%),W92000004,4.74218169513
2011,,,,18 to 24,Male,Undefined,Units,Percentage (%),,4.7465957453400005
2015,,Wales,,,,Undefined,Units,Percentage (%),W92000004,4.75976713512
2014,,Wales,,,,Undefined,Units,Percentage (%),W92000004,4.78667410399
2013,,Wales,,,,Undefined,Units,Percentage (%),W92000004,4.80833094691
2012,,Wales,,,,Undefined,Units,Percentage (%),W92000004,4.82546982554
2011,,Wales,,,,Undefined,Units,Percentage (%),W92000004,4.8411961448500005
2008,Public sector,England,North East,,,Undefined,Units,Percentage (%),E12000001,4.84676882079
2010,,Wales,,,,Undefined,Units,Percentage (%),W92000004,4.85977921797
2009,,Wales,,,,Undefined,Units,Percentage (%),W92000004,4.88089990175
2008,,Wales,,,,Undefined,Units,Percentage (%),W92000004,4.89434226045
2007,,Wales,,,,Undefined,Units,Percentage (%),W92000004,4.90271420435
2006,,Wales,,,,Undefined,Units,Percentage (%),W92000004,4.9084530082599995
2005,,Wales,,,,Undefined,Units,Percentage (%),W92000004,4.91499418108
2001,,Wales,,,,Undefined,Units,Percentage (%),W92000004,4.923166160219999
2002,,Wales,,,,Undefined,Units,Percentage (%),W92000004,4.92351161093
2003,,Wales,,,,Undefined,Units,Percentage (%),W92000004,4.926031909700001
2004,,Wales,,,,Undefined,Units,Percentage (%),W92000004,4.933117670480001
2000,,Wales,,,,Undefined,Units,Percentage (%),W92000004,4.93643105546
2013,Public sector,,,18 to 24,,Undefined,Units,Percentage (%),,5.173941987619999
2012,Public sector,,,18 to 24,,Undefined,Units,Percentage (%),,5.219714158
2011,Public sector,,,18 to 24,,Undefined,Units,Percentage (%),,5.43569890347
2016,Public sector,Wales,,,,Undefined,Units,Percentage (%),W92000004,5.56165386023
2015,Public sector,Wales,,,,Undefined,Units,Percentage (%),W92000004,5.58190441445
2017,Public sector,Wales,,,,Undefined,Units,Percentage (%),W92000004,5.590062111799999
2010,Public sector,Wales,,,,Undefined,Units,Percentage (%),W92000004,5.5945145706699995
2011,Public sector,Wales,,,,Undefined,Units,Percentage (%),W92000004,5.61273721454
2009,Public sector,Wales,,,,Undefined,Units,Percentage (%),W92000004,5.635995640669999
2008,Public sector,Wales,,,,Undefined,Units,Percentage (%),W92000004,5.82944703531
2014,Public sector,Wales,,,,Undefined,Units,Percentage (%),W92000004,5.883414546109999
2012,Public sector,Wales,,,,Undefined,Units,Percentage (%),W92000004,5.89538251832
2013,Public sector,Wales,,,,Undefined,Units,Percentage (%),W92000004,5.94297492271
2014,Public sector,,,18 to 24,,Undefined,Units,Percentage (%),,5.9639265319
2010,Public sector,,,18 to 24,,Undefined,Units,Percentage (%),,6.0921324742900005
2016,Public sector,,,18 to 24,,Undefined,Units,Percentage (%),,6.1155306968900005
2013,Public sector,England,East Midlands,,,Undefined,Units,Percentage (%),E12000004,6.16626588801
2012,Public sector,England,East Midlands,,,Undefined,Units,Percentage (%),E12000004,6.18504004089
2010,Public sector,England,East Midlands,,,Undefined,Units,Percentage (%),E12000004,6.20227520648
2009,Public sector,England,East Midlands,,,Undefined,Units,Percentage (%),E12000004,6.21205044372
2016,Public sector,England,East Midlands,,,Undefined,Units,Percentage (%),E12000004,6.22027076473
2015,Public sector,England,East Midlands,,,Undefined,Units,Percentage (%),E12000004,6.22035753375
2006,Public sector,,,18 to 24,,Undefined,Units,Percentage (%),,6.22461549783
2000,Public sector,,,18 to 24,,Undefined,Units,Percentage (%),,6.2344694909700005
2017,Public sector,England,East Midlands,,,Undefined,Units,Percentage (%),E12000004,6.26598465473
2009,Public sector,,,18 to 24,,Undefined,Units,Percentage (%),,6.2677159459
2008,Public sector,England,East Midlands,,,Undefined,Units,Percentage (%),E12000004,6.27914723518
2014,Public sector,England,East Midlands,,,Undefined,Units,Percentage (%),E12000004,6.2804547915499995
2007,Public sector,,,18 to 24,,Undefined,Units,Percentage (%),,6.3071145497500005
2011,Public sector,England,East Midlands,,,Undefined,Units,Percentage (%),E12000004,6.320360244450001
2008,Public sector,,,18 to 24,,Undefined,Units,Percentage (%),,6.36235937174
2015,Public sector,,,18 to 24,,Undefined,Units,Percentage (%),,6.40158549799
2005,Public sector,,,18 to 24,,Undefined,Units,Percentage (%),,6.40750160288
2001,Public sector,,,18 to 24,,Undefined,Units,Percentage (%),,6.47089052431
2007,,,,25 to 34,Male,Undefined,Units,Percentage (%),,6.53411846151
2006,,,,25 to 34,Male,Undefined,Units,Percentage (%),,6.56236967664
2008,,,,25 to 34,Male,Undefined,Units,Percentage (%),,6.562943134559999
2009,,,,25 to 34,Male,Undefined,Units,Percentage (%),,6.582104097289999
2000,,,,65 and over,Male,Undefined,Units,Percentage (%),,6.58489746258
2008,,,,25 to 34,Female,Undefined,Units,Percentage (%),,6.589169292359999
2007,,,,25 to 34,Female,Undefined,Units,Percentage (%),,6.5927690527
2009,,,,25 to 34,Female,Undefined,Units,Percentage (%),,6.60221155357
2010,,,,25 to 34,Male,Undefined,Units,Percentage (%),,6.60799067474
2005,,,,25 to 34,Male,Undefined,Units,Percentage (%),,6.60918139913
2004,Public sector,,,18 to 24,,Undefined,Units,Percentage (%),,6.613355556549999
2006,,,,25 to 34,Female,Undefined,Units,Percentage (%),,6.63546213728
2004,,,,25 to 34,Male,Undefined,Units,Percentage (%),,6.64541586436
2001,,,,65 and over,Male,Undefined,Units,Percentage (%),,6.64561929982
2010,,,,25 to 34,Female,Undefined,Units,Percentage (%),,6.651988825399999
2011,,,,25 to 34,Male,Undefined,Units,Percentage (%),,6.67276657105
2005,,,,25 to 34,Female,Undefined,Units,Percentage (%),,6.686548499700001
2012,,,,25 to 34,Male,Undefined,Units,Percentage (%),,6.689319508990001
2002,,,,65 and over,Male,Undefined,Units,Percentage (%),,6.695286234169999
2011,,,,25 to 34,Female,Undefined,Units,Percentage (%),,6.7001995492
2004,,,,25 to 34,Female,Undefined,Units,Percentage (%),,6.71202596868
2013,,,,25 to 34,Male,Undefined,Units,Percentage (%),,6.739931239140001
2003,,,,65 and over,Male,Undefined,Units,Percentage (%),,6.744072966390001
2012,,,,25 to 34,Female,Undefined,Units,Percentage (%),,6.744486267409999
2014,,,,25 to 34,Male,Undefined,Units,Percentage (%),,6.750272831059999
2002,Public sector,,,18 to 24,,Undefined,Units,Percentage (%),,6.7654580521700005
2003,Public sector,,,18 to 24,,Undefined,Units,Percentage (%),,6.769197160219999
2003,,,,25 to 34,Male,Undefined,Units,Percentage (%),,6.76972832584
2016,,,,25 to 34,Female,Undefined,Units,Percentage (%),,6.77050381417
2015,,,,25 to 34,Male,Undefined,Units,Percentage (%),,6.77052787286
2015,,,,25 to 34,Female,Undefined,Units,Percentage (%),,6.7800056747
2004,,,,65 and over,Male,Undefined,Units,Percentage (%),,6.788415830140001
2014,,,,25 to 34,Female,Undefined,Units,Percentage (%),,6.79344682841
2013,,,,25 to 34,Female,Undefined,Units,Percentage (%),,6.79664854523
2016,,,,25 to 34,Male,Undefined,Units,Percentage (%),,6.81529265133
2005,,,,65 and over,Male,Undefined,Units,Percentage (%),,6.81981722031
2003,,,,25 to 34,Female,Undefined,Units,Percentage (%),,6.83530208314
2006,,,,65 and over,Male,Undefined,Units,Percentage (%),,6.83703358572
2007,,,,65 and over,Male,Undefined,Units,Percentage (%),,6.882171657030001
2002,,,,25 to 34,Male,Undefined,Units,Percentage (%),,6.93643062472
2008,,,,65 and over,Male,Undefined,Units,Percentage (%),,6.97353438739
2002,,,,25 to 34,Female,Undefined,Units,Percentage (%),,7.004843893210001
2000,,England,East Midlands,,,Undefined,Units,Percentage (%),E12000004,7.078204325589999
2001,,England,East Midlands,,,Undefined,Units,Percentage (%),E12000004,7.087477992999999
2009,,,,65 and over,Male,Undefined,Units,Percentage (%),,7.09346856046
2002,,England,East Midlands,,,Undefined,Units,Percentage (%),E12000004,7.1114374725300005
2001,,,,25 to 34,Male,Undefined,Units,Percentage (%),,7.13007605635
2003,,England,East Midlands,,,Undefined,Units,Percentage (%),E12000004,7.13500698614
2007,Public sector,,,25 to 34,Male,Undefined,Units,Percentage (%),,7.1385782522
2004,,England,East Midlands,,,Undefined,Units,Percentage (%),E12000004,7.15838189073
2005,,England,East Midlands,,,Undefined,Units,Percentage (%),E12000004,7.16582891482
2011,,England,East Midlands,,,Undefined,Units,Percentage (%),E12000004,7.16984688903
2012,,England,East Midlands,,,Undefined,Units,Percentage (%),E12000004,7.17012612662
2013,,England,East Midlands,,,Undefined,Units,Percentage (%),E12000004,7.17320659423
2006,,England,East Midlands,,,Undefined,Units,Percentage (%),E12000004,7.178837013460001
2014,,England,East Midlands,,,Undefined,Units,Percentage (%),E12000004,7.17901884602
2010,,England,East Midlands,,,Undefined,Units,Percentage (%),E12000004,7.181501063360001
2009,,England,East Midlands,,,Undefined,Units,Percentage (%),E12000004,7.18216847842
2015,,England,East Midlands,,,Undefined,Units,Percentage (%),E12000004,7.183282994450001
2007,,England,East Midlands,,,Undefined,Units,Percentage (%),E12000004,7.1833666766799995
2008,,England,East Midlands,,,Undefined,Units,Percentage (%),E12000004,7.18352319234
2016,,England,East Midlands,,,Undefined,Units,Percentage (%),E12000004,7.196613931619999
2001,,,,25 to 34,Female,Undefined,Units,Percentage (%),,7.206013646810002
2010,,,,65 and over,Male,Undefined,Units,Percentage (%),,7.213050094
2000,,,,25 to 34,Male,Undefined,Units,Percentage (%),,7.28948011724
2011,,,,65 and over,Male,Undefined,Units,Percentage (%),,7.3279456024
2013,Public sector,,,25 to 34,Male,Undefined,Units,Percentage (%),,7.332759651939999
2006,Public sector,,,25 to 34,Male,Undefined,Units,Percentage (%),,7.340406171900001
2000,,,,25 to 34,Female,Undefined,Units,Percentage (%),,7.39279658099
2008,Public sector,,,25 to 34,Male,Undefined,Units,Percentage (%),,7.441833202100001
2013,Public sector,England,East of England,,,Undefined,Units,Percentage (%),E12000006,7.48883545173
2015,Public sector,,,25 to 34,Male,Undefined,Units,Percentage (%),,7.518888705319999
2009,Public sector,England,East of England,,,Undefined,Units,Percentage (%),E12000006,7.5509886345899995
2009,Public sector,,,25 to 34,Male,Undefined,Units,Percentage (%),,7.560839356410001
2008,Public sector,England,East of England,,,Undefined,Units,Percentage (%),E12000006,7.561625582939999
2010,Public sector,England,East of England,,,Undefined,Units,Percentage (%),E12000006,7.58921614462
2012,,,,65 and over,Male,Undefined,Units,Percentage (%),,7.59631068379
2004,Public sector,,,25 to 34,Male,Undefined,Units,Percentage (%),,7.64162000498
2014,Public sector,,,25 to 34,Male,Undefined,Units,Percentage (%),,7.64642236165
2014,Public sector,England,East of England,,,Undefined,Units,Percentage (%),E12000006,7.652048366719999
2012,Public sector,England,East of England,,,Undefined,Units,Percentage (%),E12000006,7.68444368717
2015,Public sector,England,East of England,,,Undefined,Units,Percentage (%),E12000006,7.69792046698
2011,Public sector,England,East of England,,,Undefined,Units,Percentage (%),E12000006,7.719523962689999
2002,Public sector,,,25 to 34,Male,Undefined,Units,Percentage (%),,7.751109073049999
2016,Public sector,England,East of England,,,Undefined,Units,Percentage (%),E12000006,7.757043541900001
2016,Public sector,,,25 to 34,Male,Undefined,Units,Percentage (%),,7.768863947110001
2003,Public sector,,,25 to 34,Male,Undefined,Units,Percentage (%),,7.78605077905
2013,,,,65 and over,Male,Undefined,Units,Percentage (%),,7.79332662295
2010,Public sector,,,25 to 34,Male,Undefined,Units,Percentage (%),,7.796412849339999
2017,Public sector,England,East of England,,,Undefined,Units,Percentage (%),E12000006,7.81877968579
2012,Public sector,,,25 to 34,Male,Undefined,Units,Percentage (%),,7.854147231080001
2001,Public sector,,,25 to 34,Male,Undefined,Units,Percentage (%),,7.90060087268
2005,Public sector,,,25 to 34,Male,Undefined,Units,Percentage (%),,7.90987965283
2011,Public sector,,,25 to 34,Male,Undefined,Units,Percentage (%),,7.956209546980001
2014,,,,65 and over,Male,Undefined,Units,Percentage (%),,7.956791697510001
2014,Public sector,England,South West,,,Undefined,Units,Percentage (%),E12000009,8.04908861216
2015,,,,65 and over,Male,Undefined,Units,Percentage (%),,8.06677201244
2015,Public sector,England,South West,,,Undefined,Units,Percentage (%),E12000009,8.09923385626
2016,Public sector,England,South West,,,Undefined,Units,Percentage (%),E12000009,8.141236736189999
2016,,,,65 and over,Male,Undefined,Units,Percentage (%),,8.16474316207
2017,Public sector,England,South West,,,Undefined,Units,Percentage (%),E12000009,8.165875045669999
2013,Public sector,England,South West,,,Undefined,Units,Percentage (%),E12000009,8.210237031950001
2016,,Scotland,,,,Undefined,Units,Percentage (%),S92000003,8.23284114408
2015,,Scotland,,,,Undefined,Units,Percentage (%),S92000003,8.25218429467
2016,,England,Yorkshire and the Humber,,,Undefined,Units,Percentage (%),E12000003,8.26489236071
2014,,Scotland,,,,Undefined,Units,Percentage (%),S92000003,8.27843480428
2015,,England,Yorkshire and the Humber,,,Undefined,Units,Percentage (%),E12000003,8.27917859788
2012,Public sector,England,South West,,,Undefined,Units,Percentage (%),E12000009,8.28079741012
2014,,England,Yorkshire and the Humber,,,Undefined,Units,Percentage (%),E12000003,8.29767261363
2013,,Scotland,,,,Undefined,Units,Percentage (%),S92000003,8.310811398939999
2013,,England,Yorkshire and the Humber,,,Undefined,Units,Percentage (%),E12000003,8.3264278062
2012,,Scotland,,,,Undefined,Units,Percentage (%),S92000003,8.34094262258
2012,,England,Yorkshire and the Humber,,,Undefined,Units,Percentage (%),E12000003,8.34579467273
2000,,England,South West,,,Undefined,Units,Percentage (%),E12000009,8.35014871515
2011,,England,Yorkshire and the Humber,,,Undefined,Units,Percentage (%),E12000003,8.35616636416
2001,,England,South West,,,Undefined,Units,Percentage (%),E12000009,8.36256434623
2010,,England,Yorkshire and the Humber,,,Undefined,Units,Percentage (%),E12000003,8.37290240374
2011,,Scotland,,,,Undefined,Units,Percentage (%),S92000003,8.37463515332
2011,,England,South West,,,Undefined,Units,Percentage (%),E12000009,8.37610627265
2012,,England,South West,,,Undefined,Units,Percentage (%),E12000009,8.381813806539999
2002,,England,South West,,,Undefined,Units,Percentage (%),E12000009,8.382165000830001
2010,,England,South West,,,Undefined,Units,Percentage (%),E12000009,8.38323072781
2000,,,,18 to 24,,Undefined,Units,Percentage (%),,8.383468992200001
2010,,Scotland,,,,Undefined,Units,Percentage (%),S92000003,8.38471257622
2013,,England,South West,,,Undefined,Units,Percentage (%),E12000009,8.38864540716
2009,,England,Yorkshire and the Humber,,,Undefined,Units,Percentage (%),E12000003,8.38950084649
2009,,England,South West,,,Undefined,Units,Percentage (%),E12000009,8.39508544794
2003,,England,South West,,,Undefined,Units,Percentage (%),E12000009,8.39526028469
2014,,England,South West,,,Undefined,Units,Percentage (%),E12000009,8.39562800309
2016,,England,South West,,,Undefined,Units,Percentage (%),E12000009,8.40230999079
2015,,England,South West,,,Undefined,Units,Percentage (%),E12000009,8.40297518505
2009,,Scotland,,,,Undefined,Units,Percentage (%),S92000003,8.40324310992
2004,,England,South West,,,Undefined,Units,Percentage (%),E12000009,8.40409242553
2008,,England,Yorkshire and the Humber,,,Undefined,Units,Percentage (%),E12000003,8.40886091518
2016,Public sector,England,West Midlands,,,Undefined,Units,Percentage (%),E12000005,8.4156604464
2008,,Scotland,,,,Undefined,Units,Percentage (%),S92000003,8.41569485602
2006,,England,South West,,,Undefined,Units,Percentage (%),E12000009,8.417042367010001
2001,,England,Yorkshire and the Humber,,,Undefined,Units,Percentage (%),E12000003,8.41886159217
2005,,England,South West,,,Undefined,Units,Percentage (%),E12000009,8.41887965155
2008,,England,South West,,,Undefined,Units,Percentage (%),E12000009,8.41916277771
2000,,England,Yorkshire and the Humber,,,Undefined,Units,Percentage (%),E12000003,8.420683229560002
2017,Public sector,England,West Midlands,,,Undefined,Units,Percentage (%),E12000005,8.421629521369999
2007,,England,Yorkshire and the Humber,,,Undefined,Units,Percentage (%),E12000003,8.421748044960001
2002,,England,Yorkshire and the Humber,,,Undefined,Units,Percentage (%),E12000003,8.42256208078
2003,,England,Yorkshire and the Humber,,,Undefined,Units,Percentage (%),E12000003,8.42822825999
2007,,Scotland,,,,Undefined,Units,Percentage (%),S92000003,8.43130787606
2007,,England,South West,,,Undefined,Units,Percentage (%),E12000009,8.432183623119998
2013,Public sector,England,West Midlands,,,Undefined,Units,Percentage (%),E12000005,8.43352799725
2006,,Scotland,,,,Undefined,Units,Percentage (%),S92000003,8.43884187281
2006,,England,Yorkshire and the Humber,,,Undefined,Units,Percentage (%),E12000003,8.44034778136
2004,,England,Yorkshire and the Humber,,,Undefined,Units,Percentage (%),E12000003,8.445651806219999
2005,,England,Yorkshire and the Humber,,,Undefined,Units,Percentage (%),E12000003,8.455770549510001
2017,Public sector,England,Yorkshire and the Humber,,,Undefined,Units,Percentage (%),E12000003,8.45816587505
2005,,Scotland,,,,Undefined,Units,Percentage (%),S92000003,8.45873678494
2001,,,,18 to 24,,Undefined,Units,Percentage (%),,8.47447032647
2008,Public sector,England,South West,,,Undefined,Units,Percentage (%),E12000009,8.47768154564
2004,,Scotland,,,,Undefined,Units,Percentage (%),S92000003,8.48084925723
2014,Public sector,England,West Midlands,,,Undefined,Units,Percentage (%),E12000005,8.48222342537
2016,Public sector,England,Yorkshire and the Humber,,,Undefined,Units,Percentage (%),E12000003,8.48884010245
2003,,Scotland,,,,Undefined,Units,Percentage (%),S92000003,8.4989666256
2015,Public sector,England,Yorkshire and the Humber,,,Undefined,Units,Percentage (%),E12000003,8.500547245529999
2015,Public sector,England,West Midlands,,,Undefined,Units,Percentage (%),E12000005,8.500547245529999
2012,Public sector,England,West Midlands,,,Undefined,Units,Percentage (%),E12000005,8.5023002215
2008,Public sector,England,West Midlands,,,Undefined,Units,Percentage (%),E12000005,8.51099267155
2014,Public sector,England,Yorkshire and the Humber,,,Undefined,Units,Percentage (%),E12000003,8.518317993139998
2011,Public sector,England,West Midlands,,,Undefined,Units,Percentage (%),E12000005,8.52364104214
2010,Public sector,England,West Midlands,,,Undefined,Units,Percentage (%),E12000005,8.5242325074
2000,,,,50 to 64,Male,Undefined,Units,Percentage (%),,8.53181138865
2009,Public sector,England,West Midlands,,,Undefined,Units,Percentage (%),E12000005,8.53183870466
2002,,Scotland,,,,Undefined,Units,Percentage (%),S92000003,8.53355045543
2011,Public sector,England,South West,,,Undefined,Units,Percentage (%),E12000009,8.55580572531
2009,Public sector,England,South West,,,Undefined,Units,Percentage (%),E12000009,8.56297680212
2000,Public sector,,,25 to 34,Male,Undefined,Units,Percentage (%),,8.56485700014
2001,,Scotland,,,,Undefined,Units,Percentage (%),S92000003,8.566979563350001
2010,Public sector,England,South West,,,Undefined,Units,Percentage (%),E12000009,8.58656693159
2000,,Scotland,,,,Undefined,Units,Percentage (%),S92000003,8.59785757462
2001,,,,50 to 64,Male,Undefined,Units,Percentage (%),,8.598662940830001
2002,,,,18 to 24,,Undefined,Units,Percentage (%),,8.63940791916
2002,,,,50 to 64,Male,Undefined,Units,Percentage (%),,8.64505091048
2003,,,,50 to 64,Male,Undefined,Units,Percentage (%),,8.68252653041
2013,Public sector,England,Yorkshire and the Humber,,,Undefined,Units,Percentage (%),E12000003,8.708347646860002
2004,,,,50 to 64,Male,Undefined,Units,Percentage (%),,8.71810386339
2012,Public sector,England,Yorkshire and the Humber,,,Undefined,Units,Percentage (%),E12000003,8.72380303288
2005,,,,50 to 64,Male,Undefined,Units,Percentage (%),,8.74798777673
2000,,,,50 to 64,Female,Undefined,Units,Percentage (%),,8.74831252521
2008,Public sector,England,Yorkshire and the Humber,,,Undefined,Units,Percentage (%),E12000003,8.777481678880001
2006,,,,50 to 64,Male,Undefined,Units,Percentage (%),,8.81470415136
2001,,,,50 to 64,Female,Undefined,Units,Percentage (%),,8.8209507023
2003,,,,18 to 24,,Undefined,Units,Percentage (%),,8.82988219562
2015,,England,West Midlands,,,Undefined,Units,Percentage (%),E12000005,8.83273997369
2016,,England,West Midlands,,,Undefined,Units,Percentage (%),E12000005,8.8361095974
2009,Public sector,England,Yorkshire and the Humber,,,Undefined,Units,Percentage (%),E12000003,8.843219679279999
2014,,England,West Midlands,,,Undefined,Units,Percentage (%),E12000005,8.844537570560002
2007,,,,50 to 64,Male,Undefined,Units,Percentage (%),,8.85067819435
2013,,England,West Midlands,,,Undefined,Units,Percentage (%),E12000005,8.85212402638
2012,,England,West Midlands,,,Undefined,Units,Percentage (%),E12000005,8.857336696960001
2011,,England,West Midlands,,,Undefined,Units,Percentage (%),E12000005,8.86253322166
2010,,England,West Midlands,,,Undefined,Units,Percentage (%),E12000005,8.86856954273
2009,,England,West Midlands,,,Undefined,Units,Percentage (%),E12000005,8.878836891830002
2016,,,,18 to 24,,Undefined,Units,Percentage (%),,8.87916494829
2002,,,,50 to 64,Female,Undefined,Units,Percentage (%),,8.880279424760001
2008,,,,50 to 64,Male,Undefined,Units,Percentage (%),,8.88700061847
2008,,England,West Midlands,,,Undefined,Units,Percentage (%),E12000005,8.89017253752
2007,,England,West Midlands,,,Undefined,Units,Percentage (%),E12000005,8.89107345471
2011,Public sector,England,Yorkshire and the Humber,,,Undefined,Units,Percentage (%),E12000003,8.89353489868
2006,,England,West Midlands,,,Undefined,Units,Percentage (%),E12000005,8.903143398320001
2005,,England,West Midlands,,,Undefined,Units,Percentage (%),E12000005,8.90646453273
2010,Public sector,England,Yorkshire and the Humber,,,Undefined,Units,Percentage (%),E12000003,8.913822658560001
2004,,England,West Midlands,,,Undefined,Units,Percentage (%),E12000005,8.9180042343
2009,,,,50 to 64,Male,Undefined,Units,Percentage (%),,8.91878518263
2003,,,,50 to 64,Female,Undefined,Units,Percentage (%),,8.92089332565
2002,,England,West Midlands,,,Undefined,Units,Percentage (%),E12000005,8.92981141275
2003,,England,West Midlands,,,Undefined,Units,Percentage (%),E12000005,8.929867671
2001,,England,West Midlands,,,Undefined,Units,Percentage (%),E12000005,8.933272834530001
2012,,,,50 to 64,Male,Undefined,Units,Percentage (%),,8.937934728230001
2000,,England,West Midlands,,,Undefined,Units,Percentage (%),E12000005,8.94885063215
2013,,,,50 to 64,Male,Undefined,Units,Percentage (%),,8.95211832641
2010,,,,50 to 64,Male,Undefined,Units,Percentage (%),,8.954107250389999
2004,,,,50 to 64,Female,Undefined,Units,Percentage (%),,8.95974876816
2005,,,,50 to 64,Female,Undefined,Units,Percentage (%),,8.974375102589999
2004,,,,18 to 24,,Undefined,Units,Percentage (%),,8.988175618080001
2011,,,,50 to 64,Male,Undefined,Units,Percentage (%),,8.99767552085
2007,,,,65 and over,Female,Undefined,Units,Percentage (%),,9.00680742493
2014,,,,50 to 64,Male,Undefined,Units,Percentage (%),,9.00800554183
2015,,,,18 to 24,,Undefined,Units,Percentage (%),,9.02851932161
2008,,,,65 and over,Female,Undefined,Units,Percentage (%),,9.029416710449999
2006,,,,65 and over,Female,Undefined,Units,Percentage (%),,9.03460625514
2006,,,,50 to 64,Female,Undefined,Units,Percentage (%),,9.04432561248
2009,,,,65 and over,Female,Undefined,Units,Percentage (%),,9.083417691280001
2015,,,,50 to 64,Male,Undefined,Units,Percentage (%),,9.087972523560001
2007,,,,50 to 64,Female,Undefined,Units,Percentage (%),,9.09292092224
2005,,,,65 and over,Female,Undefined,Units,Percentage (%),,9.09547265737
2005,,,,18 to 24,,Undefined,Units,Percentage (%),,9.095790468310001
2014,,,,18 to 24,,Undefined,Units,Percentage (%),,9.10898430311
2008,,,,50 to 64,Female,Undefined,Units,Percentage (%),,9.11800237617
2000,,England,East of England,,,Undefined,Units,Percentage (%),E12000006,9.12774864478
2001,,England,East of England,,,Undefined,Units,Percentage (%),E12000006,9.13582720936
2010,,,,65 and over,Female,Undefined,Units,Percentage (%),,9.13942912443
2004,,,,65 and over,Female,Undefined,Units,Percentage (%),,9.14075017126
2009,,,,50 to 64,Female,Undefined,Units,Percentage (%),,9.1486388333
2002,,England,East of England,,,Undefined,Units,Percentage (%),E12000006,9.151227231860002
2003,,,,65 and over,Female,Undefined,Units,Percentage (%),,9.16806678415
2016,,,,50 to 64,Male,Undefined,Units,Percentage (%),,9.170443955580001
2003,,England,East of England,,,Undefined,Units,Percentage (%),E12000006,9.17914050924
2010,,,,50 to 64,Female,Undefined,Units,Percentage (%),,9.181760593969999
2012,,,,50 to 64,Female,Undefined,Units,Percentage (%),,9.183761470639999
2004,,England,East of England,,,Undefined,Units,Percentage (%),E12000006,9.188541373989999
2002,,,,65 and over,Female,Undefined,Units,Percentage (%),,9.18901674447
2006,,,,18 to 24,,Undefined,Units,Percentage (%),,9.190561497889998
2011,,,,65 and over,Female,Undefined,Units,Percentage (%),,9.19755339108
2013,,,,18 to 24,,Undefined,Units,Percentage (%),,9.205136570319999
2005,,England,East of England,,,Undefined,Units,Percentage (%),E12000006,9.207666540049999
2013,,,,50 to 64,Female,Undefined,Units,Percentage (%),,9.208086388139998
2001,,,,65 and over,Female,Undefined,Units,Percentage (%),,9.210174625499999
2006,,England,East of England,,,Undefined,Units,Percentage (%),E12000006,9.21677515702
2007,,England,East of England,,,Undefined,Units,Percentage (%),E12000006,9.219861845599999
2000,,,,65 and over,Female,Undefined,Units,Percentage (%),,9.221553520339999
2008,,England,East of England,,,Undefined,Units,Percentage (%),E12000006,9.233260629910001
2011,,,,50 to 64,Female,Undefined,Units,Percentage (%),,9.236734781910002
2009,,England,East of England,,,Undefined,Units,Percentage (%),E12000006,9.237709773099999
2010,,England,East of England,,,Undefined,Units,Percentage (%),E12000006,9.25342947523
2011,,England,East of England,,,Undefined,Units,Percentage (%),E12000006,9.26349777661
2012,,England,East of England,,,Undefined,Units,Percentage (%),E12000006,9.272969497070001
2007,,,,18 to 24,,Undefined,Units,Percentage (%),,9.27474688749
2014,,,,50 to 64,Female,Undefined,Units,Percentage (%),,9.27864608425
2013,,England,East of England,,,Undefined,Units,Percentage (%),E12000006,9.28828524236
2008,,,,18 to 24,,Undefined,Units,Percentage (%),,9.30099347545
2009,,,,18 to 24,,Undefined,Units,Percentage (%),,9.30758876505
2014,,England,East of England,,,Undefined,Units,Percentage (%),E12000006,9.31685079151
2015,,England,East of England,,,Undefined,Units,Percentage (%),E12000006,9.332587662289999
2012,,,,18 to 24,,Undefined,Units,Percentage (%),,9.337364726139999
2016,,England,East of England,,,Undefined,Units,Percentage (%),E12000006,9.338497680369999
2010,,,,18 to 24,,Undefined,Units,Percentage (%),,9.35209827185
2015,,,,50 to 64,Female,Undefined,Units,Percentage (%),,9.369578888560001
2011,,,,18 to 24,,Undefined,Units,Percentage (%),,9.39000613809
2012,,,,65 and over,Female,Undefined,Units,Percentage (%),,9.42109908747
2016,,,,50 to 64,Female,Undefined,Units,Percentage (%),,9.46361791623
2013,,,,65 and over,Female,Undefined,Units,Percentage (%),,9.57150831033
2000,Public sector,,,50 to 64,Male,Undefined,Units,Percentage (%),,9.692851274299999
2014,,,,65 and over,Female,Undefined,Units,Percentage (%),,9.701713795149999
2015,,,,65 and over,Female,Undefined,Units,Percentage (%),,9.766373336560001
2002,Public sector,,,50 to 64,Male,Undefined,Units,Percentage (%),,9.77184971225
2016,,,,35 to 49,Male,Undefined,Units,Percentage (%),,9.788536915349999
2016,,,,65 and over,Female,Undefined,Units,Percentage (%),,9.831350065610001
2004,Public sector,,,50 to 64,Male,Undefined,Units,Percentage (%),,9.8498252516
2015,,,,35 to 49,Male,Undefined,Units,Percentage (%),,9.89170885704
2001,Public sector,,,50 to 64,Male,Undefined,Units,Percentage (%),,9.904969854039999
2011,Public sector,Scotland,,,,Undefined,Units,Percentage (%),S92000003,9.93888710196
2016,,,,35 to 49,Female,Undefined,Units,Percentage (%),,9.97251952053
2005,Public sector,,,50 to 64,Male,Undefined,Units,Percentage (%),,9.982483555249999
2014,,,,35 to 49,Male,Undefined,Units,Percentage (%),,10.004696521
2010,Public sector,Scotland,,,,Undefined,Units,Percentage (%),S92000003,10.067009506
2015,,,,35 to 49,Female,Undefined,Units,Percentage (%),,10.088386684
2012,Public sector,,,50 to 64,Male,Undefined,Units,Percentage (%),,10.0936005803
2010,Public sector,,,50 to 64,Male,Undefined,Units,Percentage (%),,10.1307896378
2014,Public sector,,,50 to 64,Male,Undefined,Units,Percentage (%),,10.1493577263
2013,,,,35 to 49,Male,Undefined,Units,Percentage (%),,10.1508768634
2014,Public sector,Scotland,,,,Undefined,Units,Percentage (%),S92000003,10.160620826599999
2006,Public sector,,,50 to 64,Male,Undefined,Units,Percentage (%),,10.1631679582
2009,Public sector,Scotland,,,,Undefined,Units,Percentage (%),S92000003,10.1665888214
2016,Public sector,,,50 to 64,Male,Undefined,Units,Percentage (%),,10.1782076725
2011,Public sector,,,50 to 64,Male,Undefined,Units,Percentage (%),,10.1947328607
2014,,,,35 to 49,Female,Undefined,Units,Percentage (%),,10.2088089506
2017,Public sector,Scotland,,,,Undefined,Units,Percentage (%),S92000003,10.2119108513
2015,Public sector,Scotland,,,,Undefined,Units,Percentage (%),S92000003,10.2152499088
2008,Public sector,Scotland,,,,Undefined,Units,Percentage (%),S92000003,10.2265156562
2012,Public sector,Scotland,,,,Undefined,Units,Percentage (%),S92000003,10.240245357000001
2016,Public sector,Scotland,,,,Undefined,Units,Percentage (%),S92000003,10.245151847799999
2003,Public sector,,,50 to 64,Male,Undefined,Units,Percentage (%),,10.2503841154
2007,Public sector,,,50 to 64,Male,Undefined,Units,Percentage (%),,10.2697480207
2013,Public sector,Scotland,,,,Undefined,Units,Percentage (%),S92000003,10.3057368602
2015,Public sector,,,50 to 64,Male,Undefined,Units,Percentage (%),,10.3136940447
2012,,,,35 to 49,Male,Undefined,Units,Percentage (%),,10.3212038359
2013,,,,35 to 49,Female,Undefined,Units,Percentage (%),,10.3617740176
2008,Public sector,,,50 to 64,Male,Undefined,Units,Percentage (%),,10.401658275399999
2000,,,,35 to 49,Male,Undefined,Units,Percentage (%),,10.445014452899999
2009,Public sector,,,50 to 64,Male,Undefined,Units,Percentage (%),,10.465337526699999
2013,Public sector,,,50 to 64,Male,Undefined,Units,Percentage (%),,10.4695503042
2011,,,,35 to 49,Male,Undefined,Units,Percentage (%),,10.5086873073
2012,,,,35 to 49,Female,Undefined,Units,Percentage (%),,10.5394550477
2001,,,,35 to 49,Male,Undefined,Units,Percentage (%),,10.5645057934
2000,,,,35 to 49,Female,Undefined,Units,Percentage (%),,10.6360460662
2010,,,,35 to 49,Male,Undefined,Units,Percentage (%),,10.675823895
2002,,,,35 to 49,Male,Undefined,Units,Percentage (%),,10.6934921335
2011,,,,35 to 49,Female,Undefined,Units,Percentage (%),,10.7214544582
2001,,,,35 to 49,Female,Undefined,Units,Percentage (%),,10.7538295796
2003,,,,35 to 49,Male,Undefined,Units,Percentage (%),,10.798288810999999
2009,,,,35 to 49,Male,Undefined,Units,Percentage (%),,10.804795195499999
2004,,,,35 to 49,Male,Undefined,Units,Percentage (%),,10.8636921704
2002,,,,35 to 49,Female,Undefined,Units,Percentage (%),,10.8831067487
2008,,,,35 to 49,Male,Undefined,Units,Percentage (%),,10.890988663699998
2010,,,,35 to 49,Female,Undefined,Units,Percentage (%),,10.8910807003
2005,,,,35 to 49,Male,Undefined,Units,Percentage (%),,10.9280516422
2007,,,,35 to 49,Male,Undefined,Units,Percentage (%),,10.952939195499999
2006,,,,35 to 49,Male,Undefined,Units,Percentage (%),,10.9659010848
2003,,,,35 to 49,Female,Undefined,Units,Percentage (%),,10.978074192000001
2016,,England,North West,,,Undefined,Units,Percentage (%),E12000002,10.9974668861
2009,,,,35 to 49,Female,Undefined,Units,Percentage (%),,11.0157219139
2015,,England,North West,,,Undefined,Units,Percentage (%),E12000002,11.018017591600001
2014,,England,North West,,,Undefined,Units,Percentage (%),E12000002,11.042336927400001
2004,,,,35 to 49,Female,Undefined,Units,Percentage (%),,11.0638927897
2013,,England,North West,,,Undefined,Units,Percentage (%),E12000002,11.080553050699999
2008,,,,35 to 49,Female,Undefined,Units,Percentage (%),,11.0955701635
2005,,,,35 to 49,Female,Undefined,Units,Percentage (%),,11.1094985149
2012,,England,North West,,,Undefined,Units,Percentage (%),E12000002,11.1205300429
2011,,England,North West,,,Undefined,Units,Percentage (%),E12000002,11.149474335599999
2006,,,,35 to 49,Female,Undefined,Units,Percentage (%),,11.1557622859
2007,,,,35 to 49,Female,Undefined,Units,Percentage (%),,11.1620747704
2010,,England,North West,,,Undefined,Units,Percentage (%),E12000002,11.1854395296
2009,,England,North West,,,Undefined,Units,Percentage (%),E12000002,11.2208504123
2014,Public sector,England,North West,,,Undefined,Units,Percentage (%),E12000002,11.2254105757
2008,,England,North West,,,Undefined,Units,Percentage (%),E12000002,11.255455264
2017,Public sector,England,North West,,,Undefined,Units,Percentage (%),E12000002,11.2714651078
2015,Public sector,England,North West,,,Undefined,Units,Percentage (%),E12000002,11.2732579351
2016,Public sector,England,North West,,,Undefined,Units,Percentage (%),E12000002,11.287961946600001
2012,Public sector,England,North West,,,Undefined,Units,Percentage (%),E12000002,11.296643380499999
2007,,England,North West,,,Undefined,Units,Percentage (%),E12000002,11.300361266
2013,Public sector,England,North West,,,Undefined,Units,Percentage (%),E12000002,11.3191343181
2008,Public sector,England,South East,,,Undefined,Units,Percentage (%),E12000008,11.3424383744
2006,,England,North West,,,Undefined,Units,Percentage (%),E12000002,11.3462399889
2005,,England,North West,,,Undefined,Units,Percentage (%),E12000002,11.3717074373
2011,Public sector,England,North West,,,Undefined,Units,Percentage (%),E12000002,11.386297845
2009,Public sector,England,South East,,,Undefined,Units,Percentage (%),E12000008,11.396543671199998
2010,Public sector,England,South East,,,Undefined,Units,Percentage (%),E12000008,11.407199625999999
2004,,England,North West,,,Undefined,Units,Percentage (%),E12000002,11.4100541575
2003,,England,North West,,,Undefined,Units,Percentage (%),E12000002,11.4269641718
2002,,England,North West,,,Undefined,Units,Percentage (%),E12000002,11.4289608792
2001,,England,North West,,,Undefined,Units,Percentage (%),E12000002,11.4576881004
2010,Public sector,England,North West,,,Undefined,Units,Percentage (%),E12000002,11.5007012623
2012,Public sector,England,South East,,,Undefined,Units,Percentage (%),E12000008,11.501107514100001
2000,,England,North West,,,Undefined,Units,Percentage (%),E12000002,11.5039491941
2013,Public sector,England,South East,,,Undefined,Units,Percentage (%),E12000008,11.5080728272
2009,Public sector,England,North West,,,Undefined,Units,Percentage (%),E12000002,11.5678032072
2008,Public sector,England,North West,,,Undefined,Units,Percentage (%),E12000002,11.5756162558
2011,Public sector,England,South East,,,Undefined,Units,Percentage (%),E12000008,11.579285944
2014,Public sector,England,South East,,,Undefined,Units,Percentage (%),E12000008,11.6044035373
2017,Public sector,England,South East,,,Undefined,Units,Percentage (%),E12000008,11.7464377055
2015,Public sector,England,South East,,,Undefined,Units,Percentage (%),E12000008,11.7657789128
2016,Public sector,England,South East,,,Undefined,Units,Percentage (%),E12000008,11.800219539
2008,Public sector,England,London,,,Undefined,Units,Percentage (%),E12000007,12.208527648199999
2000,,England,London,,,Undefined,Units,Percentage (%),E12000007,12.289345535299999
2001,,England,London,,,Undefined,Units,Percentage (%),E12000007,12.3871246901
2004,,England,London,,,Undefined,Units,Percentage (%),E12000007,12.398139901199999
2003,,England,London,,,Undefined,Units,Percentage (%),E12000007,12.3997835425
2002,,England,London,,,Undefined,Units,Percentage (%),E12000007,12.425818036199999
2005,,England,London,,,Undefined,Units,Percentage (%),E12000007,12.44595476
2006,,England,London,,,Undefined,Units,Percentage (%),E12000007,12.4908620039
2007,,England,London,,,Undefined,Units,Percentage (%),E12000007,12.5466227271
2008,,England,London,,,Undefined,Units,Percentage (%),E12000007,12.6361765827
2009,Public sector,England,London,,,Undefined,Units,Percentage (%),E12000007,12.6420675697
2009,,England,London,,,Undefined,Units,Percentage (%),E12000007,12.757038228099999
2016,Public sector,,,35 to 49,Male,Undefined,Units,Percentage (%),,12.7680089916
2007,Public sector,,,25 to 34,Female,Undefined,Units,Percentage (%),,12.812798730999999
2008,Public sector,,,25 to 34,Female,Undefined,Units,Percentage (%),,12.8361022924
2010,,England,London,,,Undefined,Units,Percentage (%),E12000007,12.845068319300001
2011,Public sector,England,London,,,Undefined,Units,Percentage (%),E12000007,12.898037954300001
2015,Public sector,,,35 to 49,Male,Undefined,Units,Percentage (%),,12.9185801811
2010,Public sector,England,London,,,Undefined,Units,Percentage (%),E12000007,12.9499766246
2011,,England,London,,,Undefined,Units,Percentage (%),E12000007,12.964190885599999
2012,Public sector,England,London,,,Undefined,Units,Percentage (%),E12000007,13.0005111603
2006,Public sector,,,25 to 34,Female,Undefined,Units,Percentage (%),,13.041816497200001
2012,,England,London,,,Undefined,Units,Percentage (%),E12000007,13.041935621099999
2010,Public sector,,,25 to 34,Female,Undefined,Units,Percentage (%),,13.0662867395
2014,Public sector,,,35 to 49,Male,Undefined,Units,Percentage (%),,13.070331349100002
2007,,,,25 to 34,,Undefined,Units,Percentage (%),,13.1268875142
2013,,England,London,,,Undefined,Units,Percentage (%),E12000007,13.1291742223
2008,,,,25 to 34,,Undefined,Units,Percentage (%),,13.1521124269
2014,Public sector,,,25 to 34,Female,Undefined,Units,Percentage (%),,13.158931278399999
2009,,,,25 to 34,,Undefined,Units,Percentage (%),,13.184315650899999
2006,,,,25 to 34,,Undefined,Units,Percentage (%),,13.1978318139
2002,Public sector,,,25 to 34,Female,Undefined,Units,Percentage (%),,13.208037711
2014,,England,London,,,Undefined,Units,Percentage (%),E12000007,13.2184494354
2009,Public sector,,,25 to 34,Female,Undefined,Units,Percentage (%),,13.2292126077
2011,Public sector,,,25 to 34,Female,Undefined,Units,Percentage (%),,13.2420761251
2012,Public sector,,,25 to 34,Female,Undefined,Units,Percentage (%),,13.253076932899999
2010,,,,25 to 34,,Undefined,Units,Percentage (%),,13.2599795001
2013,Public sector,England,London,,,Undefined,Units,Percentage (%),E12000007,13.2600480934
2005,Public sector,,,25 to 34,Female,Undefined,Units,Percentage (%),,13.265979353099999
2005,,,,25 to 34,,Undefined,Units,Percentage (%),,13.295729898800001
2013,Public sector,,,35 to 49,Male,Undefined,Units,Percentage (%),,13.3084516429
2003,Public sector,,,25 to 34,Female,Undefined,Units,Percentage (%),,13.3192713446
2015,,England,London,,,Undefined,Units,Percentage (%),E12000007,13.321622593499999
2013,Public sector,,,25 to 34,Female,Undefined,Units,Percentage (%),,13.340722118199999
2004,,,,25 to 34,,Undefined,Units,Percentage (%),,13.357441833
2011,,,,25 to 34,,Undefined,Units,Percentage (%),,13.3729661202
2016,,England,London,,,Undefined,Units,Percentage (%),E12000007,13.3863709045
2014,Public sector,England,London,,,Undefined,Units,Percentage (%),E12000007,13.391084641800001
2012,,,,25 to 34,,Undefined,Units,Percentage (%),,13.433805776400002
2016,Public sector,,,25 to 34,Female,Undefined,Units,Percentage (%),,13.4411695995
2013,,,,25 to 34,,Undefined,Units,Percentage (%),,13.5365797844
2014,,,,25 to 34,,Undefined,Units,Percentage (%),,13.5437196595
2015,,,,25 to 34,,Undefined,Units,Percentage (%),,13.5505335476
2002,,England,South East,,,Undefined,Units,Percentage (%),E12000008,13.551924961600001
2015,Public sector,England,London,,,Undefined,Units,Percentage (%),E12000007,13.5534476468
2003,,England,South East,,,Undefined,Units,Percentage (%),E12000008,13.561999831600001
2004,Public sector,,,25 to 34,Female,Undefined,Units,Percentage (%),,13.566051095399999
2004,,England,South East,,,Undefined,Units,Percentage (%),E12000008,13.5663896886
2000,,England,South East,,,Undefined,Units,Percentage (%),E12000008,13.5695907003
2001,,England,South East,,,Undefined,Units,Percentage (%),E12000008,13.5730665476
2016,Public sector,England,London,,,Undefined,Units,Percentage (%),E12000007,13.574826198299998
2005,,England,South East,,,Undefined,Units,Percentage (%),E12000008,13.5779691868
2016,,,,25 to 34,,Undefined,Units,Percentage (%),,13.5857964655
2006,,England,South East,,,Undefined,Units,Percentage (%),E12000008,13.5973365278
2003,,,,25 to 34,,Undefined,Units,Percentage (%),,13.605030409000001
2017,Public sector,England,London,,,Undefined,Units,Percentage (%),E12000007,13.6097917428
2001,Public sector,,,25 to 34,Female,Undefined,Units,Percentage (%),,13.6161837119
2007,,England,South East,,,Undefined,Units,Percentage (%),E12000008,13.6195645482
2015,Public sector,,,25 to 34,Female,Undefined,Units,Percentage (%),,13.6220942991
2008,,England,South East,,,Undefined,Units,Percentage (%),E12000008,13.6297070324
2009,,England,South East,,,Undefined,Units,Percentage (%),E12000008,13.6377380671
2010,,England,South East,,,Undefined,Units,Percentage (%),E12000008,13.6676949526
2011,,England,South East,,,Undefined,Units,Percentage (%),E12000008,13.672693647100001
2012,,England,South East,,,Undefined,Units,Percentage (%),E12000008,13.6955229438
2013,,England,South East,,,Undefined,Units,Percentage (%),E12000008,13.716053813299999
2014,,England,South East,,,Undefined,Units,Percentage (%),E12000008,13.7372510618
2015,,England,South East,,,Undefined,Units,Percentage (%),E12000008,13.7427558401
2016,,England,South East,,,Undefined,Units,Percentage (%),E12000008,13.7495271375
2012,Public sector,,,35 to 49,Male,Undefined,Units,Percentage (%),,13.8758964889
2002,,,,25 to 34,,Undefined,Units,Percentage (%),,13.9412745179
2011,Public sector,,,35 to 49,Male,Undefined,Units,Percentage (%),,13.963169649700001
2000,Public sector,,,25 to 34,Female,Undefined,Units,Percentage (%),,14.0718349969
2010,Public sector,,,35 to 49,Male,Undefined,Units,Percentage (%),,14.0818771025
2009,Public sector,,,35 to 49,Male,Undefined,Units,Percentage (%),,14.0951748905
2008,Public sector,,,35 to 49,Male,Undefined,Units,Percentage (%),,14.1780832571
2001,,,,25 to 34,,Undefined,Units,Percentage (%),,14.336089703199999
2007,Public sector,,,35 to 49,Male,Undefined,Units,Percentage (%),,14.4700588668
2000,,,,25 to 34,,Undefined,Units,Percentage (%),,14.682276698199999
2003,Public sector,,,35 to 49,Male,Undefined,Units,Percentage (%),,14.8935208128
2005,Public sector,,,35 to 49,Male,Undefined,Units,Percentage (%),,14.9895680222
2006,Public sector,,,35 to 49,Male,Undefined,Units,Percentage (%),,15.019049431300001
2004,Public sector,,,35 to 49,Male,Undefined,Units,Percentage (%),,15.088978099999999
2002,Public sector,,,35 to 49,Male,Undefined,Units,Percentage (%),,15.244925759100001
2001,Public sector,,,35 to 49,Male,Undefined,Units,Percentage (%),,15.619812828299999
2000,,,,65 and over,,Undefined,Units,Percentage (%),,15.8064509829
2001,,,,65 and over,,Undefined,Units,Percentage (%),,15.8557939253
2006,,,,65 and over,,Undefined,Units,Percentage (%),,15.871639840899999
2002,,,,65 and over,,Undefined,Units,Percentage (%),,15.8843029786
2007,,,,65 and over,,Undefined,Units,Percentage (%),,15.888979082
2003,,,,65 and over,,Undefined,Units,Percentage (%),,15.9121397505
2005,,,,65 and over,,Undefined,Units,Percentage (%),,15.9152898777
2004,,,,65 and over,,Undefined,Units,Percentage (%),,15.9291660014
2000,Public sector,,,35 to 49,Male,Undefined,Units,Percentage (%),,15.938509508
2000,Public sector,,,50 to 64,Female,Undefined,Units,Percentage (%),,15.9881473467
2008,,,,65 and over,,Undefined,Units,Percentage (%),,16.0029510978
2009,,,,65 and over,,Undefined,Units,Percentage (%),,16.1768862517
2010,,,,65 and over,,Undefined,Units,Percentage (%),,16.3524792184
2011,,,,65 and over,,Undefined,Units,Percentage (%),,16.525498993499998
2001,Public sector,,,50 to 64,Female,Undefined,Units,Percentage (%),,16.8059895375
2003,Public sector,,,50 to 64,Female,Undefined,Units,Percentage (%),,16.954677745
2012,,,,65 and over,,Undefined,Units,Percentage (%),,17.017409771300002
2002,Public sector,,,50 to 64,Female,Undefined,Units,Percentage (%),,17.0288015498
2004,Public sector,,,50 to 64,Female,Undefined,Units,Percentage (%),,17.2225928527
2000,,,,50 to 64,,Undefined,Units,Percentage (%),,17.280123913900002
2005,Public sector,,,50 to 64,Female,Undefined,Units,Percentage (%),,17.3461949053
2013,,,,65 and over,,Undefined,Units,Percentage (%),,17.3648349333
2001,,,,50 to 64,,Undefined,Units,Percentage (%),,17.4196136431
2002,,,,50 to 64,,Undefined,Units,Percentage (%),,17.5253303352
2003,,,,50 to 64,,Undefined,Units,Percentage (%),,17.6034198561
2014,,,,65 and over,,Undefined,Units,Percentage (%),,17.6585054927
2004,,,,50 to 64,,Undefined,Units,Percentage (%),,17.6778526316
2005,,,,50 to 64,,Undefined,Units,Percentage (%),,17.7223628793
2015,,,,65 and over,,Undefined,Units,Percentage (%),,17.833145349000002
2006,,,,50 to 64,,Undefined,Units,Percentage (%),,17.859029763800002
2007,,,,50 to 64,,Undefined,Units,Percentage (%),,17.9435991166
2016,,,,65 and over,,Undefined,Units,Percentage (%),,17.9960932277
2008,,,,50 to 64,,Undefined,Units,Percentage (%),,18.0050029946
2009,,,,50 to 64,,Undefined,Units,Percentage (%),,18.0674240159
2006,Public sector,,,50 to 64,Female,Undefined,Units,Percentage (%),,18.1147944628
2012,,,,50 to 64,,Undefined,Units,Percentage (%),,18.1216961989
2010,,,,50 to 64,,Undefined,Units,Percentage (%),,18.1358678444
2013,,,,50 to 64,,Undefined,Units,Percentage (%),,18.1602047145
2011,,,,50 to 64,,Undefined,Units,Percentage (%),,18.2344103028
2014,,,,50 to 64,,Undefined,Units,Percentage (%),,18.2866516261
2009,Public sector,,,50 to 64,Female,Undefined,Units,Percentage (%),,18.3526309593
2015,,,,50 to 64,,Undefined,Units,Percentage (%),,18.4575514121
2007,Public sector,,,50 to 64,Female,Undefined,Units,Percentage (%),,18.4763159623
2008,Public sector,,,50 to 64,Female,Undefined,Units,Percentage (%),,18.6179919171
2016,,,,50 to 64,,Undefined,Units,Percentage (%),,18.6340618718
2010,Public sector,,,50 to 64,Female,Undefined,Units,Percentage (%),,18.9382550447
2016,,,,35 to 49,,Undefined,Units,Percentage (%),,19.7610564359
2011,Public sector,,,50 to 64,Female,Undefined,Units,Percentage (%),,19.7675779956
2007,Public sector,,,25 to 34,,Undefined,Units,Percentage (%),,19.9513769832
2015,,,,35 to 49,,Undefined,Units,Percentage (%),,19.980095541
2012,Public sector,,,50 to 64,Female,Undefined,Units,Percentage (%),,20.0259707843
2014,,,,35 to 49,,Undefined,Units,Percentage (%),,20.2135054716
2008,Public sector,,,25 to 34,,Undefined,Units,Percentage (%),,20.2779354945
2006,Public sector,,,25 to 34,,Undefined,Units,Percentage (%),,20.382222669100003
2014,Public sector,,,50 to 64,Female,Undefined,Units,Percentage (%),,20.4521203764
2013,,,,35 to 49,,Undefined,Units,Percentage (%),,20.512650881
2013,Public sector,,,25 to 34,,Undefined,Units,Percentage (%),,20.6734817701
2009,Public sector,,,25 to 34,,Undefined,Units,Percentage (%),,20.7900519641
2014,Public sector,,,25 to 34,,Undefined,Units,Percentage (%),,20.8053536401
2015,Public sector,,,50 to 64,Female,Undefined,Units,Percentage (%),,20.8417607502
2013,Public sector,,,50 to 64,Female,Undefined,Units,Percentage (%),,20.8591329714
2012,,,,35 to 49,,Undefined,Units,Percentage (%),,20.8606588836
2010,Public sector,,,25 to 34,,Undefined,Units,Percentage (%),,20.8626995888
2002,Public sector,,,25 to 34,,Undefined,Units,Percentage (%),,20.9591467841
2000,,,,35 to 49,,Undefined,Units,Percentage (%),,21.0810605192
2003,Public sector,,,25 to 34,,Undefined,Units,Percentage (%),,21.1053221237
2012,Public sector,,,25 to 34,,Undefined,Units,Percentage (%),,21.107224164
2015,Public sector,,,25 to 34,,Undefined,Units,Percentage (%),,21.1409830044
2005,Public sector,,,25 to 34,,Undefined,Units,Percentage (%),,21.175859005899998
2011,Public sector,,,25 to 34,,Undefined,Units,Percentage (%),,21.1982856721
2004,Public sector,,,25 to 34,,Undefined,Units,Percentage (%),,21.2076711003
2016,Public sector,,,25 to 34,,Undefined,Units,Percentage (%),,21.210033546600002
2011,,,,35 to 49,,Undefined,Units,Percentage (%),,21.2301417655
2001,,,,35 to 49,,Undefined,Units,Percentage (%),,21.318335373
2001,Public sector,,,25 to 34,,Undefined,Units,Percentage (%),,21.5167845846
2010,,,,35 to 49,,Undefined,Units,Percentage (%),,21.5669045952
2002,,,,35 to 49,,Undefined,Units,Percentage (%),,21.5765988822
2016,Public sector,,,50 to 64,Female,Undefined,Units,Percentage (%),,21.601772798699997
2003,,,,35 to 49,,Undefined,Units,Percentage (%),,21.776363003
2009,,,,35 to 49,,Undefined,Units,Percentage (%),,21.8205171094
2004,,,,35 to 49,,Undefined,Units,Percentage (%),,21.927584960100003
2008,,,,35 to 49,,Undefined,Units,Percentage (%),,21.9865588272
2005,,,,35 to 49,,Undefined,Units,Percentage (%),,22.037550157
2007,,,,35 to 49,,Undefined,Units,Percentage (%),,22.1150139659
2006,,,,35 to 49,,Undefined,Units,Percentage (%),,22.121663370700002
2000,Public sector,,,25 to 34,,Undefined,Units,Percentage (%),,22.636691997
2016,Public sector,,,35 to 49,Female,Undefined,Units,Percentage (%),,25.3643129017
2015,Public sector,,,35 to 49,Female,Undefined,Units,Percentage (%),,25.6257124275
2000,Public sector,,,50 to 64,,Undefined,Units,Percentage (%),,25.680998621
2001,Public sector,,,50 to 64,,Undefined,Units,Percentage (%),,26.7109593916
2014,Public sector,,,35 to 49,Female,Undefined,Units,Percentage (%),,26.7669833775
2002,Public sector,,,50 to 64,,Undefined,Units,Percentage (%),,26.800651262
2013,Public sector,,,35 to 49,Female,Undefined,Units,Percentage (%),,26.9277151399
2004,Public sector,,,50 to 64,,Undefined,Units,Percentage (%),,27.0724181043
2011,Public sector,,,35 to 49,Female,Undefined,Units,Percentage (%),,27.1839585442
2003,Public sector,,,50 to 64,,Undefined,Units,Percentage (%),,27.205061860300003
2005,Public sector,,,50 to 64,,Undefined,Units,Percentage (%),,27.3286784606
2012,Public sector,,,35 to 49,Female,Undefined,Units,Percentage (%),,27.4155397413
2010,Public sector,,,35 to 49,Female,Undefined,Units,Percentage (%),,27.8655384098
2009,Public sector,,,35 to 49,Female,Undefined,Units,Percentage (%),,27.994251622600004
2000,Public sector,,,35 to 49,Female,Undefined,Units,Percentage (%),,28.236599935999998
2001,Public sector,,,35 to 49,Female,Undefined,Units,Percentage (%),,28.2723066731
2006,Public sector,,,50 to 64,,Undefined,Units,Percentage (%),,28.277962420999998
2008,Public sector,,,35 to 49,Female,Undefined,Units,Percentage (%),,28.284064516999997
2003,Public sector,,,35 to 49,Female,Undefined,Units,Percentage (%),,28.4491898373
2006,Public sector,,,35 to 49,Female,Undefined,Units,Percentage (%),,28.5104259077
2004,Public sector,,,35 to 49,Female,Undefined,Units,Percentage (%),,28.5331254718
2002,Public sector,,,35 to 49,Female,Undefined,Units,Percentage (%),,28.656843407600004
2005,Public sector,,,35 to 49,Female,Undefined,Units,Percentage (%),,28.6885832698
2007,Public sector,,,50 to 64,,Undefined,Units,Percentage (%),,28.746063983000003
2009,Public sector,,,50 to 64,,Undefined,Units,Percentage (%),,28.817968485999998
2007,Public sector,,,35 to 49,Female,Undefined,Units,Percentage (%),,28.959232212699998
2008,Public sector,,,50 to 64,,Undefined,Units,Percentage (%),,29.0196501925
2010,Public sector,,,50 to 64,,Undefined,Units,Percentage (%),,29.0690446825
2011,Public sector,,,50 to 64,,Undefined,Units,Percentage (%),,29.9623108564
2012,Public sector,,,50 to 64,,Undefined,Units,Percentage (%),,30.1195713646
2014,Public sector,,,50 to 64,,Undefined,Units,Percentage (%),,30.6014781028
2015,Public sector,,,50 to 64,,Undefined,Units,Percentage (%),,31.1554547949
2013,Public sector,,,50 to 64,,Undefined,Units,Percentage (%),,31.3286832756
2016,Public sector,,,50 to 64,,Undefined,Units,Percentage (%),,31.7799804712
2013,Public sector,,,,Male,Undefined,Units,Percentage (%),,33.9475857164
2014,Public sector,,,,Male,Undefined,Units,Percentage (%),,34.1538607435
2016,Public sector,,,,Male,Undefined,Units,Percentage (%),,34.1866640128
2015,Public sector,,,,Male,Undefined,Units,Percentage (%),,34.284430876900004
2012,Public sector,,,,Male,Undefined,Units,Percentage (%),,34.6033104925
2007,Public sector,,,,Male,Undefined,Units,Percentage (%),,35.0169331186
2011,Public sector,,,,Male,Undefined,Units,Percentage (%),,35.1810710378
2010,Public sector,,,,Male,Undefined,Units,Percentage (%),,35.3015095629
2008,Public sector,,,,Male,Undefined,Units,Percentage (%),,35.3354522141
2009,Public sector,,,,Male,Undefined,Units,Percentage (%),,35.3834392864
2006,Public sector,,,,Male,Undefined,Units,Percentage (%),,35.6823592974
2004,Public sector,,,,Male,Undefined,Units,Percentage (%),,35.718360967399995
2005,Public sector,,,,Male,Undefined,Units,Percentage (%),,35.8951885473
2002,Public sector,,,,Male,Undefined,Units,Percentage (%),,35.930559085700004
2003,Public sector,,,,Male,Undefined,Units,Percentage (%),,36.1736743307
2001,Public sector,,,,Male,Undefined,Units,Percentage (%),,36.4793769329
2000,Public sector,,,,Male,Undefined,Units,Percentage (%),,37.3404896643
2016,Public sector,,,35 to 49,,Undefined,Units,Percentage (%),,38.1323218933
2015,Public sector,,,35 to 49,,Undefined,Units,Percentage (%),,38.5442926085
2014,Public sector,,,35 to 49,,Undefined,Units,Percentage (%),,39.8373147266
2013,Public sector,,,35 to 49,,Undefined,Units,Percentage (%),,40.2361667827
2011,Public sector,,,35 to 49,,Undefined,Units,Percentage (%),,41.1471281939
2012,Public sector,,,35 to 49,,Undefined,Units,Percentage (%),,41.2914362302
2010,Public sector,,,35 to 49,,Undefined,Units,Percentage (%),,41.9474155123
2009,Public sector,,,35 to 49,,Undefined,Units,Percentage (%),,42.0894265131
2008,Public sector,,,35 to 49,,Undefined,Units,Percentage (%),,42.462147774
2003,Public sector,,,35 to 49,,Undefined,Units,Percentage (%),,43.3427106501
2007,Public sector,,,35 to 49,,Undefined,Units,Percentage (%),,43.4292910795
2006,Public sector,,,35 to 49,,Undefined,Units,Percentage (%),,43.529475338999994
2004,Public sector,,,35 to 49,,Undefined,Units,Percentage (%),,43.622103571800004
2005,Public sector,,,35 to 49,,Undefined,Units,Percentage (%),,43.678151291999995
2001,Public sector,,,35 to 49,,Undefined,Units,Percentage (%),,43.8921195014
2002,Public sector,,,35 to 49,,Undefined,Units,Percentage (%),,43.9017691667
2000,Public sector,,,35 to 49,,Undefined,Units,Percentage (%),,44.17510944399999
2000,Public sector,,,,Female,Undefined,Units,Percentage (%),,62.6595103357
2001,Public sector,,,,Female,Undefined,Units,Percentage (%),,63.5206230671
2003,Public sector,,,,Female,Undefined,Units,Percentage (%),,63.826325669300005
2002,Public sector,,,,Female,Undefined,Units,Percentage (%),,64.0694409143
2005,Public sector,,,,Female,Undefined,Units,Percentage (%),,64.1048114527
2004,Public sector,,,,Female,Undefined,Units,Percentage (%),,64.2816390326
2006,Public sector,,,,Female,Undefined,Units,Percentage (%),,64.3176407026
2009,Public sector,,,,Female,Undefined,Units,Percentage (%),,64.6165607136
2008,Public sector,,,,Female,Undefined,Units,Percentage (%),,64.6645477859
2010,Public sector,,,,Female,Undefined,Units,Percentage (%),,64.6984904371
2011,Public sector,,,,Female,Undefined,Units,Percentage (%),,64.8189289622
2007,Public sector,,,,Female,Undefined,Units,Percentage (%),,64.9830668814
2012,Public sector,,,,Female,Undefined,Units,Percentage (%),,65.3966895075
2015,Public sector,,,,Female,Undefined,Units,Percentage (%),,65.71556912310001
2016,Public sector,,,,Female,Undefined,Units,Percentage (%),,65.8133359872
2014,Public sector,,,,Female,Undefined,Units,Percentage (%),,65.8461392565
2013,Public sector,,,,Female,Undefined,Units,Percentage (%),,66.0524142836
2013,Public sector,England,,,,Undefined,Units,Percentage (%),E92000001,79.5431123325
2008,Public sector,England,,,,Undefined,Units,Percentage (%),E92000001,79.5636242505
2012,Public sector,England,,,,Undefined,Units,Percentage (%),E92000001,79.6217413529
2014,Public sector,England,,,,Undefined,Units,Percentage (%),E92000001,79.6246164952
2015,Public sector,England,,,,Undefined,Units,Percentage (%),E92000001,79.952572054
2009,Public sector,England,,,,Undefined,Units,Percentage (%),E92000001,80.024910478
2016,Public sector,England,,,,Undefined,Units,Percentage (%),E92000001,80.0768386389
2017,Public sector,England,,,,Undefined,Units,Percentage (%),E92000001,80.0876872488
2010,Public sector,England,,,,Undefined,Units,Percentage (%),E92000001,80.3179055633
2011,Public sector,England,,,,Undefined,Units,Percentage (%),E92000001,80.4117079447
2000,,England,,,,Undefined,Units,Percentage (%),E92000001,83.6077448884
2001,,England,,,,Undefined,Units,Percentage (%),E92000001,83.6528895768
2002,,England,,,,Undefined,Units,Percentage (%),E92000001,83.68348431369999
2003,,England,,,,Undefined,Units,Percentage (%),E92000001,83.7161493043
2004,,England,,,,Undefined,Units,Percentage (%),E92000001,83.7269311659
2005,,England,,,,Undefined,Units,Percentage (%),E92000001,83.7664125349
2006,,England,,,,Undefined,Units,Percentage (%),E92000001,83.7870186968
2007,,England,,,,Undefined,Units,Percentage (%),E92000001,83.7930007914
2008,,England,,,,Undefined,Units,Percentage (%),E92000001,83.81218311949999
2009,,England,,,,Undefined,Units,Percentage (%),E92000001,83.83548596140001
2010,,England,,,,Undefined,Units,Percentage (%),E92000001,83.8797136801
2011,,England,,,,Undefined,Units,Percentage (%),E92000001,83.9172747412
2012,,England,,,,Undefined,Units,Percentage (%),E92000001,83.97096587189999
2013,,England,,,,Undefined,Units,Percentage (%),E92000001,84.026624235
2014,,England,,,,Undefined,Units,Percentage (%),E92000001,84.0856797258
2015,,England,,,,Undefined,Units,Percentage (%),E92000001,84.1442150069
2016,,England,,,,Undefined,Units,Percentage (%),E92000001,84.1884315413
2008,Public sector,Great Britain,,,,Undefined,Units,Percentage (%),K03000001,95.61958694200001
2014,Public sector,Great Britain,,,,Undefined,Units,Percentage (%),K03000001,95.66865186790001
2015,Public sector,Great Britain,,,,Undefined,Units,Percentage (%),K03000001,95.74972637719999
2012,Public sector,Great Britain,,,,Undefined,Units,Percentage (%),K03000001,95.7744079059
2013,Public sector,Great Britain,,,,Undefined,Units,Percentage (%),K03000001,95.77464788729999
2009,Public sector,Great Britain,,,,Undefined,Units,Percentage (%),K03000001,95.8274949401
2016,Public sector,Great Britain,,,,Undefined,Units,Percentage (%),K03000001,95.8836443469
2017,Public sector,Great Britain,,,,Undefined,Units,Percentage (%),K03000001,95.88966021190001
2011,Public sector,Great Britain,,,,Undefined,Units,Percentage (%),K03000001,95.96333226120001
2010,Public sector,Great Britain,,,,Undefined,Units,Percentage (%),K03000001,95.97942964
2009,,Great Britain,,,,Undefined,Units,Percentage (%),K03000001,97.11962897299999
2008,,Great Britain,,,,Undefined,Units,Percentage (%),K03000001,97.1222202359
2010,,Great Britain,,,,Undefined,Units,Percentage (%),K03000001,97.1242054743
2007,,Great Britain,,,,Undefined,Units,Percentage (%),K03000001,97.12702287180001
2011,,Great Britain,,,,Undefined,Units,Percentage (%),K03000001,97.1331060393
2006,,Great Britain,,,,Undefined,Units,Percentage (%),K03000001,97.1343135779
2012,,Great Britain,,,,Undefined,Units,Percentage (%),K03000001,97.13737832
2005,,Great Britain,,,,Undefined,Units,Percentage (%),K03000001,97.1401435009
2002,,Great Britain,,,,Undefined,Units,Percentage (%),K03000001,97.14054638
2004,,Great Britain,,,,Undefined,Units,Percentage (%),K03000001,97.1408980936
2003,,Great Britain,,,,Undefined,Units,Percentage (%),K03000001,97.1411478396
2000,,Great Britain,,,,Undefined,Units,Percentage (%),K03000001,97.1420335185
2001,,Great Britain,,,,Undefined,Units,Percentage (%),K03000001,97.14303530040002
2013,,Great Britain,,,,Undefined,Units,Percentage (%),K03000001,97.1457665809
2014,,Great Britain,,,,Undefined,Units,Percentage (%),K03000001,97.1507886341
2015,,Great Britain,,,,Undefined,Units,Percentage (%),K03000001,97.1561664367
2016,,Great Britain,,,,Undefined,Units,Percentage (%),K03000001,97.1634543805
