Year,Speed (mb/sec),Units,Unit multiplier,Observation status,Value
2008,10 mbps and over,Rate per 100 population,Units,Undefined,1.88186
2009,10 mbps and over,Rate per 100 population,Units,Undefined,9.55792
2010,10 mbps and over,Rate per 100 population,Units,Undefined,19.83672
2011,10 mbps and over,Rate per 100 population,Units,Undefined,22.34296
2012,10 mbps and over,Rate per 100 population,Units,Undefined,25.40093
2013,10 mbps and over,Rate per 100 population,Units,Undefined,27.72843
2014,10 mbps and over,Rate per 100 population,Units,Undefined,31.5843
2015,10 mbps and over,Rate per 100 population,Units,Undefined,34.82636
2016,10 mbps and over,Rate per 100 population,Units,Undefined,36.65549
2017,10 mbps and over,Rate per 100 population,Units,Undefined,37.85001
2018,10 mbps and over,Rate per 100 population,Units,Undefined,38.96989
2019,10 mbps and over,Rate per 100 population,Units,Undefined,39.26997
2008,Between 2 mbps and 10 mbps,Rate per 100 population,Units,Undefined,24.56598
2009,Between 2 mbps and 10 mbps,Rate per 100 population,Units,Undefined,18.23661
2010,Between 2 mbps and 10 mbps,Rate per 100 population,Units,Undefined,9.93042
2011,Between 2 mbps and 10 mbps,Rate per 100 population,Units,Undefined,8.56806
2012,Between 2 mbps and 10 mbps,Rate per 100 population,Units,Undefined,7.42279
2013,Between 2 mbps and 10 mbps,Rate per 100 population,Units,Undefined,5.80817
2014,Between 2 mbps and 10 mbps,Rate per 100 population,Units,Undefined,4.68702
2015,Between 2 mbps and 10 mbps,Rate per 100 population,Units,Undefined,2.62134
2016,Between 2 mbps and 10 mbps,Rate per 100 population,Units,Undefined,1.76745
2017,Between 2 mbps and 10 mbps,Rate per 100 population,Units,Undefined,1.17954
2018,Between 2 mbps and 10 mbps,Rate per 100 population,Units,Undefined,0.62714
2019,Between 2 mbps and 10 mbps,Rate per 100 population,Units,Undefined,0.39669
2008,Between 256 kbps and 2 mbps,Rate per 100 population,Units,Undefined,1.34844
2009,Between 256 kbps and 2 mbps,Rate per 100 population,Units,Undefined,0.63029
2010,Between 256 kbps and 2 mbps,Rate per 100 population,Units,Undefined,0.38275
2011,Between 256 kbps and 2 mbps,Rate per 100 population,Units,Undefined,0.0
2012,Between 256 kbps and 2 mbps,Rate per 100 population,Units,Undefined,0.0
2013,Between 256 kbps and 2 mbps,Rate per 100 population,Units,Undefined,0.0
2014,Between 256 kbps and 2 mbps,Rate per 100 population,Units,Undefined,0.0
2015,Between 256 kbps and 2 mbps,Rate per 100 population,Units,Undefined,0.0
2016,Between 256 kbps and 2 mbps,Rate per 100 population,Units,Undefined,0.0
2017,Between 256 kbps and 2 mbps,Rate per 100 population,Units,Undefined,0.0
2018,Between 256 kbps and 2 mbps,Rate per 100 population,Units,Undefined,0.0
2019,Between 256 kbps and 2 mbps,Rate per 100 population,Units,Undefined,0.0
2000,,Rate per 100 population,Units,Undefined,0.08976
2001,,Rate per 100 population,Units,Undefined,0.55977
2002,,Rate per 100 population,Units,Undefined,2.28648
2003,,Rate per 100 population,Units,Undefined,5.22772
2004,,Rate per 100 population,Units,Undefined,10.2282
2005,,Rate per 100 population,Units,Undefined,16.41896
2006,,Rate per 100 population,Units,Undefined,21.39545
2007,,Rate per 100 population,Units,Undefined,25.39412
2008,,Rate per 100 population,Units,Undefined,27.85421
2009,,Rate per 100 population,Units,Undefined,28.45395
2010,,Rate per 100 population,Units,Undefined,30.17896
2011,,Rate per 100 population,Units,Undefined,32.15914
2012,,Rate per 100 population,Units,Undefined,33.608
2013,,Rate per 100 population,Units,Undefined,35.45457
2014,,Rate per 100 population,Units,Undefined,36.27132
2015,,Rate per 100 population,Units,Undefined,37.4477
2016,,Rate per 100 population,Units,Undefined,38.42294
2017,,Rate per 100 population,Units,Undefined,39.02955
2018,,Rate per 100 population,Units,Undefined,39.59703
2019,,Rate per 100 population,Units,Undefined,39.66666
2008,10 mbps and over,Number,Units,Undefined,1169483.0
2009,10 mbps and over,Number,Units,Undefined,6005106.0
2010,10 mbps and over,Number,Units,Undefined,12588345.0
2011,10 mbps and over,Number,Units,Undefined,14304394.0
2012,10 mbps and over,Number,Units,Undefined,16390030.0
2013,10 mbps and over,Number,Units,Undefined,18019050.0
2014,10 mbps and over,Number,Units,Undefined,20663411.0
2015,10 mbps and over,Number,Units,Undefined,22936692.0
2016,10 mbps and over,Number,Units,Undefined,24301833.0
2017,10 mbps and over,Number,Units,Undefined,25256352.0
2018,10 mbps and over,Number,Units,Undefined,26165038.0
2019,10 mbps and over,Number,Units,Undefined,26519080.0
2008,Between 256 kbps and 2 mbps,Number,Units,Undefined,837991.0
2009,Between 256 kbps and 2 mbps,Number,Units,Undefined,396005.0
2010,Between 256 kbps and 2 mbps,Number,Units,Undefined,242891.0
2011,Between 256 kbps and 2 mbps,Number,Units,Undefined,0.0
2012,Between 256 kbps and 2 mbps,Number,Units,Undefined,0.0
2013,Between 256 kbps and 2 mbps,Number,Units,Undefined,0.0
2014,Between 256 kbps and 2 mbps,Number,Units,Undefined,0.0
2015,Between 256 kbps and 2 mbps,Number,Units,Undefined,0.0
2016,Between 256 kbps and 2 mbps,Number,Units,Undefined,0.0
2017,Between 256 kbps and 2 mbps,Number,Units,Undefined,0.0
2018,Between 256 kbps and 2 mbps,Number,Units,Undefined,0.0
2019,Between 256 kbps and 2 mbps,Number,Units,Undefined,0.0
2008,Between 2 mbps and 10 mbps,Number,Units,Undefined,15266549.0
2009,Between 2 mbps and 10 mbps,Number,Units,Undefined,11457811.0
2010,Between 2 mbps and 10 mbps,Number,Units,Undefined,6301828.0
2011,Between 2 mbps and 10 mbps,Number,Units,Undefined,5485439.0
2012,Between 2 mbps and 10 mbps,Number,Units,Undefined,4789579.0
2013,Between 2 mbps and 10 mbps,Number,Units,Undefined,3774383.0
2014,Between 2 mbps and 10 mbps,Number,Units,Undefined,3066389.0
2015,Between 2 mbps and 10 mbps,Number,Units,Undefined,1726418.0
2016,Between 2 mbps and 10 mbps,Number,Units,Undefined,1171786.0
2017,Between 2 mbps and 10 mbps,Number,Units,Undefined,787079.0
2018,Between 2 mbps and 10 mbps,Number,Units,Undefined,421072.0
2019,Between 256 kbps and 2 mbps,Number,Units,Undefined,267883.0
2000,,Number,Units,Undefined,52890.0
2001,,Number,Units,Undefined,330960.0
2002,,Number,Units,Undefined,1356481.0
2003,,Number,Units,Undefined,3113702.33
2004,,Number,Units,Undefined,6123907.0
2005,,Number,Units,Undefined,9898653.0
2006,,Number,Units,Undefined,13013000.0
2007,,Number,Units,Undefined,15606000.0
2008,,Number,Units,Undefined,17310023.0
2009,,Number,Units,Undefined,17877223.0
2010,,Number,Units,Undefined,19151508.0
2011,,Number,Units,Undefined,20588901.0
2012,,Number,Units,Undefined,21685668.0
2013,,Number,Units,Undefined,23039803.0
2014,,Number,Units,Undefined,23729800.0
2015,,Number,Units,Undefined,24663109.0
2016,,Number,Units,Undefined,25473619.0
2017,,Number,Units,Undefined,26043431.0
2018,,Number,Units,Undefined,26586110.0
2019,,Number,Units,Undefined,26786963.0
