Year,Death classification,Country of birth,Age,Deprivation quintile,Ethnicity,Observation status,Value
2003 - 05,,,,,,Undefined,13.95
2004 - 06,,,,,,Undefined,12.56
2005 - 07,,,,,,Undefined,11.66
2006 - 08,,,,,,Undefined,11.39
2007 - 09,,,,,,Undefined,10.89
2008 - 10,,,,,,Undefined,11.03
2009 - 11,,,,,,Undefined,10.63
2010 - 12,,,,,,Undefined,10.12
2011 - 13,,,,,,Undefined,9.02
2012 - 14,,,,,,Undefined,8.54
2013 - 15,,,,,,Undefined,8.76
2014 - 16,,,,,,Undefined,9.78
2003 - 05,Direct,,,,,Undefined,6.76
2004 - 06,Direct,,,,,Undefined,5.73
2005 - 07,Direct,,,,,Undefined,5.4
2006 - 08,Direct,,,,,Undefined,5.24
2007 - 09,Direct,,,,,Undefined,4.8
2008 - 10,Direct,,,,,Undefined,4.18
2009 - 11,Direct,,,,,Undefined,3.78
2010 - 12,Direct,,,,,Undefined,3.71
2011 - 13,Direct,,,,,Undefined,3.5
2012 - 14,Direct,,,,,Undefined,3.46
2013 - 15,Direct,,,,,Undefined,3.82
2014 - 16,Direct,,,,,Undefined,4.26
2003 - 05,Indirect,,,,,Undefined,7.19
2004 - 06,Indirect,,,,,Undefined,6.83
2005 - 07,Indirect,,,,,Undefined,6.26
2006 - 08,Indirect,,,,,Undefined,6.15
2007 - 09,Indirect,,,,,Undefined,6.09
2008 - 10,Indirect,,,,,Undefined,6.85
2009 - 11,Indirect,,,,,Undefined,6.85
2010 - 12,Indirect,,,,,Undefined,6.41
2011 - 13,Indirect,,,,,Undefined,5.52
2012 - 14,Indirect,,,,,Undefined,5.08
2013 - 15,Indirect,,,,,Undefined,4.94
2014 - 16,Indirect,,,,,Undefined,5.52
2009 - 11,,,19 and under,,,Undefined,10.36
2009 - 11,,,20 to 24,,,Undefined,7.98
2009 - 11,,,25 to 29,,,Undefined,8.05
2009 - 11,,,30 to 34,,,Undefined,10.09
2009 - 11,,,35 to 39,,,Undefined,15.53
2009 - 11,,,40 and over,,,Undefined,26.3
2010 - 12,,,19 and under,,,Undefined,8.03
2010 - 12,,,20 to 24,,,Undefined,6.72
2010 - 12,,,25 to 29,,,Undefined,9.01
2010 - 12,,,30 to 34,,,Undefined,9.99
2010 - 12,,,35 to 39,,,Undefined,13.16
2010 - 12,,,40 and over,,,Undefined,25.48
2011 - 13,,,19 and under,,,Undefined,7.2
2011 - 13,,,20 to 24,,,Undefined,5.4
2011 - 13,,,25 to 29,,,Undefined,7.6
2011 - 13,,,30 to 34,,,Undefined,9.0
2011 - 13,,,35 to 39,,,Undefined,13.6
2011 - 13,,,40 and over,,,Undefined,19.9
2012 - 14,,,19 and under,,,Undefined,5.0
2012 - 14,,,20 to 24,,,Undefined,5.95
2012 - 14,,,25 to 29,,,Undefined,7.14
2012 - 14,,,30 to 34,,,Undefined,7.88
2012 - 14,,,35 to 39,,,Undefined,13.62
2012 - 14,,,40 and over,,,Undefined,17.88
2013 - 15,,,19 and under,,,Undefined,9.0
2013 - 15,,,20 to 24,,,Undefined,6.37
2013 - 15,,,25 to 29,,,Undefined,6.9
2013 - 15,,,30 to 34,,,Undefined,7.72
2013 - 15,,,35 to 39,,,Undefined,13.39
2013 - 15,,,40 and over,,,Undefined,20.17
2014 - 16,,,19 and under,,,Undefined,11.1
2014 - 16,,,20 to 24,,,Undefined,7.26
2014 - 16,,,25 to 29,,,Undefined,8.14
2014 - 16,,,30 to 34,,,Undefined,8.32
2014 - 16,,,35 to 39,,,Undefined,14.16
2014 - 16,,,40 and over,,,Undefined,22.17
2009 - 11,,,,Quintile 1 (least deprived),,Undefined,7.52
2009 - 11,,,,Quintile 2,,Undefined,9.29
2009 - 11,,,,Quintile 3,,Undefined,10.23
2009 - 11,,,,Quintile 4,,Undefined,12.64
2009 - 11,,,,Quintile 5 (most deprived),,Undefined,13.07
2010 - 12,,,,Quintile 1 (least deprived),,Undefined,9.14
2010 - 12,,,,Quintile 2,,Undefined,8.25
2010 - 12,,,,Quintile 3,,Undefined,8.76
2010 - 12,,,,Quintile 4,,Undefined,10.28
2010 - 12,,,,Quintile 5 (most deprived),,Undefined,12.22
2011 - 13,,,,Quintile 1 (least deprived),,Undefined,7.6
2011 - 13,,,,Quintile 2,,Undefined,6.8
2011 - 13,,,,Quintile 3,,Undefined,5.8
2011 - 13,,,,Quintile 4,,Undefined,10.2
2011 - 13,,,,Quintile 5 (most deprived),,Undefined,10.9
2012 - 14,,,,Quintile 1 (least deprived),,Undefined,5.93
2012 - 14,,,,Quintile 2,,Undefined,5.88
2012 - 14,,,,Quintile 3,,Undefined,5.9
2012 - 14,,,,Quintile 4,,Undefined,9.22
2012 - 14,,,,Quintile 5 (most deprived),,Undefined,9.59
2013 - 15,,,,Quintile 1 (least deprived),,Undefined,3.92
2013 - 15,,,,Quintile 2,,Undefined,4.26
2013 - 15,,,,Quintile 3,,Undefined,7.37
2013 - 15,,,,Quintile 4,,Undefined,10.51
2013 - 15,,,,Quintile 5 (most deprived),,Undefined,9.23
2014 - 16,,,,Quintile 1 (least deprived),,Undefined,3.26
2014 - 16,,,,Quintile 2,,Undefined,5.54
2014 - 16,,,,Quintile 3,,Undefined,10.03
2014 - 16,,,,Quintile 4,,Undefined,11.84
2014 - 16,,,,Quintile 5 (most deprived),,Undefined,10.58
2012 - 14,,,,,White (inc. not known),Undefined,7.42
2012 - 14,,,,,Mixed/multiple ethnic groups,Undefined,3.32
2012 - 14,,,,,Asian,Undefined,10.1
2012 - 14,,,,,Black,Undefined,31.13
2012 - 14,,,,,Chinese or other,Undefined,4.11
2013 - 15,,,,,White (inc. not known),Undefined,6.58
2013 - 15,,,,,Asian,Undefined,10.79
2013 - 15,,,,,Black,Undefined,28.17
2013 - 15,,,,,Chinese or other,Undefined,4.07
2013 - 15,,,,,Mixed/multiple ethnic groups,Undefined,9.92
2014 - 16,,,,,White (inc. not known),Undefined,8.04
2014 - 16,,,,,Asian,Undefined,14.52
2014 - 16,,,,,Black,Undefined,39.66
2014 - 16,,,,,Chinese or other,Undefined,5.32
2014 - 16,,,,,Mixed/multiple ethnic groups,Undefined,16.32
2009 - 11,,Born in UK,,,,Undefined,8.96
2009 - 11,,Not born in UK,,,,Undefined,12.11
2010 - 12,,Born in UK,,,,Undefined,8.41
2010 - 12,,Not born in UK,,,,Undefined,11.46
2011 - 13,,Born in UK,,,,Undefined,7.9
2011 - 13,,Not born in UK,,,,Undefined,9.3
2012 - 14,,Born in UK,,,,Undefined,7.87
2012 - 14,,Not born in UK,,,,Undefined,8.85
2013 - 15,,Born in UK,,,,Undefined,7.78
2013 - 15,,Not born in UK,,,,Undefined,8.23
2014 - 16,,Born in UK,,,,Undefined,8.38
2014 - 16,,Not born in UK,,,,Undefined,9.4
2015 - 17,,,,,,Undefined,9.19
2015 - 17,Direct,,,,,Undefined,3.82
2015 - 17,Indirect,,,,,Undefined,5.35
2015 - 17,,Born in UK,,,,Undefined,7.97
2015 - 17,,Not born in UK,,,,Undefined,7.85
2015 - 17,,,19 and under,,,Undefined,12.03
2015 - 17,,,20 to 24,,,Undefined,5.58
2015 - 17,,,25 to 29,,,Undefined,8.56
2015 - 17,,,30 to 34,,,Undefined,7.07
2015 - 17,,,35 to 39,,,Undefined,12.81
2015 - 17,,,40 and over,,,Undefined,24.23
2015 - 17,,,,Quintile 1 (least deprived),,Undefined,5.19
2015 - 17,,,,Quintile 2,,Undefined,5.19
2015 - 17,,,,Quintile 3,,Undefined,7.22
2015 - 17,,,,Quintile 4,,Undefined,10.52
2015 - 17,,,,Quintile 5 (most deprived),,Undefined,11.58
2015 - 17,,,,,White (inc. not known),Undefined,7.22
2015 - 17,,,,,Asian,Undefined,12.74
2015 - 17,,,,,Black,Undefined,38.03
2015 - 17,,,,,Chinese or other,Undefined,9.28
2015 - 17,,,,,Mixed/multiple ethnic groups,Undefined,22.51
