Year,Sex,Country,Region,Health Board,Birth weight,Age,Unit measure,Unit multiplier,Observation status,GeoCode,Value
2008,Female,England and Wales,,,,,"Rate per 1,000 live births",Units,Undefined,K04000001,2.8
2008,,England,East,,,,"Rate per 1,000 live births",Units,Undefined,E12000006,2.9
2009,,England,East,,,,"Rate per 1,000 live births",Units,Undefined,E12000006,3.0
2010,,England,East,,,,"Rate per 1,000 live births",Units,Undefined,E12000006,2.5
2011,,England,East,,,,"Rate per 1,000 live births",Units,Undefined,E12000006,2.7
2012,,England,East,,,,"Rate per 1,000 live births",Units,Undefined,E12000006,2.8
2013,,England,East,,,,"Rate per 1,000 live births",Units,Undefined,E12000006,2.2
2014,,England,East,,,,"Rate per 1,000 live births",Units,Undefined,E12000006,2.5
2015,,England,East,,,,"Rate per 1,000 live births",Units,Undefined,E12000006,2.2
2016,,England,East,,,,"Rate per 1,000 live births",Units,Undefined,E12000006,2.2
2008,,England,East Midlands,,,,"Rate per 1,000 live births",Units,Undefined,E12000004,3.6
2009,,England,East Midlands,,,,"Rate per 1,000 live births",Units,Undefined,E12000004,3.3
2010,,England,East Midlands,,,,"Rate per 1,000 live births",Units,Undefined,E12000004,2.8
2011,,England,East Midlands,,,,"Rate per 1,000 live births",Units,Undefined,E12000004,3.1
2012,,England,East Midlands,,,,"Rate per 1,000 live births",Units,Undefined,E12000004,3.1
2013,,England,East Midlands,,,,"Rate per 1,000 live births",Units,Undefined,E12000004,2.7
2014,,England,East Midlands,,,,"Rate per 1,000 live births",Units,Undefined,E12000004,3.0
2015,,England,East Midlands,,,,"Rate per 1,000 live births",Units,Undefined,E12000004,3.1
2016,,England,East Midlands,,,,"Rate per 1,000 live births",Units,Undefined,E12000004,3.0
2008,,England,London,,,,"Rate per 1,000 live births",Units,Undefined,E12000007,2.8
2009,,England,London,,,,"Rate per 1,000 live births",Units,Undefined,E12000007,3.0
2010,,England,London,,,,"Rate per 1,000 live births",Units,Undefined,E12000007,3.2
2011,,England,London,,,,"Rate per 1,000 live births",Units,Undefined,E12000007,2.8
2012,,England,London,,,,"Rate per 1,000 live births",Units,Undefined,E12000007,2.6
2013,,England,London,,,,"Rate per 1,000 live births",Units,Undefined,E12000007,2.6
2014,,England,London,,,,"Rate per 1,000 live births",Units,Undefined,E12000007,2.0
2015,,England,London,,,,"Rate per 1,000 live births",Units,Undefined,E12000007,2.2
2016,,England,London,,,,"Rate per 1,000 live births",Units,Undefined,E12000007,2.2
2008,,England,North East,,,,"Rate per 1,000 live births",Units,Undefined,E12000001,3.1
2009,,England,North East,,,,"Rate per 1,000 live births",Units,Undefined,E12000001,2.9
2010,,England,North East,,,,"Rate per 1,000 live births",Units,Undefined,E12000001,2.8
2011,,England,North East,,,,"Rate per 1,000 live births",Units,Undefined,E12000001,2.4
2012,,England,North East,,,,"Rate per 1,000 live births",Units,Undefined,E12000001,2.4
2013,,England,North East,,,,"Rate per 1,000 live births",Units,Undefined,E12000001,2.1
2014,,England,North East,,,,"Rate per 1,000 live births",Units,Undefined,E12000001,2.6
2015,,England,North East,,,,"Rate per 1,000 live births",Units,Undefined,E12000001,2.0
2016,,England,North East,,,,"Rate per 1,000 live births",Units,Undefined,E12000001,2.3
2008,,England,North West,,,,"Rate per 1,000 live births",Units,Undefined,E12000002,3.4
2009,,England,North West,,,,"Rate per 1,000 live births",Units,Undefined,E12000002,3.2
2010,,England,North West,,,,"Rate per 1,000 live births",Units,Undefined,E12000002,3.1
2011,,England,North West,,,,"Rate per 1,000 live births",Units,Undefined,E12000002,3.0
2012,,England,North West,,,,"Rate per 1,000 live births",Units,Undefined,E12000002,2.8
2013,,England,North West,,,,"Rate per 1,000 live births",Units,Undefined,E12000002,2.8
2014,,England,North West,,,,"Rate per 1,000 live births",Units,Undefined,E12000002,2.7
2015,,England,North West,,,,"Rate per 1,000 live births",Units,Undefined,E12000002,2.6
2016,,England,North West,,,,"Rate per 1,000 live births",Units,Undefined,E12000002,3.4
2009,,England,South East,,,,"Rate per 1,000 live births",Units,Undefined,E12000008,2.5
2010,,England,South East,,,,"Rate per 1,000 live births",Units,Undefined,E12000008,2.4
2011,,England,South East,,,,"Rate per 1,000 live births",Units,Undefined,E12000008,2.4
2012,,England,South East,,,,"Rate per 1,000 live births",Units,Undefined,E12000008,2.3
2013,,England,South East,,,,"Rate per 1,000 live births",Units,Undefined,E12000008,2.4
2014,,England,South East,,,,"Rate per 1,000 live births",Units,Undefined,E12000008,2.2
2015,,England,South East,,,,"Rate per 1,000 live births",Units,Undefined,E12000008,2.2
2016,,England,South East,,,,"Rate per 1,000 live births",Units,Undefined,E12000008,2.6
2008,,England,South West,,,,"Rate per 1,000 live births",Units,Undefined,E12000009,2.7
2009,,England,South West,,,,"Rate per 1,000 live births",Units,Undefined,E12000009,2.4
2010,,England,South West,,,,"Rate per 1,000 live births",Units,Undefined,E12000009,2.2
2011,,England,South West,,,,"Rate per 1,000 live births",Units,Undefined,E12000009,2.6
2012,,England,South West,,,,"Rate per 1,000 live births",Units,Undefined,E12000009,2.6
2013,,England,South West,,,,"Rate per 1,000 live births",Units,Undefined,E12000009,2.5
2014,,England,South West,,,,"Rate per 1,000 live births",Units,Undefined,E12000009,2.0
2015,,England,South West,,,,"Rate per 1,000 live births",Units,Undefined,E12000009,2.6
2016,,England,South West,,,,"Rate per 1,000 live births",Units,Undefined,E12000009,2.4
2008,,England,West Midlands,,,,"Rate per 1,000 live births",Units,Undefined,E12000005,4.4
2009,,England,West Midlands,,,,"Rate per 1,000 live births",Units,Undefined,E12000005,4.4
2010,,England,West Midlands,,,,"Rate per 1,000 live births",Units,Undefined,E12000005,3.6
2011,,England,West Midlands,,,,"Rate per 1,000 live births",Units,Undefined,E12000005,4.3
2012,,England,West Midlands,,,,"Rate per 1,000 live births",Units,Undefined,E12000005,3.9
2013,,England,West Midlands,,,,"Rate per 1,000 live births",Units,Undefined,E12000005,3.7
2014,,England,West Midlands,,,,"Rate per 1,000 live births",Units,Undefined,E12000005,3.9
2015,,England,West Midlands,,,,"Rate per 1,000 live births",Units,Undefined,E12000005,4.6
2016,,England,West Midlands,,,,"Rate per 1,000 live births",Units,Undefined,E12000005,4.5
2008,,England,Yorkshire and The Humber,,,,"Rate per 1,000 live births",Units,Undefined,E12000003,3.4
2009,,England,Yorkshire and The Humber,,,,"Rate per 1,000 live births",Units,Undefined,E12000003,3.4
2010,,England,Yorkshire and The Humber,,,,"Rate per 1,000 live births",Units,Undefined,E12000003,3.6
2011,,England,Yorkshire and The Humber,,,,"Rate per 1,000 live births",Units,Undefined,E12000003,3.3
2012,,England,Yorkshire and The Humber,,,,"Rate per 1,000 live births",Units,Undefined,E12000003,2.6
2013,,England,Yorkshire and The Humber,,,,"Rate per 1,000 live births",Units,Undefined,E12000003,2.9
2014,,England,Yorkshire and The Humber,,,,"Rate per 1,000 live births",Units,Undefined,E12000003,2.6
2015,,England,Yorkshire and The Humber,,,,"Rate per 1,000 live births",Units,Undefined,E12000003,2.6
2016,,England,Yorkshire and The Humber,,,,"Rate per 1,000 live births",Units,Undefined,E12000003,2.4
2008,Female,England,,,,,"Rate per 1,000 live births",Units,Undefined,E92000001,2.8
2009,Female,England,,,,,"Rate per 1,000 live births",Units,Undefined,E92000001,2.9
2010,Female,England,,,,,"Rate per 1,000 live births",Units,Undefined,E92000001,2.7
2011,Female,England,,,,,"Rate per 1,000 live births",Units,Undefined,E92000001,2.5
2012,Female,England,,,,,"Rate per 1,000 live births",Units,Undefined,E92000001,2.5
2013,Female,England,,,,,"Rate per 1,000 live births",Units,Undefined,E92000001,2.4
2014,Female,England,,,,,"Rate per 1,000 live births",Units,Undefined,E92000001,2.4
2015,Female,England,,,,,"Rate per 1,000 live births",Units,Undefined,E92000001,2.3
2016,Female,England,,,,,"Rate per 1,000 live births",Units,Undefined,E92000001,2.6
2008,Male,England,,,,,"Rate per 1,000 live births",Units,Undefined,E92000001,3.5
2009,Male,England,,,,,"Rate per 1,000 live births",Units,Undefined,E92000001,3.3
2010,Male,England,,,,,"Rate per 1,000 live births",Units,Undefined,E92000001,3.2
2011,Male,England,,,,,"Rate per 1,000 live births",Units,Undefined,E92000001,3.3
2012,Male,England,,,,,"Rate per 1,000 live births",Units,Undefined,E92000001,3.1
2013,Male,England,,,,,"Rate per 1,000 live births",Units,Undefined,E92000001,3.0
2014,Male,England,,,,,"Rate per 1,000 live births",Units,Undefined,E92000001,2.7
2015,Male,England,,,,,"Rate per 1,000 live births",Units,Undefined,E92000001,3.0
2016,Male,England,,,,,"Rate per 1,000 live births",Units,Undefined,E92000001,2.9
2008,,England,,,,,"Rate per 1,000 live births",Units,Undefined,E92000001,3.2
2009,,England,,,,,"Rate per 1,000 live births",Units,Undefined,E92000001,3.1
2010,,England,,,,,"Rate per 1,000 live births",Units,Undefined,E92000001,2.9
2011,,England,,,,,"Rate per 1,000 live births",Units,Undefined,E92000001,2.9
2012,,England,,,,,"Rate per 1,000 live births",Units,Undefined,E92000001,2.8
2013,,England,,,,,"Rate per 1,000 live births",Units,Undefined,E92000001,2.7
2014,,England,,,,,"Rate per 1,000 live births",Units,Undefined,E92000001,2.5
2015,,England,,,,,"Rate per 1,000 live births",Units,Undefined,E92000001,2.6
2016,,England,,,,,"Rate per 1,000 live births",Units,Undefined,E92000001,2.8
2009,Female,England and Wales,,,,,"Rate per 1,000 live births",Units,Undefined,K04000001,2.9
2010,Female,England and Wales,,,,,"Rate per 1,000 live births",Units,Undefined,K04000001,2.7
2011,Female,England and Wales,,,,,"Rate per 1,000 live births",Units,Undefined,K04000001,2.5
2012,Female,England and Wales,,,,,"Rate per 1,000 live births",Units,Undefined,K04000001,2.5
2013,Female,England and Wales,,,,,"Rate per 1,000 live births",Units,Undefined,K04000001,2.4
2014,Female,England and Wales,,,,,"Rate per 1,000 live births",Units,Undefined,K04000001,2.4
2015,Female,England and Wales,,,,,"Rate per 1,000 live births",Units,Undefined,K04000001,2.3
2016,Female,England and Wales,,,,,"Rate per 1,000 live births",Units,Undefined,K04000001,2.5
2008,Male,England and Wales,,,,,"Rate per 1,000 live births",Units,Undefined,K04000001,3.5
2009,Male,England and Wales,,,,,"Rate per 1,000 live births",Units,Undefined,K04000001,3.4
2010,Male,England and Wales,,,,,"Rate per 1,000 live births",Units,Undefined,K04000001,3.2
2011,Male,England and Wales,,,,,"Rate per 1,000 live births",Units,Undefined,K04000001,3.3
2012,Male,England and Wales,,,,,"Rate per 1,000 live births",Units,Undefined,K04000001,3.1
2013,Male,England and Wales,,,,,"Rate per 1,000 live births",Units,Undefined,K04000001,3.0
2014,Male,England and Wales,,,,,"Rate per 1,000 live births",Units,Undefined,K04000001,2.7
2015,Male,England and Wales,,,,,"Rate per 1,000 live births",Units,Undefined,K04000001,3.0
2016,Male,England and Wales,,,,,"Rate per 1,000 live births",Units,Undefined,K04000001,2.9
2008,,England and Wales,,,,19 and under,"Rate per 1,000 live births",Units,Undefined,K04000001,3.98290483543
2008,,England and Wales,,,,20 to 24,"Rate per 1,000 live births",Units,Undefined,K04000001,3.41984687911
2009,,England and Wales,,,,20 to 24,"Rate per 1,000 live births",Units,Undefined,K04000001,3.32323618504
2010,,England and Wales,,,,20 to 24,"Rate per 1,000 live births",Units,Undefined,K04000001,2.95676998369
2011,,England and Wales,,,,20 to 24,"Rate per 1,000 live births",Units,Undefined,K04000001,3.17904939754
2012,,England and Wales,,,,20 to 24,"Rate per 1,000 live births",Units,Undefined,K04000001,2.82357915081
2013,,England and Wales,,,,20 to 24,"Rate per 1,000 live births",Units,Undefined,K04000001,2.61445551667
2014,,England and Wales,,,,20 to 24,"Rate per 1,000 live births",Units,Undefined,K04000001,2.57514540692
2015,,England and Wales,,,,20 to 24,"Rate per 1,000 live births",Units,Undefined,K04000001,2.84892379129
2016,,England and Wales,,,,20 to 24,"Rate per 1,000 live births",Units,Undefined,K04000001,2.80682604501
2008,,England and Wales,,,,25 to 29,"Rate per 1,000 live births",Units,Undefined,K04000001,3.09390547264
2009,,England and Wales,,,,25 to 29,"Rate per 1,000 live births",Units,Undefined,K04000001,3.04436740518
2010,,England and Wales,,,,25 to 29,"Rate per 1,000 live births",Units,Undefined,K04000001,2.7405098553
2011,,England and Wales,,,,25 to 29,"Rate per 1,000 live births",Units,Undefined,K04000001,2.71702553007
2012,,England and Wales,,,,25 to 29,"Rate per 1,000 live births",Units,Undefined,K04000001,2.72767702723
2013,,England and Wales,,,,25 to 29,"Rate per 1,000 live births",Units,Undefined,K04000001,2.42001494715
2014,,England and Wales,,,,25 to 29,"Rate per 1,000 live births",Units,Undefined,K04000001,2.24064872115
2015,,England and Wales,,,,25 to 29,"Rate per 1,000 live births",Units,Undefined,K04000001,2.3513621249
2016,,England and Wales,,,,25 to 29,"Rate per 1,000 live births",Units,Undefined,K04000001,2.53910631615
2008,,England and Wales,,,,30 to 34,"Rate per 1,000 live births",Units,Undefined,K04000001,2.80072746168
2009,,England and Wales,,,,30 to 34,"Rate per 1,000 live births",Units,Undefined,K04000001,2.75574112735
2010,,England and Wales,,,,30 to 34,"Rate per 1,000 live births",Units,Undefined,K04000001,2.78577673284
2011,,England and Wales,,,,30 to 34,"Rate per 1,000 live births",Units,Undefined,K04000001,2.67920502435
2012,,England and Wales,,,,30 to 34,"Rate per 1,000 live births",Units,Undefined,K04000001,2.40008878941
2013,,England and Wales,,,,30 to 34,"Rate per 1,000 live births",Units,Undefined,K04000001,2.58117999491
2014,,England and Wales,,,,30 to 34,"Rate per 1,000 live births",Units,Undefined,K04000001,2.30010851318
2015,,England and Wales,,,,30 to 34,"Rate per 1,000 live births",Units,Undefined,K04000001,2.26860462446
2016,,England and Wales,,,,30 to 34,"Rate per 1,000 live births",Units,Undefined,K04000001,2.52124890405
2008,,England and Wales,,,,35 to 39,"Rate per 1,000 live births",Units,Undefined,K04000001,2.942694889
2009,,England and Wales,,,,35 to 39,"Rate per 1,000 live births",Units,Undefined,K04000001,3.01868962621
2010,,England and Wales,,,,35 to 39,"Rate per 1,000 live births",Units,Undefined,K04000001,2.90915996927
2011,,England and Wales,,,,35 to 39,"Rate per 1,000 live births",Units,Undefined,K04000001,2.80655555941
2012,,England and Wales,,,,35 to 39,"Rate per 1,000 live births",Units,Undefined,K04000001,2.76139620373
2013,,England and Wales,,,,35 to 39,"Rate per 1,000 live births",Units,Undefined,K04000001,2.61883408072
2014,,England and Wales,,,,35 to 39,"Rate per 1,000 live births",Units,Undefined,K04000001,3.03027671897
2015,,England and Wales,,,,35 to 39,"Rate per 1,000 live births",Units,Undefined,K04000001,2.87694629148
2016,,England and Wales,,,,35 to 39,"Rate per 1,000 live births",Units,Undefined,K04000001,2.57178227707
2008,,England and Wales,,,,40 and over,"Rate per 1,000 live births",Units,Undefined,K04000001,3.55804534615
2009,,England and Wales,,,,40 and over,"Rate per 1,000 live births",Units,Undefined,K04000001,3.85527876631
2010,,England and Wales,,,,40 and over,"Rate per 1,000 live births",Units,Undefined,K04000001,3.75031553135
2011,,England and Wales,,,,40 and over,"Rate per 1,000 live births",Units,Undefined,K04000001,4.19080068143
2012,,England and Wales,,,,40 and over,"Rate per 1,000 live births",Units,Undefined,K04000001,3.63406014536
2013,,England and Wales,,,,40 and over,"Rate per 1,000 live births",Units,Undefined,K04000001,3.84114136772
2014,,England and Wales,,,,40 and over,"Rate per 1,000 live births",Units,Undefined,K04000001,2.82661151327
2015,,England and Wales,,,,40 and over,"Rate per 1,000 live births",Units,Undefined,K04000001,3.21466434116
2016,,England and Wales,,,,40 and over,"Rate per 1,000 live births",Units,Undefined,K04000001,3.86775636498
2009,,England and Wales,,,,19 and under,"Rate per 1,000 live births",Units,Undefined,K04000001,3.63064542238
2010,,England and Wales,,,,19 and under,"Rate per 1,000 live births",Units,Undefined,K04000001,3.30122440935
2011,,England and Wales,,,,19 and under,"Rate per 1,000 live births",Units,Undefined,K04000001,3.26609029779
2012,,England and Wales,,,,19 and under,"Rate per 1,000 live births",Units,Undefined,K04000001,3.99231110454
2013,,England and Wales,,,,19 and under,"Rate per 1,000 live births",Units,Undefined,K04000001,3.74107633169
2014,,England and Wales,,,,19 and under,"Rate per 1,000 live births",Units,Undefined,K04000001,3.42610771067
2015,,England and Wales,,,,19 and under,"Rate per 1,000 live births",Units,Undefined,K04000001,4.1757140471
2016,,England and Wales,,,,19 and under,"Rate per 1,000 live births",Units,Undefined,K04000001,4.31782773203
2008,,England and Wales,,,1000 to 1499,,"Rate per 1,000 live births",Units,Undefined,K04000001,45.2
2009,,England and Wales,,,1000 to 1499,,"Rate per 1,000 live births",Units,Undefined,K04000001,38.3
2010,,England and Wales,,,1000 to 1499,,"Rate per 1,000 live births",Units,Undefined,K04000001,33.1
2011,,England and Wales,,,1000 to 1499,,"Rate per 1,000 live births",Units,Undefined,K04000001,37.7
2012,,England and Wales,,,1000 to 1499,,"Rate per 1,000 live births",Units,Undefined,K04000001,39.5
2013,,England and Wales,,,1000 to 1499,,"Rate per 1,000 live births",Units,Undefined,K04000001,31.7
2014,,England and Wales,,,1000 to 1499,,"Rate per 1,000 live births",Units,Undefined,K04000001,29.8
2015,,England and Wales,,,1000 to 1499,,"Rate per 1,000 live births",Units,Undefined,K04000001,29.3
2016,,England and Wales,,,1000 to 1499,,"Rate per 1,000 live births",Units,Undefined,K04000001,26.6
2008,,England and Wales,,,1500 to 1999,,"Rate per 1,000 live births",Units,Undefined,K04000001,12.9
2009,,England and Wales,,,1500 to 1999,,"Rate per 1,000 live births",Units,Undefined,K04000001,14.0
2010,,England and Wales,,,1500 to 1999,,"Rate per 1,000 live births",Units,Undefined,K04000001,11.6
2011,,England and Wales,,,1500 to 1999,,"Rate per 1,000 live births",Units,Undefined,K04000001,12.4
2012,,England and Wales,,,1500 to 1999,,"Rate per 1,000 live births",Units,Undefined,K04000001,11.0
2013,,England and Wales,,,1500 to 1999,,"Rate per 1,000 live births",Units,Undefined,K04000001,10.7
2014,,England and Wales,,,1500 to 1999,,"Rate per 1,000 live births",Units,Undefined,K04000001,11.4
2015,,England and Wales,,,1500 to 1999,,"Rate per 1,000 live births",Units,Undefined,K04000001,11.9
2016,,England and Wales,,,1500 to 1999,,"Rate per 1,000 live births",Units,Undefined,K04000001,12.6
2008,,England and Wales,,,2000 to 2499,,"Rate per 1,000 live births",Units,Undefined,K04000001,4.3
2009,,England and Wales,,,2000 to 2499,,"Rate per 1,000 live births",Units,Undefined,K04000001,4.7
2010,,England and Wales,,,2000 to 2499,,"Rate per 1,000 live births",Units,Undefined,K04000001,4.3
2011,,England and Wales,,,2000 to 2499,,"Rate per 1,000 live births",Units,Undefined,K04000001,3.7
2012,,England and Wales,,,2000 to 2499,,"Rate per 1,000 live births",Units,Undefined,K04000001,3.9
2013,,England and Wales,,,2000 to 2499,,"Rate per 1,000 live births",Units,Undefined,K04000001,2.9
2014,,England and Wales,,,2000 to 2499,,"Rate per 1,000 live births",Units,Undefined,K04000001,3.6
2015,,England and Wales,,,2000 to 2499,,"Rate per 1,000 live births",Units,Undefined,K04000001,3.6
2016,,England and Wales,,,2000 to 2499,,"Rate per 1,000 live births",Units,Undefined,K04000001,2.8
2008,,England and Wales,,,2500 to 2999,,"Rate per 1,000 live births",Units,Undefined,K04000001,1.5
2009,,England and Wales,,,2500 to 2999,,"Rate per 1,000 live births",Units,Undefined,K04000001,1.7
2010,,England and Wales,,,2500 to 2999,,"Rate per 1,000 live births",Units,Undefined,K04000001,1.5
2011,,England and Wales,,,2500 to 2999,,"Rate per 1,000 live births",Units,Undefined,K04000001,1.3
2012,,England and Wales,,,2500 to 2999,,"Rate per 1,000 live births",Units,Undefined,K04000001,1.4
2013,,England and Wales,,,2500 to 2999,,"Rate per 1,000 live births",Units,Undefined,K04000001,1.3
2014,,England and Wales,,,2500 to 2999,,"Rate per 1,000 live births",Units,Undefined,K04000001,1.1
2015,,England and Wales,,,2500 to 2999,,"Rate per 1,000 live births",Units,Undefined,K04000001,1.1
2016,,England and Wales,,,2500 to 2999,,"Rate per 1,000 live births",Units,Undefined,K04000001,1.1
2008,,England and Wales,,,3000 to 3499,,"Rate per 1,000 live births",Units,Undefined,K04000001,0.8
2009,,England and Wales,,,3000 to 3499,,"Rate per 1,000 live births",Units,Undefined,K04000001,0.6
2010,,England and Wales,,,3000 to 3499,,"Rate per 1,000 live births",Units,Undefined,K04000001,0.6
2011,,England and Wales,,,3000 to 3499,,"Rate per 1,000 live births",Units,Undefined,K04000001,0.7
2012,,England and Wales,,,3000 to 3499,,"Rate per 1,000 live births",Units,Undefined,K04000001,0.6
2013,,England and Wales,,,3000 to 3499,,"Rate per 1,000 live births",Units,Undefined,K04000001,0.6
2014,,England and Wales,,,3000 to 3499,,"Rate per 1,000 live births",Units,Undefined,K04000001,0.6
2015,,England and Wales,,,3000 to 3499,,"Rate per 1,000 live births",Units,Undefined,K04000001,0.6
2016,,England and Wales,,,3000 to 3499,,"Rate per 1,000 live births",Units,Undefined,K04000001,0.4
2008,,England and Wales,,,3500 to 3999,,"Rate per 1,000 live births",Units,Undefined,K04000001,0.5
2009,,England and Wales,,,3500 to 3999,,"Rate per 1,000 live births",Units,Undefined,K04000001,0.5
2010,,England and Wales,,,3500 to 3999,,"Rate per 1,000 live births",Units,Undefined,K04000001,0.4
2011,,England and Wales,,,3500 to 3999,,"Rate per 1,000 live births",Units,Undefined,K04000001,0.4
2012,,England and Wales,,,3500 to 3999,,"Rate per 1,000 live births",Units,Undefined,K04000001,0.3
2013,,England and Wales,,,3500 to 3999,,"Rate per 1,000 live births",Units,Undefined,K04000001,0.4
2014,,England and Wales,,,3500 to 3999,,"Rate per 1,000 live births",Units,Undefined,K04000001,0.4
2015,,England and Wales,,,3500 to 3999,,"Rate per 1,000 live births",Units,Undefined,K04000001,0.3
2016,,England and Wales,,,3500 to 3999,,"Rate per 1,000 live births",Units,Undefined,K04000001,0.3
2008,,England and Wales,,,4000 and over,,"Rate per 1,000 live births",Units,Undefined,K04000001,0.7
2009,,England and Wales,,,4000 and over,,"Rate per 1,000 live births",Units,Undefined,K04000001,0.6
2010,,England and Wales,,,4000 and over,,"Rate per 1,000 live births",Units,Undefined,K04000001,0.5
2011,,England and Wales,,,4000 and over,,"Rate per 1,000 live births",Units,Undefined,K04000001,0.5
2012,,England and Wales,,,4000 and over,,"Rate per 1,000 live births",Units,Undefined,K04000001,0.5
2013,,England and Wales,,,4000 and over,,"Rate per 1,000 live births",Units,Undefined,K04000001,0.4
2014,,England and Wales,,,4000 and over,,"Rate per 1,000 live births",Units,Undefined,K04000001,0.4
2015,,England and Wales,,,4000 and over,,"Rate per 1,000 live births",Units,Undefined,K04000001,0.4
2016,,England and Wales,,,4000 and over,,"Rate per 1,000 live births",Units,Undefined,K04000001,0.4
2008,,England and Wales,,,Not stated,,"Rate per 1,000 live births",Units,Undefined,K04000001,24.2
2009,,England and Wales,,,Not stated,,"Rate per 1,000 live births",Units,Undefined,K04000001,37.6
2010,,England and Wales,,,Not stated,,"Rate per 1,000 live births",Units,Undefined,K04000001,24.8
2011,,England and Wales,,,Not stated,,"Rate per 1,000 live births",Units,Undefined,K04000001,25.7
2012,,England and Wales,,,Not stated,,"Rate per 1,000 live births",Units,Undefined,K04000001,29.1
2013,,England and Wales,,,Not stated,,"Rate per 1,000 live births",Units,Undefined,K04000001,26.9
2014,,England and Wales,,,Not stated,,"Rate per 1,000 live births",Units,Undefined,K04000001,18.7
2015,,England and Wales,,,Not stated,,"Rate per 1,000 live births",Units,Undefined,K04000001,21.6
2016,,England and Wales,,,Not stated,,"Rate per 1,000 live births",Units,Undefined,K04000001,24.0
2008,,England and Wales,,,Under 1000,,"Rate per 1,000 live births",Units,Undefined,K04000001,279.5
2009,,England and Wales,,,Under 1000,,"Rate per 1,000 live births",Units,Undefined,K04000001,274.3
2010,,England and Wales,,,Under 1000,,"Rate per 1,000 live births",Units,Undefined,K04000001,256.3
2011,,England and Wales,,,Under 1000,,"Rate per 1,000 live births",Units,Undefined,K04000001,274.6
2012,,England and Wales,,,Under 1000,,"Rate per 1,000 live births",Units,Undefined,K04000001,275.1
2013,,England and Wales,,,Under 1000,,"Rate per 1,000 live births",Units,Undefined,K04000001,270.3
2014,,England and Wales,,,Under 1000,,"Rate per 1,000 live births",Units,Undefined,K04000001,254.0
2015,,England and Wales,,,Under 1000,,"Rate per 1,000 live births",Units,Undefined,K04000001,273.0
2016,,England and Wales,,,Under 1000,,"Rate per 1,000 live births",Units,Undefined,K04000001,308.3
2008,,England and Wales,,,Under 1500,,"Rate per 1,000 live births",Units,Undefined,K04000001,151.4
2009,,England and Wales,,,Under 1500,,"Rate per 1,000 live births",Units,Undefined,K04000001,141.5
2010,,England and Wales,,,Under 1500,,"Rate per 1,000 live births",Units,Undefined,K04000001,137.4
2011,,England and Wales,,,Under 1500,,"Rate per 1,000 live births",Units,Undefined,K04000001,145.4
2012,,England and Wales,,,Under 1500,,"Rate per 1,000 live births",Units,Undefined,K04000001,144.7
2013,,England and Wales,,,Under 1500,,"Rate per 1,000 live births",Units,Undefined,K04000001,140.7
2014,,England and Wales,,,Under 1500,,"Rate per 1,000 live births",Units,Undefined,K04000001,131.9
2015,,England and Wales,,,Under 1500,,"Rate per 1,000 live births",Units,Undefined,K04000001,136.0
2016,,England and Wales,,,Under 1500,,"Rate per 1,000 live births",Units,Undefined,K04000001,151.5
2008,,England and Wales,,,Under 2500,,"Rate per 1,000 live births",Units,Undefined,K04000001,30.8
2009,,England and Wales,,,Under 2500,,"Rate per 1,000 live births",Units,Undefined,K04000001,29.3
2010,,England and Wales,,,Under 2500,,"Rate per 1,000 live births",Units,Undefined,K04000001,28.6
2011,,England and Wales,,,Under 2500,,"Rate per 1,000 live births",Units,Undefined,K04000001,28.9
2012,,England and Wales,,,Under 2500,,"Rate per 1,000 live births",Units,Undefined,K04000001,27.5
2013,,England and Wales,,,Under 2500,,"Rate per 1,000 live births",Units,Undefined,K04000001,25.6
2014,,England and Wales,,,Under 2500,,"Rate per 1,000 live births",Units,Undefined,K04000001,24.4
2015,,England and Wales,,,Under 2500,,"Rate per 1,000 live births",Units,Undefined,K04000001,25.0
2016,,England and Wales,,,Under 2500,,"Rate per 1,000 live births",Units,Undefined,K04000001,26.1
2000,,England and Wales,,,,,"Rate per 1,000 live births",Units,Undefined,K04000001,3.9
2001,,England and Wales,,,,,"Rate per 1,000 live births",Units,Undefined,K04000001,3.6
2002,,England and Wales,,,,,"Rate per 1,000 live births",Units,Undefined,K04000001,3.6
2003,,England and Wales,,,,,"Rate per 1,000 live births",Units,Undefined,K04000001,3.6
2004,,England and Wales,,,,,"Rate per 1,000 live births",Units,Undefined,K04000001,3.5
2005,,England and Wales,,,,,"Rate per 1,000 live births",Units,Undefined,K04000001,3.4
2006,,England and Wales,,,,,"Rate per 1,000 live births",Units,Undefined,K04000001,3.5
2007,,England and Wales,,,,,"Rate per 1,000 live births",Units,Undefined,K04000001,3.3
2008,,England and Wales,,,,,"Rate per 1,000 live births",Units,Undefined,K04000001,3.2
2009,,England and Wales,,,,,"Rate per 1,000 live births",Units,Undefined,K04000001,3.1
2010,,England and Wales,,,,,"Rate per 1,000 live births",Units,Undefined,K04000001,2.9
2011,,England and Wales,,,,,"Rate per 1,000 live births",Units,Undefined,K04000001,2.9
2012,,England and Wales,,,,,"Rate per 1,000 live births",Units,Undefined,K04000001,2.8
2013,,England and Wales,,,,,"Rate per 1,000 live births",Units,Undefined,K04000001,2.7
2014,,England and Wales,,,,,"Rate per 1,000 live births",Units,Undefined,K04000001,2.5
2015,,England and Wales,,,,,"Rate per 1,000 live births",Units,Undefined,K04000001,2.6
2016,,England and Wales,,,,,"Rate per 1,000 live births",Units,Undefined,K04000001,2.7
2008,Female,Northern Ireland,,,,,"Rate per 1,000 live births",Units,Undefined,N92000002,3.5
2009,Female,Northern Ireland,,,,,"Rate per 1,000 live births",Units,Undefined,N92000002,3.5
2010,Female,Northern Ireland,,,,,"Rate per 1,000 live births",Units,Undefined,N92000002,4.4
2011,Female,Northern Ireland,,,,,"Rate per 1,000 live births",Units,Undefined,N92000002,3.1
2012,Female,Northern Ireland,,,,,"Rate per 1,000 live births",Units,Undefined,N92000002,2.5
2013,Female,Northern Ireland,,,,,"Rate per 1,000 live births",Units,Undefined,N92000002,2.9
2014,Female,Northern Ireland,,,,,"Rate per 1,000 live births",Units,Undefined,N92000002,2.7
2015,Female,Northern Ireland,,,,,"Rate per 1,000 live births",Units,Undefined,N92000002,3.7
2016,Female,Northern Ireland,,,,,"Rate per 1,000 live births",Units,Undefined,N92000002,3.8
2008,Male,Northern Ireland,,,,,"Rate per 1,000 live births",Units,Undefined,N92000002,3.7
2009,Male,Northern Ireland,,,,,"Rate per 1,000 live births",Units,Undefined,N92000002,4.0
2010,Male,Northern Ireland,,,,,"Rate per 1,000 live births",Units,Undefined,N92000002,4.6
2011,Male,Northern Ireland,,,,,"Rate per 1,000 live births",Units,Undefined,N92000002,3.8
2012,Male,Northern Ireland,,,,,"Rate per 1,000 live births",Units,Undefined,N92000002,3.0
2013,Male,Northern Ireland,,,,,"Rate per 1,000 live births",Units,Undefined,N92000002,3.8
2014,Male,Northern Ireland,,,,,"Rate per 1,000 live births",Units,Undefined,N92000002,5.1
2015,Male,Northern Ireland,,,,,"Rate per 1,000 live births",Units,Undefined,N92000002,4.6
2016,Male,Northern Ireland,,,,,"Rate per 1,000 live births",Units,Undefined,N92000002,3.3
2008,,Northern Ireland,,,,,"Rate per 1,000 live births",Units,Undefined,N92000002,3.6
2009,,Northern Ireland,,,,,"Rate per 1,000 live births",Units,Undefined,N92000002,3.8
2010,,Northern Ireland,,,,,"Rate per 1,000 live births",Units,Undefined,N92000002,4.5
2011,,Northern Ireland,,,,,"Rate per 1,000 live births",Units,Undefined,N92000002,3.4
2012,,Northern Ireland,,,,,"Rate per 1,000 live births",Units,Undefined,N92000002,2.7
2013,,Northern Ireland,,,,,"Rate per 1,000 live births",Units,Undefined,N92000002,3.3
2014,,Northern Ireland,,,,,"Rate per 1,000 live births",Units,Undefined,N92000002,3.9
2015,,Northern Ireland,,,,,"Rate per 1,000 live births",Units,Undefined,N92000002,4.2
2016,,Northern Ireland,,,,,"Rate per 1,000 live births",Units,Undefined,N92000002,3.5
2008,Female,Scotland,,,,,"Rate per 1,000 live births",Units,Undefined,S92000003,2.6
2009,Female,Scotland,,,,,"Rate per 1,000 live births",Units,Undefined,S92000003,2.3
2010,Female,Scotland,,,,,"Rate per 1,000 live births",Units,Undefined,S92000003,2.3
2011,Female,Scotland,,,,,"Rate per 1,000 live births",Units,Undefined,S92000003,2.4
2012,Female,Scotland,,,,,"Rate per 1,000 live births",Units,Undefined,S92000003,2.1
2013,Female,Scotland,,,,,"Rate per 1,000 live births",Units,Undefined,S92000003,2.4
2014,Female,Scotland,,,,,"Rate per 1,000 live births",Units,Undefined,S92000003,2.3
2015,Female,Scotland,,,,,"Rate per 1,000 live births",Units,Undefined,S92000003,1.8
2016,Female,Scotland,,,,,"Rate per 1,000 live births",Units,Undefined,S92000003,2.1
2008,Male,Scotland,,,,,"Rate per 1,000 live births",Units,Undefined,S92000003,3.0
2009,Male,Scotland,,,,,"Rate per 1,000 live births",Units,Undefined,S92000003,3.3
2010,Male,Scotland,,,,,"Rate per 1,000 live births",Units,Undefined,S92000003,2.8
2011,Male,Scotland,,,,,"Rate per 1,000 live births",Units,Undefined,S92000003,3.0
2012,Male,Scotland,,,,,"Rate per 1,000 live births",Units,Undefined,S92000003,3.0
2013,Male,Scotland,,,,,"Rate per 1,000 live births",Units,Undefined,S92000003,2.3
2014,Male,Scotland,,,,,"Rate per 1,000 live births",Units,Undefined,S92000003,2.5
2015,Male,Scotland,,,,,"Rate per 1,000 live births",Units,Undefined,S92000003,2.2
2016,Male,Scotland,,,,,"Rate per 1,000 live births",Units,Undefined,S92000003,2.3
2008,,Scotland,,,,,"Rate per 1,000 live births",Units,Undefined,S92000003,2.8
2009,,Scotland,,,,,"Rate per 1,000 live births",Units,Undefined,S92000003,2.8
2010,,Scotland,,,,,"Rate per 1,000 live births",Units,Undefined,S92000003,2.6
2011,,Scotland,,,,,"Rate per 1,000 live births",Units,Undefined,S92000003,2.7
2012,,Scotland,,,,,"Rate per 1,000 live births",Units,Undefined,S92000003,2.6
2013,,Scotland,,,,,"Rate per 1,000 live births",Units,Undefined,S92000003,2.3
2014,,Scotland,,,,,"Rate per 1,000 live births",Units,Undefined,S92000003,2.4
2015,,Scotland,,,,,"Rate per 1,000 live births",Units,Undefined,S92000003,2.0
2016,,Scotland,,,,,"Rate per 1,000 live births",Units,Undefined,S92000003,2.2
2009,,Wales,,Abertawe Bro Morgannwg University,,,"Rate per 1,000 live births",Units,Undefined,W11000026,2.6
2010,,Wales,,Abertawe Bro Morgannwg University,,,"Rate per 1,000 live births",Units,Undefined,W11000026,3.0
2011,,Wales,,Abertawe Bro Morgannwg University,,,"Rate per 1,000 live births",Units,Undefined,W11000026,3.0
2012,,Wales,,Abertawe Bro Morgannwg University,,,"Rate per 1,000 live births",Units,Undefined,W11000026,2.7
2013,,Wales,,Abertawe Bro Morgannwg University,,,"Rate per 1,000 live births",Units,Undefined,W11000026,2.0
2014,,Wales,,Abertawe Bro Morgannwg University,,,"Rate per 1,000 live births",Units,Undefined,W11000026,2.0
2015,,Wales,,Abertawe Bro Morgannwg University,,,"Rate per 1,000 live births",Units,Undefined,W11000026,2.2
2016,,Wales,,Abertawe Bro Morgannwg University,,,"Rate per 1,000 live births",Units,Undefined,W11000026,2.2
2009,,Wales,,Aneurin Bevan University,,,"Rate per 1,000 live births",Units,Undefined,W11000028,2.7
2010,,Wales,,Aneurin Bevan University,,,"Rate per 1,000 live births",Units,Undefined,W11000028,1.3
2011,,Wales,,Aneurin Bevan University,,,"Rate per 1,000 live births",Units,Undefined,W11000028,2.9
2012,,Wales,,Aneurin Bevan University,,,"Rate per 1,000 live births",Units,Undefined,W11000028,2.7
2013,,Wales,,Aneurin Bevan University,,,"Rate per 1,000 live births",Units,Undefined,W11000028,2.1
2014,,Wales,,Aneurin Bevan University,,,"Rate per 1,000 live births",Units,Undefined,W11000028,1.7
2015,,Wales,,Aneurin Bevan University,,,"Rate per 1,000 live births",Units,Undefined,W11000028,3.2
2016,,Wales,,Aneurin Bevan University,,,"Rate per 1,000 live births",Units,Undefined,W11000028,1.6
2009,,Wales,,Betsi Cadwaladr University,,,"Rate per 1,000 live births",Units,Undefined,W11000023,4.0
2010,,Wales,,Betsi Cadwaladr University,,,"Rate per 1,000 live births",Units,Undefined,W11000023,3.5
2011,,Wales,,Betsi Cadwaladr University,,,"Rate per 1,000 live births",Units,Undefined,W11000023,3.2
2012,,Wales,,Betsi Cadwaladr University,,,"Rate per 1,000 live births",Units,Undefined,W11000023,3.5
2013,,Wales,,Betsi Cadwaladr University,,,"Rate per 1,000 live births",Units,Undefined,W11000023,1.9
2014,,Wales,,Betsi Cadwaladr University,,,"Rate per 1,000 live births",Units,Undefined,W11000023,2.3
2015,,Wales,,Betsi Cadwaladr University,,,"Rate per 1,000 live births",Units,Undefined,W11000023,2.7
2016,,Wales,,Betsi Cadwaladr University,,,"Rate per 1,000 live births",Units,Undefined,W11000023,3.6
2009,,Wales,,Cardiff and Vale University,,,"Rate per 1,000 live births",Units,Undefined,W11000029,3.1
2010,,Wales,,Cardiff and Vale University,,,"Rate per 1,000 live births",Units,Undefined,W11000029,3.7
2011,,Wales,,Cardiff and Vale University,,,"Rate per 1,000 live births",Units,Undefined,W11000029,3.5
2012,,Wales,,Cardiff and Vale University,,,"Rate per 1,000 live births",Units,Undefined,W11000029,2.0
2013,,Wales,,Cardiff and Vale University,,,"Rate per 1,000 live births",Units,Undefined,W11000029,3.2
2014,,Wales,,Cardiff and Vale University,,,"Rate per 1,000 live births",Units,Undefined,W11000029,2.6
2015,,Wales,,Cardiff and Vale University,,,"Rate per 1,000 live births",Units,Undefined,W11000029,2.4
2016,,Wales,,Cardiff and Vale University,,,"Rate per 1,000 live births",Units,Undefined,W11000029,1.2
2009,,Wales,,Cwm Taf University,,,"Rate per 1,000 live births",Units,Undefined,W11000027,3.3
2010,,Wales,,Cwm Taf University,,,"Rate per 1,000 live births",Units,Undefined,W11000027,1.6
2011,,Wales,,Cwm Taf University,,,"Rate per 1,000 live births",Units,Undefined,W11000027,2.4
2012,,Wales,,Cwm Taf University,,,"Rate per 1,000 live births",Units,Undefined,W11000027,3.1
2013,,Wales,,Cwm Taf University,,,"Rate per 1,000 live births",Units,Undefined,W11000027,2.3
2014,,Wales,,Cwm Taf University,,,"Rate per 1,000 live births",Units,Undefined,W11000027,2.3
2015,,Wales,,Cwm Taf University,,,"Rate per 1,000 live births",Units,Undefined,W11000027,3.8
2016,,Wales,,Cwm Taf University,,,"Rate per 1,000 live births",Units,Undefined,W11000027,1.4
2009,,Wales,,Hywel Dda University,,,"Rate per 1,000 live births",Units,Undefined,W11000025,2.6
2010,,Wales,,Hywel Dda University,,,"Rate per 1,000 live births",Units,Undefined,W11000025,2.5
2011,,Wales,,Hywel Dda University,,,"Rate per 1,000 live births",Units,Undefined,W11000025,0.8
2012,,Wales,,Hywel Dda University,,,"Rate per 1,000 live births",Units,Undefined,W11000025,2.5
2013,,Wales,,Hywel Dda University,,,"Rate per 1,000 live births",Units,Undefined,W11000025,2.8
2014,,Wales,,Hywel Dda University,,,"Rate per 1,000 live births",Units,Undefined,W11000025,2.5
2015,,Wales,,Hywel Dda University,,,"Rate per 1,000 live births",Units,Undefined,W11000025,1.1
2016,,Wales,,Hywel Dda University,,,"Rate per 1,000 live births",Units,Undefined,W11000025,0.8
2009,,Wales,,Powys Teaching,,,"Rate per 1,000 live births",Units,Undefined,W11000024,2.4
2010,,Wales,,Powys Teaching,,,"Rate per 1,000 live births",Units,Undefined,W11000024,4.1
2012,,Wales,,Powys Teaching,,,"Rate per 1,000 live births",Units,Undefined,W11000024,2.5
2013,,Wales,,Powys Teaching,,,"Rate per 1,000 live births",Units,Undefined,W11000024,4.1
2008,Female,Wales,,,,,"Rate per 1,000 live births",Units,Undefined,W92000004,2.5
2009,Female,Wales,,,,,"Rate per 1,000 live births",Units,Undefined,W92000004,2.9
2010,Female,Wales,,,,,"Rate per 1,000 live births",Units,Undefined,W92000004,2.2
2011,Female,Wales,,,,,"Rate per 1,000 live births",Units,Undefined,W92000004,2.2
2012,Female,Wales,,,,,"Rate per 1,000 live births",Units,Undefined,W92000004,2.2
2013,Female,Wales,,,,,"Rate per 1,000 live births",Units,Undefined,W92000004,2.4
2014,Female,Wales,,,,,"Rate per 1,000 live births",Units,Undefined,W92000004,1.8
2015,Female,Wales,,,,,"Rate per 1,000 live births",Units,Undefined,W92000004,1.8
2016,Female,Wales,,,,,"Rate per 1,000 live births",Units,Undefined,W92000004,1.5
2008,Male,Wales,,,,,"Rate per 1,000 live births",Units,Undefined,W92000004,3.4
2009,Male,Wales,,,,,"Rate per 1,000 live births",Units,Undefined,W92000004,3.3
2010,Male,Wales,,,,,"Rate per 1,000 live births",Units,Undefined,W92000004,3.2
2011,Male,Wales,,,,,"Rate per 1,000 live births",Units,Undefined,W92000004,3.3
2012,Male,Wales,,,,,"Rate per 1,000 live births",Units,Undefined,W92000004,3.3
2013,Male,Wales,,,,,"Rate per 1,000 live births",Units,Undefined,W92000004,2.4
2014,Male,Wales,,,,,"Rate per 1,000 live births",Units,Undefined,W92000004,2.5
2015,Male,Wales,,,,,"Rate per 1,000 live births",Units,Undefined,W92000004,3.2
2016,Male,Wales,,,,,"Rate per 1,000 live births",Units,Undefined,W92000004,2.3
2008,,Wales,,,,,"Rate per 1,000 live births",Units,Undefined,W92000004,2.9
2009,,Wales,,,,,"Rate per 1,000 live births",Units,Undefined,W92000004,3.1
2010,,Wales,,,,,"Rate per 1,000 live births",Units,Undefined,W92000004,2.7
2011,,Wales,,,,,"Rate per 1,000 live births",Units,Undefined,W92000004,2.8
2012,,Wales,,,,,"Rate per 1,000 live births",Units,Undefined,W92000004,2.8
2013,,Wales,,,,,"Rate per 1,000 live births",Units,Undefined,W92000004,2.4
2014,,Wales,,,,,"Rate per 1,000 live births",Units,Undefined,W92000004,2.1
2015,,Wales,,,,,"Rate per 1,000 live births",Units,Undefined,W92000004,2.5
2016,,Wales,,,,,"Rate per 1,000 live births",Units,Undefined,W92000004,1.9
2008,Female,,,,,,"Rate per 1,000 live births",Units,Undefined,,2.8
2009,Female,,,,,,"Rate per 1,000 live births",Units,Undefined,,2.9
2010,Female,,,,,,"Rate per 1,000 live births",Units,Undefined,,2.7
2011,Female,,,,,,"Rate per 1,000 live births",Units,Undefined,,2.5
2012,Female,,,,,,"Rate per 1,000 live births",Units,Undefined,,2.4
2013,Female,,,,,,"Rate per 1,000 live births",Units,Undefined,,2.4
2014,Female,,,,,,"Rate per 1,000 live births",Units,Undefined,,2.4
2015,Female,,,,,,"Rate per 1,000 live births",Units,Undefined,,2.3
2016,Female,,,,,,"Rate per 1,000 live births",Units,Undefined,,2.5
2008,Male,,,,,,"Rate per 1,000 live births",Units,Undefined,,3.5
2009,Male,,,,,,"Rate per 1,000 live births",Units,Undefined,,3.4
2010,Male,,,,,,"Rate per 1,000 live births",Units,Undefined,,3.2
2011,Male,,,,,,"Rate per 1,000 live births",Units,Undefined,,3.3
2012,Male,,,,,,"Rate per 1,000 live births",Units,Undefined,,3.1
2013,Male,,,,,,"Rate per 1,000 live births",Units,Undefined,,2.9
2014,Male,,,,,,"Rate per 1,000 live births",Units,Undefined,,2.7
2015,Male,,,,,,"Rate per 1,000 live births",Units,Undefined,,3.0
2016,Male,,,,,,"Rate per 1,000 live births",Units,Undefined,,2.9
2008,,,,,,,"Rate per 1,000 live births",Units,Undefined,,3.2
2009,,,,,,,"Rate per 1,000 live births",Units,Undefined,,3.1
2010,,,,,,,"Rate per 1,000 live births",Units,Undefined,,3.0
2011,,,,,,,"Rate per 1,000 live births",Units,Undefined,,2.9
2012,,,,,,,"Rate per 1,000 live births",Units,Undefined,,2.8
2013,,,,,,,"Rate per 1,000 live births",Units,Undefined,,2.7
2014,,,,,,,"Rate per 1,000 live births",Units,Undefined,,2.6
2015,,,,,,,"Rate per 1,000 live births",Units,Undefined,,2.6
2016,,,,,,,"Rate per 1,000 live births",Units,Undefined,,2.7
