Year,Units,Sex,Region,Local Authority,Observation status,Unit multiplier,Unit measure,GeoCode,Value
2016,All public schools (%),,Outer London,Barking and Dagenham,Normal value,Units,Percentage (%),E09000002,89.6
2017,All public schools (%),,Outer London,Barking and Dagenham,Normal value,Units,Percentage (%),E09000002,92.9
2018,All public schools (%),,Outer London,Barking and Dagenham,Normal value,Units,Percentage (%),E09000002,91.1
2019,All public schools (%),,Outer London,Barking and Dagenham,Normal value,Units,Percentage (%),E09000002,92.01194475550578
2016,All public schools (%),,Outer London,Barnet,Normal value,Units,Percentage (%),E09000003,91.6
2017,All public schools (%),,Outer London,Barnet,Normal value,Units,Percentage (%),E09000003,91.9
2018,All public schools (%),,Outer London,Barnet,Normal value,Units,Percentage (%),E09000003,91.6
2019,All public schools (%),,Outer London,Barnet,Normal value,Units,Percentage (%),E09000003,90.70300560366783
2016,All public schools (%),,Yorkshire and the Humber,Barnsley,Normal value,Units,Percentage (%),E08000016,95.6
2017,All public schools (%),,Yorkshire and the Humber,Barnsley,Normal value,Units,Percentage (%),E08000016,95.2
2018,All public schools (%),,Yorkshire and the Humber,Barnsley,Normal value,Units,Percentage (%),E08000016,95.6
2019,All public schools (%),,Yorkshire and the Humber,Barnsley,Normal value,Units,Percentage (%),E08000016,96.36462289744982
2016,All public schools (%),,South West,Bath and North East Somerset,Normal value,Units,Percentage (%),E06000022,97.4
2017,All public schools (%),,South West,Bath and North East Somerset,Normal value,Units,Percentage (%),E06000022,99.0
2018,All public schools (%),,South West,Bath and North East Somerset,Normal value,Units,Percentage (%),E06000022,98.3
2019,All public schools (%),,South West,Bath and North East Somerset,Normal value,Units,Percentage (%),E06000022,98.33715596330276
2016,All public schools (%),,East of England,Bedford,Normal value,Units,Percentage (%),E06000055,92.5
2017,All public schools (%),,East of England,Bedford,Normal value,Units,Percentage (%),E06000055,93.9
2018,All public schools (%),,East of England,Bedford,Normal value,Units,Percentage (%),E06000055,93.5
2019,All public schools (%),,East of England,Bedford,Normal value,Units,Percentage (%),E06000055,92.7400468384075
2016,All public schools (%),,Outer London,Bexley,Normal value,Units,Percentage (%),E09000004,95.0
2017,All public schools (%),,Outer London,Bexley,Normal value,Units,Percentage (%),E09000004,93.1
2018,All public schools (%),,Outer London,Bexley,Normal value,Units,Percentage (%),E09000004,93.9
2019,All public schools (%),,Outer London,Bexley,Normal value,Units,Percentage (%),E09000004,93.64696421391234
2016,All public schools (%),,West Midlands,Birmingham,Normal value,Units,Percentage (%),E08000025,94.7
2017,All public schools (%),,West Midlands,Birmingham,Normal value,Units,Percentage (%),E08000025,95.2
2018,All public schools (%),,West Midlands,Birmingham,Normal value,Units,Percentage (%),E08000025,95.4
2019,All public schools (%),,West Midlands,Birmingham,Normal value,Units,Percentage (%),E08000025,95.59224234652989
2016,All public schools (%),,North West,Blackburn with Darwen,Normal value,Units,Percentage (%),E06000008,98.1
2017,All public schools (%),,North West,Blackburn with Darwen,Normal value,Units,Percentage (%),E06000008,97.5
2018,All public schools (%),,North West,Blackburn with Darwen,Normal value,Units,Percentage (%),E06000008,96.2
2019,All public schools (%),,North West,Blackburn with Darwen,Normal value,Units,Percentage (%),E06000008,95.9295261239368
2016,All public schools (%),,North West,Blackpool,Normal value,Units,Percentage (%),E06000009,95.8
2017,All public schools (%),,North West,Blackpool,Normal value,Units,Percentage (%),E06000009,97.8
2018,All public schools (%),,North West,Blackpool,Normal value,Units,Percentage (%),E06000009,96.4
2019,All public schools (%),,North West,Blackpool,Normal value,Units,Percentage (%),E06000009,96.49122807017544
2016,All public schools (%),,North West,Bolton,Normal value,Units,Percentage (%),E08000001,98.2
2017,All public schools (%),,North West,Bolton,Normal value,Units,Percentage (%),E08000001,97.7
2018,All public schools (%),,North West,Bolton,Normal value,Units,Percentage (%),E08000001,96.5
2019,All public schools (%),,North West,Bolton,Normal value,Units,Percentage (%),E08000001,96.56437625083387
2016,All public schools (%),,South West,Bournemouth,Normal value,Units,Percentage (%),E06000028,96.1
2017,All public schools (%),,South West,Bournemouth,Normal value,Units,Percentage (%),E06000028,94.3
2018,All public schools (%),,South West,Bournemouth,Normal value,Units,Percentage (%),E06000028,95.0
2019,All public schools (%),,South West,Bournemouth Christchurch and Poole,Normal value,Units,Percentage (%),,95.0354609929078
2016,All public schools (%),,South East,Bracknell Forest,Normal value,Units,Percentage (%),E06000036,94.2
2017,All public schools (%),,South East,Bracknell Forest,Normal value,Units,Percentage (%),E06000036,92.9
2018,All public schools (%),,South East,Bracknell Forest,Normal value,Units,Percentage (%),E06000036,92.7
2019,All public schools (%),,South East,Bracknell Forest,Normal value,Units,Percentage (%),E06000036,92.21719457013576
2016,All public schools (%),,Yorkshire and the Humber,Bradford,Normal value,Units,Percentage (%),E08000032,94.5
2017,All public schools (%),,Yorkshire and the Humber,Bradford,Normal value,Units,Percentage (%),E08000032,95.9
2018,All public schools (%),,Yorkshire and the Humber,Bradford,Normal value,Units,Percentage (%),E08000032,95.7
2019,All public schools (%),,Yorkshire and the Humber,Bradford,Normal value,Units,Percentage (%),E08000032,95.83618917066484
2016,All public schools (%),,Outer London,Brent,Normal value,Units,Percentage (%),E09000005,91.8
2017,All public schools (%),,Outer London,Brent,Normal value,Units,Percentage (%),E09000005,91.9
2018,All public schools (%),,Outer London,Brent,Normal value,Units,Percentage (%),E09000005,90.8
2019,All public schools (%),,Outer London,Brent,Normal value,Units,Percentage (%),E09000005,91.37160536266758
2016,All public schools (%),,South East,Brighton and Hove,Normal value,Units,Percentage (%),E06000043,97.3
2017,All public schools (%),,South East,Brighton and Hove,Normal value,Units,Percentage (%),E06000043,97.9
2018,All public schools (%),,South East,Brighton and Hove,Normal value,Units,Percentage (%),E06000043,97.4
2019,All public schools (%),,South East,Brighton and Hove,Normal value,Units,Percentage (%),E06000043,97.69720725134738
2016,All public schools (%),,South West,Bristol City of,Normal value,Units,Percentage (%),,97.0
2017,All public schools (%),,South West,Bristol City of,Normal value,Units,Percentage (%),,96.3
2018,All public schools (%),,South West,Bristol City of,Normal value,Units,Percentage (%),,97.5
2019,All public schools (%),,South West,Bristol City of,Normal value,Units,Percentage (%),,97.43194658448895
2016,All public schools (%),,Outer London,Bromley,Normal value,Units,Percentage (%),E09000006,95.2
2017,All public schools (%),,Outer London,Bromley,Normal value,Units,Percentage (%),E09000006,94.9
2018,All public schools (%),,Outer London,Bromley,Normal value,Units,Percentage (%),E09000006,94.0
2019,All public schools (%),,Outer London,Bromley,Normal value,Units,Percentage (%),E09000006,93.79287814439724
2016,All public schools (%),,South East,Buckinghamshire,Normal value,Units,Percentage (%),,93.9
2017,All public schools (%),,South East,Buckinghamshire,Normal value,Units,Percentage (%),,93.9
2018,All public schools (%),,South East,Buckinghamshire,Normal value,Units,Percentage (%),,92.4
2019,All public schools (%),,South East,Buckinghamshire,Normal value,Units,Percentage (%),,92.360214061635
2016,All public schools (%),,North West,Bury,Normal value,Units,Percentage (%),E08000002,98.0
2017,All public schools (%),,North West,Bury,Normal value,Units,Percentage (%),E08000002,99.1
2018,All public schools (%),,North West,Bury,Normal value,Units,Percentage (%),E08000002,97.8
2019,All public schools (%),,North West,Bury,Normal value,Units,Percentage (%),E08000002,97.32090856144436
2016,All public schools (%),,Yorkshire and the Humber,Calderdale,Normal value,Units,Percentage (%),E08000033,91.3
2017,All public schools (%),,Yorkshire and the Humber,Calderdale,Normal value,Units,Percentage (%),E08000033,96.2
2018,All public schools (%),,Yorkshire and the Humber,Calderdale,Normal value,Units,Percentage (%),E08000033,96.5
2019,All public schools (%),,Yorkshire and the Humber,Calderdale,Normal value,Units,Percentage (%),E08000033,96.6990291262136
2016,All public schools (%),,East of England,Cambridgeshire,Normal value,Units,Percentage (%),,94.3
2017,All public schools (%),,East of England,Cambridgeshire,Normal value,Units,Percentage (%),,93.1
2018,All public schools (%),,East of England,Cambridgeshire,Normal value,Units,Percentage (%),,93.1
2019,All public schools (%),,East of England,Cambridgeshire,Normal value,Units,Percentage (%),,93.63045831829665
2016,All public schools (%),,Inner London,Camden,Normal value,Units,Percentage (%),E09000007,91.9
2017,All public schools (%),,Inner London,Camden,Normal value,Units,Percentage (%),E09000007,89.7
2018,All public schools (%),,Inner London,Camden,Normal value,Units,Percentage (%),E09000007,94.3
2019,All public schools (%),,Inner London,Camden,Normal value,Units,Percentage (%),E09000007,93.79354021532616
2016,All public schools (%),,East of England,Central Bedfordshire,Normal value,Units,Percentage (%),E06000056,92.1
2017,All public schools (%),,East of England,Central Bedfordshire,Normal value,Units,Percentage (%),E06000056,92.6
2018,All public schools (%),,East of England,Central Bedfordshire,Normal value,Units,Percentage (%),E06000056,92.4
2019,All public schools (%),,East of England,Central Bedfordshire,Normal value,Units,Percentage (%),E06000056,91.87759727993956
2016,All public schools (%),,North West,Cheshire East,Normal value,Units,Percentage (%),E06000049,97.3
2017,All public schools (%),,North West,Cheshire East,Normal value,Units,Percentage (%),E06000049,97.3
2018,All public schools (%),,North West,Cheshire East,Normal value,Units,Percentage (%),E06000049,97.9
2019,All public schools (%),,North West,Cheshire East,Normal value,Units,Percentage (%),E06000049,97.34961286480048
2016,All public schools (%),,North West,Cheshire West and Chester,Normal value,Units,Percentage (%),E06000050,97.2
2017,All public schools (%),,North West,Cheshire West and Chester,Normal value,Units,Percentage (%),E06000050,96.8
2018,All public schools (%),,North West,Cheshire West and Chester,Normal value,Units,Percentage (%),E06000050,97.8
2019,All public schools (%),,North West,Cheshire West and Chester,Normal value,Units,Percentage (%),E06000050,97.31097753875356
2016,All public schools (%),,Inner London,City of London,Normal value,Units,Percentage (%),E09000001,86.1
2017,All public schools (%),,Inner London,City of London,Normal value,Units,Percentage (%),E09000001,88.7
2018,All public schools (%),,Inner London,City of London,Normal value,Units,Percentage (%),E09000001,83.6
2019,All public schools (%),,Inner London,City of London,Normal value,Units,Percentage (%),E09000001,79.16666666666666
2016,All public schools (%),,South West,Cornwall,Normal value,Units,Percentage (%),E06000052,97.4
2017,All public schools (%),,South West,Cornwall,Normal value,Units,Percentage (%),E06000052,97.7
2018,All public schools (%),,South West,Cornwall,Normal value,Units,Percentage (%),E06000052,97.5
2019,All public schools (%),,South West,Cornwall,Normal value,Units,Percentage (%),E06000052,96.90929451287792
2016,All public schools (%),,West Midlands,Coventry,Normal value,Units,Percentage (%),E08000026,94.1
2017,All public schools (%),,West Midlands,Coventry,Normal value,Units,Percentage (%),E08000026,94.0
2018,All public schools (%),,West Midlands,Coventry,Normal value,Units,Percentage (%),E08000026,94.1
2019,All public schools (%),,West Midlands,Coventry,Normal value,Units,Percentage (%),E08000026,93.90701703725094
2016,All public schools (%),,Outer London,Croydon,Normal value,Units,Percentage (%),E09000008,91.9
2017,All public schools (%),,Outer London,Croydon,Normal value,Units,Percentage (%),E09000008,90.4
2018,All public schools (%),,Outer London,Croydon,Normal value,Units,Percentage (%),E09000008,88.3
2019,All public schools (%),,Outer London,Croydon,Normal value,Units,Percentage (%),E09000008,88.48448687350835
2016,All public schools (%),,North West,Cumbria,Normal value,Units,Percentage (%),,98.1
2017,All public schools (%),,North West,Cumbria,Normal value,Units,Percentage (%),,98.0
2018,All public schools (%),,North West,Cumbria,Normal value,Units,Percentage (%),,97.5
2019,All public schools (%),,North West,Cumbria,Normal value,Units,Percentage (%),,96.85434237519944
2016,All public schools (%),,North East,Darlington,Normal value,Units,Percentage (%),E06000005,97.3
2017,All public schools (%),,North East,Darlington,Normal value,Units,Percentage (%),E06000005,97.1
2018,All public schools (%),,North East,Darlington,Normal value,Units,Percentage (%),E06000005,98.0
2019,All public schools (%),,North East,Darlington,Normal value,Units,Percentage (%),E06000005,97.42002063983487
2016,All public schools (%),,East Midlands,Derby,Normal value,Units,Percentage (%),E06000015,68.8
2017,All public schools (%),,East Midlands,Derby,Normal value,Units,Percentage (%),E06000015,68.7
2018,All public schools (%),,East Midlands,Derby,Normal value,Units,Percentage (%),E06000015,93.5
2019,All public schools (%),,East Midlands,Derby,Normal value,Units,Percentage (%),E06000015,93.71789806400632
2016,All public schools (%),,East Midlands,Derbyshire,Normal value,Units,Percentage (%),,98.1
2017,All public schools (%),,East Midlands,Derbyshire,Normal value,Units,Percentage (%),,98.2
2018,All public schools (%),,East Midlands,Derbyshire,Normal value,Units,Percentage (%),,97.0
2019,All public schools (%),,East Midlands,Derbyshire,Normal value,Units,Percentage (%),,96.77170219338896
2016,All public schools (%),,South West,Devon,Normal value,Units,Percentage (%),,97.9
2017,All public schools (%),,South West,Devon,Normal value,Units,Percentage (%),,97.4
2018,All public schools (%),,South West,Devon,Normal value,Units,Percentage (%),,98.1
2019,All public schools (%),,South West,Devon,Normal value,Units,Percentage (%),,97.61064785118666
2016,All public schools (%),,Yorkshire and the Humber,Doncaster,Normal value,Units,Percentage (%),E08000017,95.7
2017,All public schools (%),,Yorkshire and the Humber,Doncaster,Normal value,Units,Percentage (%),E08000017,96.8
2018,All public schools (%),,Yorkshire and the Humber,Doncaster,Normal value,Units,Percentage (%),E08000017,96.6
2019,All public schools (%),,Yorkshire and the Humber,Doncaster,Normal value,Units,Percentage (%),E08000017,95.8553127354936
2016,All public schools (%),,South West,Dorset,Normal value,Units,Percentage (%),,94.6
2017,All public schools (%),,South West,Dorset,Normal value,Units,Percentage (%),,96.0
2018,All public schools (%),,South West,Dorset,Normal value,Units,Percentage (%),,96.0
2019,All public schools (%),,South West,Dorset,Normal value,Units,Percentage (%),,95.96644078735076
2016,All public schools (%),,West Midlands,Dudley,Normal value,Units,Percentage (%),E08000027,96.7
2017,All public schools (%),,West Midlands,Dudley,Normal value,Units,Percentage (%),E08000027,98.4
2018,All public schools (%),,West Midlands,Dudley,Normal value,Units,Percentage (%),E08000027,97.3
2019,All public schools (%),,West Midlands,Dudley,Normal value,Units,Percentage (%),E08000027,97.53222836095765
2016,All public schools (%),,North East,Durham,Normal value,Units,Percentage (%),,97.7
2017,All public schools (%),,North East,Durham,Normal value,Units,Percentage (%),,98.2
2018,All public schools (%),,North East,Durham,Normal value,Units,Percentage (%),,96.7
2019,All public schools (%),,North East,Durham,Normal value,Units,Percentage (%),,96.94412770809578
2016,All public schools (%),,Outer London,Ealing,Normal value,Units,Percentage (%),E09000009,93.0
2017,All public schools (%),,Outer London,Ealing,Normal value,Units,Percentage (%),E09000009,93.5
2018,All public schools (%),,Outer London,Ealing,Normal value,Units,Percentage (%),E09000009,93.1
2019,All public schools (%),,Outer London,Ealing,Normal value,Units,Percentage (%),E09000009,93.80473564709698
2016,All public schools (%),,Yorkshire and the Humber,East Riding of Yorkshire,Normal value,Units,Percentage (%),E06000011,97.1
2017,All public schools (%),,Yorkshire and the Humber,East Riding of Yorkshire,Normal value,Units,Percentage (%),E06000011,97.9
2018,All public schools (%),,Yorkshire and the Humber,East Riding of Yorkshire,Normal value,Units,Percentage (%),E06000011,97.1
2019,All public schools (%),,Yorkshire and the Humber,East Riding of Yorkshire,Normal value,Units,Percentage (%),E06000011,96.1113229126954
2016,All public schools (%),,South East,East Sussex,Normal value,Units,Percentage (%),,94.6
2017,All public schools (%),,South East,East Sussex,Normal value,Units,Percentage (%),,95.1
2018,All public schools (%),,South East,East Sussex,Normal value,Units,Percentage (%),,95.5
2019,All public schools (%),,South East,East Sussex,Normal value,Units,Percentage (%),,95.31563126252505
2016,All public schools (%),,Outer London,Enfield,Normal value,Units,Percentage (%),E09000010,91.3
2017,All public schools (%),,Outer London,Enfield,Normal value,Units,Percentage (%),E09000010,89.7
2018,All public schools (%),,Outer London,Enfield,Normal value,Units,Percentage (%),E09000010,92.8
2019,All public schools (%),,Outer London,Enfield,Normal value,Units,Percentage (%),E09000010,91.86307519640852
2016,All public schools (%),,South East,Essex,Normal value,Units,Percentage (%),,95.2
2017,All public schools (%),,South East,Essex,Normal value,Units,Percentage (%),,94.2
2018,All public schools (%),,South East,Essex,Normal value,Units,Percentage (%),,94.2
2019,All public schools (%),,South East,Essex,Normal value,Units,Percentage (%),,93.69807179808748
2016,All public schools (%),,North East,Gateshead,Normal value,Units,Percentage (%),E08000037,98.6
2017,All public schools (%),,North East,Gateshead,Normal value,Units,Percentage (%),E08000037,94.3
2018,All public schools (%),,North East,Gateshead,Normal value,Units,Percentage (%),E08000037,98.5
2019,All public schools (%),,North East,Gateshead,Normal value,Units,Percentage (%),E08000037,98.1892523364486
2016,All public schools (%),,South West,Gloucestershire,Normal value,Units,Percentage (%),,97.9
2017,All public schools (%),,South West,Gloucestershire,Normal value,Units,Percentage (%),,98.0
2018,All public schools (%),,South West,Gloucestershire,Normal value,Units,Percentage (%),,97.9
2019,All public schools (%),,South West,Gloucestershire,Normal value,Units,Percentage (%),,97.46944396625923
2016,All public schools (%),,Inner London,Greenwich,Normal value,Units,Percentage (%),E09000011,94.2
2017,All public schools (%),,Inner London,Greenwich,Normal value,Units,Percentage (%),E09000011,94.8
2018,All public schools (%),,Inner London,Greenwich,Normal value,Units,Percentage (%),E09000011,92.8
2019,All public schools (%),,Inner London,Greenwich,Normal value,Units,Percentage (%),E09000011,93.28908554572271
2016,All public schools (%),,Inner London,Hackney,Normal value,Units,Percentage (%),E09000012,92.6
2017,All public schools (%),,Inner London,Hackney,Normal value,Units,Percentage (%),E09000012,92.9
2018,All public schools (%),,Inner London,Hackney,Normal value,Units,Percentage (%),E09000012,90.8
2019,All public schools (%),,Inner London,Hackney,Normal value,Units,Percentage (%),E09000012,89.19368246051538
2016,All public schools (%),,North West,Halton,Normal value,Units,Percentage (%),E06000006,97.4
2017,All public schools (%),,North West,Halton,Normal value,Units,Percentage (%),E06000006,98.8
2018,All public schools (%),,North West,Halton,Normal value,Units,Percentage (%),E06000006,98.5
2019,All public schools (%),,North West,Halton,Normal value,Units,Percentage (%),E06000006,97.90619765494138
2016,All public schools (%),,Inner London,Hammersmith and Fulham,Normal value,Units,Percentage (%),E09000013,87.4
2017,All public schools (%),,Inner London,Hammersmith and Fulham,Normal value,Units,Percentage (%),E09000013,92.6
2018,All public schools (%),,Inner London,Hammersmith and Fulham,Normal value,Units,Percentage (%),E09000013,90.2
2019,All public schools (%),,Inner London,Hammersmith and Fulham,Normal value,Units,Percentage (%),E09000013,90.1831501831502
2016,All public schools (%),,South East,Hampshire,Normal value,Units,Percentage (%),,97.3
2017,All public schools (%),,South East,Hampshire,Normal value,Units,Percentage (%),,97.4
2018,All public schools (%),,South East,Hampshire,Normal value,Units,Percentage (%),,96.6
2019,All public schools (%),,South East,Hampshire,Normal value,Units,Percentage (%),,95.63470808784146
2016,All public schools (%),,Outer London,Haringey,Normal value,Units,Percentage (%),E09000014,93.1
2017,All public schools (%),,Outer London,Haringey,Normal value,Units,Percentage (%),E09000014,93.2
2018,All public schools (%),,Outer London,Haringey,Normal value,Units,Percentage (%),E09000014,92.8
2019,All public schools (%),,Outer London,Haringey,Normal value,Units,Percentage (%),E09000014,91.02773246329528
2016,All public schools (%),,Outer London,Harrow,Normal value,Units,Percentage (%),E09000015,90.7
2017,All public schools (%),,Outer London,Harrow,Normal value,Units,Percentage (%),E09000015,90.9
2018,All public schools (%),,Outer London,Harrow,Normal value,Units,Percentage (%),E09000015,90.2
2019,All public schools (%),,Outer London,Harrow,Normal value,Units,Percentage (%),E09000015,89.77371627502175
2016,All public schools (%),,North East,Hartlepool,Normal value,Units,Percentage (%),E06000001,94.2
2017,All public schools (%),,North East,Hartlepool,Normal value,Units,Percentage (%),E06000001,94.6
2018,All public schools (%),,North East,Hartlepool,Normal value,Units,Percentage (%),E06000001,94.9
2019,All public schools (%),,North East,Hartlepool,Normal value,Units,Percentage (%),E06000001,94.1495124593716
2016,All public schools (%),,Outer London,Havering,Normal value,Units,Percentage (%),E09000016,93.2
2017,All public schools (%),,Outer London,Havering,Normal value,Units,Percentage (%),E09000016,92.9
2018,All public schools (%),,Outer London,Havering,Normal value,Units,Percentage (%),E09000016,92.6
2019,All public schools (%),,Outer London,Havering,Normal value,Units,Percentage (%),E09000016,91.37339055793991
2016,All public schools (%),,West Midlands,Herefordshire,Normal value,Units,Percentage (%),E06000019,96.5
2017,All public schools (%),,West Midlands,Herefordshire,Normal value,Units,Percentage (%),E06000019,96.3
2018,All public schools (%),,West Midlands,Herefordshire,Normal value,Units,Percentage (%),E06000019,96.6
2019,All public schools (%),,West Midlands,Herefordshire,Normal value,Units,Percentage (%),E06000019,96.58176943699732
2016,All public schools (%),,East of England,Hertfordshire,Normal value,Units,Percentage (%),,94.4
2017,All public schools (%),,East of England,Hertfordshire,Normal value,Units,Percentage (%),,95.0
2018,All public schools (%),,East of England,Hertfordshire,Normal value,Units,Percentage (%),,94.2
2019,All public schools (%),,East of England,Hertfordshire,Normal value,Units,Percentage (%),,94.49279949359077
2016,All public schools (%),,Outer London,Hillingdon,Normal value,Units,Percentage (%),E09000017,87.9
2017,All public schools (%),,Outer London,Hillingdon,Normal value,Units,Percentage (%),E09000017,87.9
2018,All public schools (%),,Outer London,Hillingdon,Normal value,Units,Percentage (%),E09000017,87.6
2019,All public schools (%),,Outer London,Hillingdon,Normal value,Units,Percentage (%),E09000017,88.71493803000652
2016,All public schools (%),,Outer London,Hounslow,Normal value,Units,Percentage (%),E09000018,94.0
2017,All public schools (%),,Outer London,Hounslow,Normal value,Units,Percentage (%),E09000018,93.2
2018,All public schools (%),,Outer London,Hounslow,Normal value,Units,Percentage (%),E09000018,93.7
2019,All public schools (%),,Outer London,Hounslow,Normal value,Units,Percentage (%),E09000018,92.14876033057853
2016,All public schools (%),,South East,Isle of Wight,Normal value,Units,Percentage (%),E06000046,88.0
2017,All public schools (%),,South East,Isle of Wight,Normal value,Units,Percentage (%),E06000046,88.9
2018,All public schools (%),,South East,Isle of Wight,Normal value,Units,Percentage (%),E06000046,94.2
2019,All public schools (%),,South East,Isle of Wight,Normal value,Units,Percentage (%),E06000046,93.93939393939394
2016,All public schools (%),,South West,Isles of Scilly,Normal value,Units,Percentage (%),E06000053,93.2
2017,All public schools (%),,South West,Isles of Scilly,Normal value,Units,Percentage (%),E06000053,69.0
2018,All public schools (%),,South West,Isles of Scilly,Normal value,Units,Percentage (%),E06000053,67.8
2019,All public schools (%),,South West,Isles of Scilly,Normal value,Units,Percentage (%),E06000053,72.41379310344827
2016,All public schools (%),,Inner London,Islington,Normal value,Units,Percentage (%),E09000019,95.7
2017,All public schools (%),,Inner London,Islington,Normal value,Units,Percentage (%),E09000019,95.8
2018,All public schools (%),,Inner London,Islington,Normal value,Units,Percentage (%),E09000019,94.8
2019,All public schools (%),,Inner London,Islington,Normal value,Units,Percentage (%),E09000019,94.5288753799392
2016,All public schools (%),,Inner London,Kensington and Chelsea,Normal value,Units,Percentage (%),E09000020,91.9
2017,All public schools (%),,Inner London,Kensington and Chelsea,Normal value,Units,Percentage (%),E09000020,93.4
2018,All public schools (%),,Inner London,Kensington and Chelsea,Normal value,Units,Percentage (%),E09000020,91.6
2019,All public schools (%),,Inner London,Kensington and Chelsea,Normal value,Units,Percentage (%),E09000020,90.29850746268656
2016,All public schools (%),,South East,Kent,Normal value,Units,Percentage (%),,93.4
2017,All public schools (%),,South East,Kent,Normal value,Units,Percentage (%),,93.9
2018,All public schools (%),,South East,Kent,Normal value,Units,Percentage (%),,92.9
2019,All public schools (%),,South East,Kent,Normal value,Units,Percentage (%),,92.88599794590894
2016,All public schools (%),,Yorkshire and the Humber,Kingston upon Hull City of,Normal value,Units,Percentage (%),,95.3
2017,All public schools (%),,Yorkshire and the Humber,Kingston upon Hull City of,Normal value,Units,Percentage (%),,94.3
2018,All public schools (%),,Yorkshire and the Humber,Kingston upon Hull City of,Normal value,Units,Percentage (%),,94.5
2019,All public schools (%),,Yorkshire and the Humber,Kingston upon Hull City of,Normal value,Units,Percentage (%),,93.40962904498816
2016,All public schools (%),,Outer London,Kingston upon Thames,Normal value,Units,Percentage (%),E09000021,92.3
2017,All public schools (%),,Outer London,Kingston upon Thames,Normal value,Units,Percentage (%),E09000021,92.9
2018,All public schools (%),,Outer London,Kingston upon Thames,Normal value,Units,Percentage (%),E09000021,94.3
2019,All public schools (%),,Outer London,Kingston upon Thames,Normal value,Units,Percentage (%),E09000021,95.09925558312656
2016,All public schools (%),,Yorkshire and the Humber,Kirklees,Normal value,Units,Percentage (%),E08000034,94.8
2017,All public schools (%),,Yorkshire and the Humber,Kirklees,Normal value,Units,Percentage (%),E08000034,97.9
2018,All public schools (%),,Yorkshire and the Humber,Kirklees,Normal value,Units,Percentage (%),E08000034,97.1
2019,All public schools (%),,Yorkshire and the Humber,Kirklees,Normal value,Units,Percentage (%),E08000034,97.36710130391174
2016,All public schools (%),,North West,Knowsley,Normal value,Units,Percentage (%),E08000011,97.8
2017,All public schools (%),,North West,Knowsley,Normal value,Units,Percentage (%),E08000011,99.0
2018,All public schools (%),,North West,Knowsley,Normal value,Units,Percentage (%),E08000011,98.1
2019,All public schools (%),,North West,Knowsley,Normal value,Units,Percentage (%),E08000011,98.20666097352692
2016,All public schools (%),,Inner London,Lambeth,Normal value,Units,Percentage (%),E09000022,93.0
2017,All public schools (%),,Inner London,Lambeth,Normal value,Units,Percentage (%),E09000022,93.0
2018,All public schools (%),,Inner London,Lambeth,Normal value,Units,Percentage (%),E09000022,93.4
2019,All public schools (%),,Inner London,Lambeth,Normal value,Units,Percentage (%),E09000022,92.67489711934157
2016,All public schools (%),,North West,Lancashire,Normal value,Units,Percentage (%),,96.0
2017,All public schools (%),,North West,Lancashire,Normal value,Units,Percentage (%),,96.4
2018,All public schools (%),,North West,Lancashire,Normal value,Units,Percentage (%),,98.2
2019,All public schools (%),,North West,Lancashire,Normal value,Units,Percentage (%),,97.7611213861579
2016,All public schools (%),,Yorkshire and the Humber,Leeds,Normal value,Units,Percentage (%),E08000035,96.5
2017,All public schools (%),,Yorkshire and the Humber,Leeds,Normal value,Units,Percentage (%),E08000035,97.6
2018,All public schools (%),,Yorkshire and the Humber,Leeds,Normal value,Units,Percentage (%),E08000035,97.3
2019,All public schools (%),,Yorkshire and the Humber,Leeds,Normal value,Units,Percentage (%),E08000035,97.14607057500352
2016,All public schools (%),,East Midlands,Leicester,Normal value,Units,Percentage (%),E06000016,96.3
2017,All public schools (%),,East Midlands,Leicester,Normal value,Units,Percentage (%),E06000016,96.2
2018,All public schools (%),,East Midlands,Leicester,Normal value,Units,Percentage (%),E06000016,94.9
2019,All public schools (%),,East Midlands,Leicester,Normal value,Units,Percentage (%),E06000016,95.12902290518991
2016,All public schools (%),,East Midlands,Leicestershire,Normal value,Units,Percentage (%),,96.4
2017,All public schools (%),,East Midlands,Leicestershire,Normal value,Units,Percentage (%),,96.6
2018,All public schools (%),,East Midlands,Leicestershire,Normal value,Units,Percentage (%),,96.6
2019,All public schools (%),,East Midlands,Leicestershire,Normal value,Units,Percentage (%),,96.05376529381354
2016,All public schools (%),,Inner London,Lewisham,Normal value,Units,Percentage (%),E09000023,94.0
2017,All public schools (%),,Inner London,Lewisham,Normal value,Units,Percentage (%),E09000023,93.6
2018,All public schools (%),,Inner London,Lewisham,Normal value,Units,Percentage (%),E09000023,92.7
2019,All public schools (%),,Inner London,Lewisham,Normal value,Units,Percentage (%),E09000023,93.05271761340416
2016,All public schools (%),,East Midlands,Lincolnshire,Normal value,Units,Percentage (%),,95.9
2017,All public schools (%),,East Midlands,Lincolnshire,Normal value,Units,Percentage (%),,94.9
2018,All public schools (%),,East Midlands,Lincolnshire,Normal value,Units,Percentage (%),,94.8
2019,All public schools (%),,East Midlands,Lincolnshire,Normal value,Units,Percentage (%),,93.9718482252142
2016,All public schools (%),,North West,Liverpool,Normal value,Units,Percentage (%),E08000012,97.8
2017,All public schools (%),,North West,Liverpool,Normal value,Units,Percentage (%),E08000012,98.2
2018,All public schools (%),,North West,Liverpool,Normal value,Units,Percentage (%),E08000012,97.0
2019,All public schools (%),,North West,Liverpool,Normal value,Units,Percentage (%),E08000012,97.0360237118103
2016,All public schools (%),,East of England,Luton,Normal value,Units,Percentage (%),E06000032,90.8
2017,All public schools (%),,East of England,Luton,Normal value,Units,Percentage (%),E06000032,91.2
2018,All public schools (%),,East of England,Luton,Normal value,Units,Percentage (%),E06000032,88.7
2019,All public schools (%),,East of England,Luton,Normal value,Units,Percentage (%),E06000032,89.34723481414325
2016,All public schools (%),,North West,Manchester,Normal value,Units,Percentage (%),E08000003,96.1
2017,All public schools (%),,North West,Manchester,Normal value,Units,Percentage (%),E08000003,96.5
2018,All public schools (%),,North West,Manchester,Normal value,Units,Percentage (%),E08000003,96.6
2019,All public schools (%),,North West,Manchester,Normal value,Units,Percentage (%),E08000003,96.45113340765516
2016,All public schools (%),,South East,Medway,Normal value,Units,Percentage (%),E06000035,91.8
2017,All public schools (%),,South East,Medway,Normal value,Units,Percentage (%),E06000035,92.0
2018,All public schools (%),,South East,Medway,Normal value,Units,Percentage (%),E06000035,91.6
2019,All public schools (%),,South East,Medway,Normal value,Units,Percentage (%),E06000035,91.9170243204578
2016,All public schools (%),,Outer London,Merton,Normal value,Units,Percentage (%),E09000024,95.3
2017,All public schools (%),,Outer London,Merton,Normal value,Units,Percentage (%),E09000024,94.1
2018,All public schools (%),,Outer London,Merton,Normal value,Units,Percentage (%),E09000024,93.8
2019,All public schools (%),,Outer London,Merton,Normal value,Units,Percentage (%),E09000024,93.9249553305539
2016,All public schools (%),,North East,Middlesbrough,Normal value,Units,Percentage (%),E06000002,94.2
2017,All public schools (%),,North East,Middlesbrough,Normal value,Units,Percentage (%),E06000002,93.2
2018,All public schools (%),,North East,Middlesbrough,Normal value,Units,Percentage (%),E06000002,96.0
2019,All public schools (%),,North East,Middlesbrough,Normal value,Units,Percentage (%),E06000002,95.31554977228367
2016,All public schools (%),,South East,Milton Keynes,Normal value,Units,Percentage (%),E06000042,95.0
2017,All public schools (%),,South East,Milton Keynes,Normal value,Units,Percentage (%),E06000042,94.8
2018,All public schools (%),,South East,Milton Keynes,Normal value,Units,Percentage (%),E06000042,93.2
2019,All public schools (%),,South East,Milton Keynes,Normal value,Units,Percentage (%),E06000042,93.28332765086942
2016,All public schools (%),,North East,Newcastle upon Tyne,Normal value,Units,Percentage (%),E08000021,97.9
2017,All public schools (%),,North East,Newcastle upon Tyne,Normal value,Units,Percentage (%),E08000021,98.6
2018,All public schools (%),,North East,Newcastle upon Tyne,Normal value,Units,Percentage (%),E08000021,97.0
2019,All public schools (%),,North East,Newcastle upon Tyne,Normal value,Units,Percentage (%),E08000021,96.28132578819724
2016,All public schools (%),,Outer London,Newham,Normal value,Units,Percentage (%),E09000025,92.3
2017,All public schools (%),,Outer London,Newham,Normal value,Units,Percentage (%),E09000025,93.8
2018,All public schools (%),,Outer London,Newham,Normal value,Units,Percentage (%),E09000025,91.7
2019,All public schools (%),,Outer London,Newham,Normal value,Units,Percentage (%),E09000025,91.00073764445536
2016,All public schools (%),,East of England,Norfolk,Normal value,Units,Percentage (%),,95.0
2017,All public schools (%),,East of England,Norfolk,Normal value,Units,Percentage (%),,94.9
2018,All public schools (%),,East of England,Norfolk,Normal value,Units,Percentage (%),,94.9
2019,All public schools (%),,East of England,Norfolk,Normal value,Units,Percentage (%),,93.52966161687668
2016,All public schools (%),,Yorkshire and the Humber,North East Lincolnshire,Normal value,Units,Percentage (%),E06000012,93.4
2017,All public schools (%),,Yorkshire and the Humber,North East Lincolnshire,Normal value,Units,Percentage (%),E06000012,92.9
2018,All public schools (%),,Yorkshire and the Humber,North East Lincolnshire,Normal value,Units,Percentage (%),E06000012,92.5
2019,All public schools (%),,Yorkshire and the Humber,North East Lincolnshire,Normal value,Units,Percentage (%),E06000012,92.03276247207744
2016,All public schools (%),,Yorkshire and the Humber,North Lincolnshire,Normal value,Units,Percentage (%),E06000013,96.8
2017,All public schools (%),,Yorkshire and the Humber,North Lincolnshire,Normal value,Units,Percentage (%),E06000013,97.4
2018,All public schools (%),,Yorkshire and the Humber,North Lincolnshire,Normal value,Units,Percentage (%),E06000013,96.1
2019,All public schools (%),,Yorkshire and the Humber,North Lincolnshire,Normal value,Units,Percentage (%),E06000013,95.17819706498952
2016,All public schools (%),,South West,North Somerset,Normal value,Units,Percentage (%),E06000024,98.4
2017,All public schools (%),,South West,North Somerset,Normal value,Units,Percentage (%),E06000024,98.4
2018,All public schools (%),,South West,North Somerset,Normal value,Units,Percentage (%),E06000024,98.2
2019,All public schools (%),,South West,North Somerset,Normal value,Units,Percentage (%),E06000024,98.12433011789923
2016,All public schools (%),,North East,North Tyneside,Normal value,Units,Percentage (%),E08000022,98.7
2017,All public schools (%),,North East,North Tyneside,Normal value,Units,Percentage (%),E08000022,99.3
2018,All public schools (%),,North East,North Tyneside,Normal value,Units,Percentage (%),E08000022,99.0
2019,All public schools (%),,North East,North Tyneside,Normal value,Units,Percentage (%),E08000022,98.69451697127938
2016,All public schools (%),,Yorkshire and the Humber,North Yorkshire,Normal value,Units,Percentage (%),,98.5
2017,All public schools (%),,Yorkshire and the Humber,North Yorkshire,Normal value,Units,Percentage (%),,98.2
2018,All public schools (%),,Yorkshire and the Humber,North Yorkshire,Normal value,Units,Percentage (%),,96.7
2019,All public schools (%),,Yorkshire and the Humber,North Yorkshire,Normal value,Units,Percentage (%),,96.96132596685084
2016,All public schools (%),,East Midlands,Northamptonshire,Normal value,Units,Percentage (%),,93.3
2017,All public schools (%),,East Midlands,Northamptonshire,Normal value,Units,Percentage (%),,93.3
2018,All public schools (%),,East Midlands,Northamptonshire,Normal value,Units,Percentage (%),,93.3
2019,All public schools (%),,East Midlands,Northamptonshire,Normal value,Units,Percentage (%),,93.07297605473204
2016,All public schools (%),,North East,Northumberland,Normal value,Units,Percentage (%),E06000057,98.1
2017,All public schools (%),,North East,Northumberland,Normal value,Units,Percentage (%),E06000057,97.4
2018,All public schools (%),,North East,Northumberland,Normal value,Units,Percentage (%),E06000057,97.6
2019,All public schools (%),,North East,Northumberland,Normal value,Units,Percentage (%),E06000057,97.50812567713976
2016,All public schools (%),,East Midlands,Nottingham,Normal value,Units,Percentage (%),E06000018,96.4
2017,All public schools (%),,East Midlands,Nottingham,Normal value,Units,Percentage (%),E06000018,96.8
2018,All public schools (%),,East Midlands,Nottingham,Normal value,Units,Percentage (%),E06000018,96.0
2019,All public schools (%),,East Midlands,Nottingham,Normal value,Units,Percentage (%),E06000018,94.49633088725815
2016,All public schools (%),,East Midlands,Nottinghamshire,Normal value,Units,Percentage (%),,97.9
2017,All public schools (%),,East Midlands,Nottinghamshire,Normal value,Units,Percentage (%),,98.1
2018,All public schools (%),,East Midlands,Nottinghamshire,Normal value,Units,Percentage (%),,96.8
2019,All public schools (%),,East Midlands,Nottinghamshire,Normal value,Units,Percentage (%),,96.60607781880148
2016,All public schools (%),,North West,Oldham,Normal value,Units,Percentage (%),E08000004,96.5
2017,All public schools (%),,North West,Oldham,Normal value,Units,Percentage (%),E08000004,93.0
2018,All public schools (%),,North West,Oldham,Normal value,Units,Percentage (%),E08000004,95.8
2019,All public schools (%),,North West,Oldham,Normal value,Units,Percentage (%),E08000004,95.63621533442088
2016,All public schools (%),,South East,Oxfordshire,Normal value,Units,Percentage (%),,93.1
2017,All public schools (%),,South East,Oxfordshire,Normal value,Units,Percentage (%),,92.4
2018,All public schools (%),,South East,Oxfordshire,Normal value,Units,Percentage (%),,95.7
2019,All public schools (%),,South East,Oxfordshire,Normal value,Units,Percentage (%),,95.16852067076208
2016,All public schools (%),,East of England,Peterborough,Normal value,Units,Percentage (%),E06000031,94.0
2017,All public schools (%),,East of England,Peterborough,Normal value,Units,Percentage (%),E06000031,93.6
2018,All public schools (%),,East of England,Peterborough,Normal value,Units,Percentage (%),E06000031,92.5
2019,All public schools (%),,East of England,Peterborough,Normal value,Units,Percentage (%),E06000031,92.03727234222788
2016,All public schools (%),,South West,Plymouth,Normal value,Units,Percentage (%),E06000026,96.1
2017,All public schools (%),,South West,Plymouth,Normal value,Units,Percentage (%),E06000026,96.0
2018,All public schools (%),,South West,Plymouth,Normal value,Units,Percentage (%),E06000026,97.1
2019,All public schools (%),,South West,Plymouth,Normal value,Units,Percentage (%),E06000026,96.4969450101833
2016,All public schools (%),,South West,Poole,Normal value,Units,Percentage (%),E06000029,91.5
2017,All public schools (%),,South West,Poole,Normal value,Units,Percentage (%),E06000029,90.5
2018,All public schools (%),,South West,Poole,Normal value,Units,Percentage (%),E06000029,94.9
2016,All public schools (%),,South East,Portsmouth,Normal value,Units,Percentage (%),E06000044,96.2
2017,All public schools (%),,South East,Portsmouth,Normal value,Units,Percentage (%),E06000044,95.4
2018,All public schools (%),,South East,Portsmouth,Normal value,Units,Percentage (%),E06000044,95.0
2019,All public schools (%),,South East,Portsmouth,Normal value,Units,Percentage (%),E06000044,94.6749226006192
2016,All public schools (%),,South East,Reading,Normal value,Units,Percentage (%),E06000038,92.2
2017,All public schools (%),,South East,Reading,Normal value,Units,Percentage (%),E06000038,91.8
2018,All public schools (%),,South East,Reading,Normal value,Units,Percentage (%),E06000038,92.9
2019,All public schools (%),,South East,Reading,Normal value,Units,Percentage (%),E06000038,91.89750692520776
2016,All public schools (%),,Outer London,Redbridge,Normal value,Units,Percentage (%),E09000026,90.7
2017,All public schools (%),,Outer London,Redbridge,Normal value,Units,Percentage (%),E09000026,92.3
2018,All public schools (%),,Outer London,Redbridge,Normal value,Units,Percentage (%),E09000026,92.4
2019,All public schools (%),,Outer London,Redbridge,Normal value,Units,Percentage (%),E09000026,91.31483715319662
2016,All public schools (%),,North East,Redcar and Cleveland,Normal value,Units,Percentage (%),E06000003,98.4
2017,All public schools (%),,North East,Redcar and Cleveland,Normal value,Units,Percentage (%),E06000003,96.9
2018,All public schools (%),,North East,Redcar and Cleveland,Normal value,Units,Percentage (%),E06000003,97.3
2019,All public schools (%),,North East,Redcar and Cleveland,Normal value,Units,Percentage (%),E06000003,96.8798751950078
2016,All public schools (%),,Outer London,Richmond upon Thames,Normal value,Units,Percentage (%),E09000027,96.8
2017,All public schools (%),,Outer London,Richmond upon Thames,Normal value,Units,Percentage (%),E09000027,95.2
2018,All public schools (%),,Outer London,Richmond upon Thames,Normal value,Units,Percentage (%),E09000027,96.7
2019,All public schools (%),,Outer London,Richmond upon Thames,Normal value,Units,Percentage (%),E09000027,96.37146371463714
2016,All public schools (%),,North West,Rochdale,Normal value,Units,Percentage (%),E08000005,98.2
2017,All public schools (%),,North West,Rochdale,Normal value,Units,Percentage (%),E08000005,98.7
2018,All public schools (%),,North West,Rochdale,Normal value,Units,Percentage (%),E08000005,98.0
2019,All public schools (%),,North West,Rochdale,Normal value,Units,Percentage (%),E08000005,98.27089337175792
2016,All public schools (%),,Yorkshire and the Humber,Rotherham,Normal value,Units,Percentage (%),E08000018,96.2
2017,All public schools (%),,Yorkshire and the Humber,Rotherham,Normal value,Units,Percentage (%),E08000018,96.8
2018,All public schools (%),,Yorkshire and the Humber,Rotherham,Normal value,Units,Percentage (%),E08000018,97.1
2019,All public schools (%),,Yorkshire and the Humber,Rotherham,Normal value,Units,Percentage (%),E08000018,97.31873111782475
2016,All public schools (%),,East Midlands,Rutland,Normal value,Units,Percentage (%),E06000017,93.9
2017,All public schools (%),,East Midlands,Rutland,Normal value,Units,Percentage (%),E06000017,95.6
2018,All public schools (%),,East Midlands,Rutland,Normal value,Units,Percentage (%),E06000017,96.9
2019,All public schools (%),,East Midlands,Rutland,Normal value,Units,Percentage (%),E06000017,97.51381215469614
2016,All public schools (%),,North West,Salford,Normal value,Units,Percentage (%),E08000006,96.7
2017,All public schools (%),,North West,Salford,Normal value,Units,Percentage (%),E08000006,95.7
2018,All public schools (%),,North West,Salford,Normal value,Units,Percentage (%),E08000006,95.8
2019,All public schools (%),,North West,Salford,Normal value,Units,Percentage (%),E08000006,96.0740072202166
2016,All public schools (%),,West Midlands,Sandwell,Normal value,Units,Percentage (%),E08000028,95.7
2017,All public schools (%),,West Midlands,Sandwell,Normal value,Units,Percentage (%),E08000028,95.8
2018,All public schools (%),,West Midlands,Sandwell,Normal value,Units,Percentage (%),E08000028,95.1
2019,All public schools (%),,West Midlands,Sandwell,Normal value,Units,Percentage (%),E08000028,94.81118477947535
2016,All public schools (%),,North West,Sefton,Normal value,Units,Percentage (%),E08000014,98.9
2017,All public schools (%),,North West,Sefton,Normal value,Units,Percentage (%),E08000014,98.9
2018,All public schools (%),,North West,Sefton,Normal value,Units,Percentage (%),E08000014,98.7
2019,All public schools (%),,North West,Sefton,Normal value,Units,Percentage (%),E08000014,98.13401187446988
2016,All public schools (%),,Yorkshire and the Humber,Sheffield,Normal value,Units,Percentage (%),E08000019,97.5
2017,All public schools (%),,Yorkshire and the Humber,Sheffield,Normal value,Units,Percentage (%),E08000019,97.7
2018,All public schools (%),,Yorkshire and the Humber,Sheffield,Normal value,Units,Percentage (%),E08000019,97.2
2019,All public schools (%),,Yorkshire and the Humber,Sheffield,Normal value,Units,Percentage (%),E08000019,97.59727833297896
2016,All public schools (%),,West Midlands,Shropshire,Normal value,Units,Percentage (%),E06000051,97.4
2017,All public schools (%),,West Midlands,Shropshire,Normal value,Units,Percentage (%),E06000051,93.9
2018,All public schools (%),,West Midlands,Shropshire,Normal value,Units,Percentage (%),E06000051,97.6
2019,All public schools (%),,West Midlands,Shropshire,Normal value,Units,Percentage (%),E06000051,97.53550543024228
2016,All public schools (%),,South East,Slough,Normal value,Units,Percentage (%),E06000039,86.9
2017,All public schools (%),,South East,Slough,Normal value,Units,Percentage (%),E06000039,88.8
2018,All public schools (%),,South East,Slough,Normal value,Units,Percentage (%),E06000039,87.5
2019,All public schools (%),,South East,Slough,Normal value,Units,Percentage (%),E06000039,85.74468085106382
2016,All public schools (%),,West Midlands,Solihull,Normal value,Units,Percentage (%),E08000029,96.1
2017,All public schools (%),,West Midlands,Solihull,Normal value,Units,Percentage (%),E08000029,96.9
2018,All public schools (%),,West Midlands,Solihull,Normal value,Units,Percentage (%),E08000029,95.9
2019,All public schools (%),,West Midlands,Solihull,Normal value,Units,Percentage (%),E08000029,94.35957696827262
2016,All public schools (%),,South West,Somerset,Normal value,Units,Percentage (%),,97.1
2017,All public schools (%),,South West,Somerset,Normal value,Units,Percentage (%),,97.2
2018,All public schools (%),,South West,Somerset,Normal value,Units,Percentage (%),,96.7
2019,All public schools (%),,South West,Somerset,Normal value,Units,Percentage (%),,96.12156951689724
2016,All public schools (%),,South West,South Gloucestershire,Normal value,Units,Percentage (%),E06000025,99.1
2017,All public schools (%),,South West,South Gloucestershire,Normal value,Units,Percentage (%),E06000025,99.2
2018,All public schools (%),,South West,South Gloucestershire,Normal value,Units,Percentage (%),E06000025,98.9
2019,All public schools (%),,South West,South Gloucestershire,Normal value,Units,Percentage (%),E06000025,98.85480572597136
2016,All public schools (%),,North East,South Tyneside,Normal value,Units,Percentage (%),E08000023,97.0
2017,All public schools (%),,North East,South Tyneside,Normal value,Units,Percentage (%),E08000023,97.4
2018,All public schools (%),,North East,South Tyneside,Normal value,Units,Percentage (%),E08000023,97.7
2019,All public schools (%),,North East,South Tyneside,Normal value,Units,Percentage (%),E08000023,97.05882352941175
2016,All public schools (%),,South East,Southampton,Normal value,Units,Percentage (%),E06000045,95.9
2017,All public schools (%),,South East,Southampton,Normal value,Units,Percentage (%),E06000045,95.8
2018,All public schools (%),,South East,Southampton,Normal value,Units,Percentage (%),E06000045,95.1
2019,All public schools (%),,South East,Southampton,Normal value,Units,Percentage (%),E06000045,94.2528735632184
2016,All public schools (%),,South East,Southend-on-Sea,Normal value,Units,Percentage (%),E06000033,90.7
2017,All public schools (%),,South East,Southend-on-Sea,Normal value,Units,Percentage (%),E06000033,90.9
2018,All public schools (%),,South East,Southend-on-Sea,Normal value,Units,Percentage (%),E06000033,89.6
2019,All public schools (%),,South East,Southend-on-Sea,Normal value,Units,Percentage (%),E06000033,89.13159296750133
2016,All public schools (%),,Inner London,Southwark,Normal value,Units,Percentage (%),E09000028,91.6
2017,All public schools (%),,Inner London,Southwark,Normal value,Units,Percentage (%),E09000028,92.1
2018,All public schools (%),,Inner London,Southwark,Normal value,Units,Percentage (%),E09000028,92.3
2019,All public schools (%),,Inner London,Southwark,Normal value,Units,Percentage (%),E09000028,92.25496915695682
2016,All public schools (%),,North West,St. Helens,Normal value,Units,Percentage (%),E08000013,99.4
2017,All public schools (%),,North West,St. Helens,Normal value,Units,Percentage (%),E08000013,99.7
2018,All public schools (%),,North West,St. Helens,Normal value,Units,Percentage (%),E08000013,98.6
2019,All public schools (%),,North West,St. Helens,Normal value,Units,Percentage (%),E08000013,98.81500987491772
2016,All public schools (%),,West Midlands,Staffordshire,Normal value,Units,Percentage (%),,96.7
2017,All public schools (%),,West Midlands,Staffordshire,Normal value,Units,Percentage (%),,97.2
2018,All public schools (%),,West Midlands,Staffordshire,Normal value,Units,Percentage (%),,96.7
2019,All public schools (%),,West Midlands,Staffordshire,Normal value,Units,Percentage (%),,96.32664594518224
2016,All public schools (%),,North West,Stockport,Normal value,Units,Percentage (%),E08000007,97.9
2017,All public schools (%),,North West,Stockport,Normal value,Units,Percentage (%),E08000007,97.9
2018,All public schools (%),,North West,Stockport,Normal value,Units,Percentage (%),E08000007,98.2
2019,All public schools (%),,North West,Stockport,Normal value,Units,Percentage (%),E08000007,97.5800156128025
2016,All public schools (%),,North East,Stockton-on-Tees,Normal value,Units,Percentage (%),E06000004,97.1
2017,All public schools (%),,North East,Stockton-on-Tees,Normal value,Units,Percentage (%),E06000004,96.4
2018,All public schools (%),,North East,Stockton-on-Tees,Normal value,Units,Percentage (%),E06000004,96.6
2019,All public schools (%),,North East,Stockton-on-Tees,Normal value,Units,Percentage (%),E06000004,96.398891966759
2016,All public schools (%),,West Midlands,Stoke-on-Trent,Normal value,Units,Percentage (%),E06000021,93.4
2017,All public schools (%),,West Midlands,Stoke-on-Trent,Normal value,Units,Percentage (%),E06000021,94.3
2018,All public schools (%),,West Midlands,Stoke-on-Trent,Normal value,Units,Percentage (%),E06000021,96.2
2019,All public schools (%),,West Midlands,Stoke-on-Trent,Normal value,Units,Percentage (%),E06000021,95.18388791593696
2016,All public schools (%),,East of England,Suffolk,Normal value,Units,Percentage (%),,93.1
2017,All public schools (%),,East of England,Suffolk,Normal value,Units,Percentage (%),,93.2
2018,All public schools (%),,East of England,Suffolk,Normal value,Units,Percentage (%),,93.9
2019,All public schools (%),,East of England,Suffolk,Normal value,Units,Percentage (%),,93.58305674095148
2016,All public schools (%),,North East,Sunderland,Normal value,Units,Percentage (%),E08000024,98.2
2017,All public schools (%),,North East,Sunderland,Normal value,Units,Percentage (%),E08000024,99.0
2018,All public schools (%),,North East,Sunderland,Normal value,Units,Percentage (%),E08000024,98.1
2019,All public schools (%),,North East,Sunderland,Normal value,Units,Percentage (%),E08000024,97.51474304970516
2016,All public schools (%),,South East,Surrey,Normal value,Units,Percentage (%),,96.3
2017,All public schools (%),,South East,Surrey,Normal value,Units,Percentage (%),,96.3
2018,All public schools (%),,South East,Surrey,Normal value,Units,Percentage (%),,94.8
2019,All public schools (%),,South East,Surrey,Normal value,Units,Percentage (%),,94.64800329353643
2016,All public schools (%),,Outer London,Sutton,Normal value,Units,Percentage (%),E09000029,96.4
2017,All public schools (%),,Outer London,Sutton,Normal value,Units,Percentage (%),E09000029,96.1
2018,All public schools (%),,Outer London,Sutton,Normal value,Units,Percentage (%),E09000029,94.5
2019,All public schools (%),,Outer London,Sutton,Normal value,Units,Percentage (%),E09000029,93.53254195661071
2016,All public schools (%),,South West,Swindon,Normal value,Units,Percentage (%),E06000030,94.5
2017,All public schools (%),,South West,Swindon,Normal value,Units,Percentage (%),E06000030,94.9
2018,All public schools (%),,South West,Swindon,Normal value,Units,Percentage (%),E06000030,95.3
2019,All public schools (%),,South West,Swindon,Normal value,Units,Percentage (%),E06000030,94.93359567142154
2016,All public schools (%),,North West,Tameside,Normal value,Units,Percentage (%),E08000008,94.9
2017,All public schools (%),,North West,Tameside,Normal value,Units,Percentage (%),E08000008,95.2
2018,All public schools (%),,North West,Tameside,Normal value,Units,Percentage (%),E08000008,96.4
2019,All public schools (%),,North West,Tameside,Normal value,Units,Percentage (%),E08000008,95.74773053033924
2016,All public schools (%),,West Midlands,Telford and Wrekin,Normal value,Units,Percentage (%),E06000020,98.6
2017,All public schools (%),,West Midlands,Telford and Wrekin,Normal value,Units,Percentage (%),E06000020,96.7
2018,All public schools (%),,West Midlands,Telford and Wrekin,Normal value,Units,Percentage (%),E06000020,97.3
2019,All public schools (%),,West Midlands,Telford and Wrekin,Normal value,Units,Percentage (%),E06000020,97.04209328782709
2016,All public schools (%),,South East,Thurrock,Normal value,Units,Percentage (%),E06000034,90.3
2017,All public schools (%),,South East,Thurrock,Normal value,Units,Percentage (%),E06000034,90.0
2018,All public schools (%),,South East,Thurrock,Normal value,Units,Percentage (%),E06000034,87.6
2019,All public schools (%),,South East,Thurrock,Normal value,Units,Percentage (%),E06000034,87.32131758856433
2016,All public schools (%),,South West,Torbay,Normal value,Units,Percentage (%),E06000027,96.9
2017,All public schools (%),,South West,Torbay,Normal value,Units,Percentage (%),E06000027,97.5
2018,All public schools (%),,South West,Torbay,Normal value,Units,Percentage (%),E06000027,97.8
2019,All public schools (%),,South West,Torbay,Normal value,Units,Percentage (%),E06000027,96.38648860958368
2016,All public schools (%),,Inner London,Tower Hamlets,Normal value,Units,Percentage (%),E09000030,92.0
2017,All public schools (%),,Inner London,Tower Hamlets,Normal value,Units,Percentage (%),E09000030,93.3
2018,All public schools (%),,Inner London,Tower Hamlets,Normal value,Units,Percentage (%),E09000030,94.6
2019,All public schools (%),,Inner London,Tower Hamlets,Normal value,Units,Percentage (%),E09000030,93.37407526535864
2016,All public schools (%),,North West,Trafford,Normal value,Units,Percentage (%),E08000009,97.5
2017,All public schools (%),,North West,Trafford,Normal value,Units,Percentage (%),E08000009,98.3
2018,All public schools (%),,North West,Trafford,Normal value,Units,Percentage (%),E08000009,96.7
2019,All public schools (%),,North West,Trafford,Normal value,Units,Percentage (%),E08000009,96.79812573213589
2016,All public schools (%),,Yorkshire and the Humber,Wakefield,Normal value,Units,Percentage (%),E08000036,96.9
2017,All public schools (%),,Yorkshire and the Humber,Wakefield,Normal value,Units,Percentage (%),E08000036,96.9
2018,All public schools (%),,Yorkshire and the Humber,Wakefield,Normal value,Units,Percentage (%),E08000036,97.0
2019,All public schools (%),,Yorkshire and the Humber,Wakefield,Normal value,Units,Percentage (%),E08000036,96.6655324940456
2016,All public schools (%),,West Midlands,Walsall,Normal value,Units,Percentage (%),E08000030,97.2
2017,All public schools (%),,West Midlands,Walsall,Normal value,Units,Percentage (%),E08000030,97.3
2018,All public schools (%),,West Midlands,Walsall,Normal value,Units,Percentage (%),E08000030,95.8
2019,All public schools (%),,West Midlands,Walsall,Normal value,Units,Percentage (%),E08000030,95.34883720930232
2016,All public schools (%),,Outer London,Waltham Forest,Normal value,Units,Percentage (%),E09000031,92.9
2017,All public schools (%),,Outer London,Waltham Forest,Normal value,Units,Percentage (%),E09000031,92.4
2018,All public schools (%),,Outer London,Waltham Forest,Normal value,Units,Percentage (%),E09000031,91.3
2019,All public schools (%),,Outer London,Waltham Forest,Normal value,Units,Percentage (%),E09000031,91.9674039580908
2016,All public schools (%),,Inner London,Wandsworth,Normal value,Units,Percentage (%),E09000032,93.9
2017,All public schools (%),,Inner London,Wandsworth,Normal value,Units,Percentage (%),E09000032,94.9
2018,All public schools (%),,Inner London,Wandsworth,Normal value,Units,Percentage (%),E09000032,93.8
2019,All public schools (%),,Inner London,Wandsworth,Normal value,Units,Percentage (%),E09000032,92.44186046511628
2016,All public schools (%),,North West,Warrington,Normal value,Units,Percentage (%),E06000007,98.4
2017,All public schools (%),,North West,Warrington,Normal value,Units,Percentage (%),E06000007,98.2
2018,All public schools (%),,North West,Warrington,Normal value,Units,Percentage (%),E06000007,98.4
2019,All public schools (%),,North West,Warrington,Normal value,Units,Percentage (%),E06000007,98.23925427239772
2016,All public schools (%),,West Midlands,Warwickshire,Normal value,Units,Percentage (%),,96.3
2017,All public schools (%),,West Midlands,Warwickshire,Normal value,Units,Percentage (%),,96.5
2018,All public schools (%),,West Midlands,Warwickshire,Normal value,Units,Percentage (%),,96.3
2019,All public schools (%),,West Midlands,Warwickshire,Normal value,Units,Percentage (%),,95.13471603023842
2016,All public schools (%),,South East,West Berkshire,Normal value,Units,Percentage (%),E06000037,95.4
2017,All public schools (%),,South East,West Berkshire,Normal value,Units,Percentage (%),E06000037,95.8
2018,All public schools (%),,South East,West Berkshire,Normal value,Units,Percentage (%),E06000037,95.4
2019,All public schools (%),,South East,West Berkshire,Normal value,Units,Percentage (%),E06000037,94.58823529411764
2016,All public schools (%),,South East,West Sussex,Normal value,Units,Percentage (%),,98.0
2017,All public schools (%),,South East,West Sussex,Normal value,Units,Percentage (%),,98.3
2018,All public schools (%),,South East,West Sussex,Normal value,Units,Percentage (%),,97.5
2019,All public schools (%),,South East,West Sussex,Normal value,Units,Percentage (%),,97.50496172384464
2016,All public schools (%),,Inner London,Westminster,Normal value,Units,Percentage (%),E09000033,90.5
2017,All public schools (%),,Inner London,Westminster,Normal value,Units,Percentage (%),E09000033,92.3
2018,All public schools (%),,Inner London,Westminster,Normal value,Units,Percentage (%),E09000033,91.9
2019,All public schools (%),,Inner London,Westminster,Normal value,Units,Percentage (%),E09000033,90.9493670886076
2016,All public schools (%),,North West,Wigan,Normal value,Units,Percentage (%),E08000010,99.0
2017,All public schools (%),,North West,Wigan,Normal value,Units,Percentage (%),E08000010,98.8
2018,All public schools (%),,North West,Wigan,Normal value,Units,Percentage (%),E08000010,98.3
2019,All public schools (%),,North West,Wigan,Normal value,Units,Percentage (%),E08000010,98.39122486288848
2016,All public schools (%),,South West,Wiltshire,Normal value,Units,Percentage (%),E06000054,96.3
2017,All public schools (%),,South West,Wiltshire,Normal value,Units,Percentage (%),E06000054,96.8
2018,All public schools (%),,South West,Wiltshire,Normal value,Units,Percentage (%),E06000054,97.2
2019,All public schools (%),,South West,Wiltshire,Normal value,Units,Percentage (%),E06000054,97.152466367713
2016,All public schools (%),,South East,Windsor and Maidenhead,Normal value,Units,Percentage (%),E06000040,91.4
2017,All public schools (%),,South East,Windsor and Maidenhead,Normal value,Units,Percentage (%),E06000040,92.7
2018,All public schools (%),,South East,Windsor and Maidenhead,Normal value,Units,Percentage (%),E06000040,92.5
2019,All public schools (%),,South East,Windsor and Maidenhead,Normal value,Units,Percentage (%),E06000040,93.2107496463932
2016,All public schools (%),,North West,Wirral,Normal value,Units,Percentage (%),E08000015,99.0
2017,All public schools (%),,North West,Wirral,Normal value,Units,Percentage (%),E08000015,98.9
2018,All public schools (%),,North West,Wirral,Normal value,Units,Percentage (%),E08000015,98.5
2019,All public schools (%),,North West,Wirral,Normal value,Units,Percentage (%),E08000015,98.52042457381796
2016,All public schools (%),,South East,Wokingham,Normal value,Units,Percentage (%),E06000041,97.2
2017,All public schools (%),,South East,Wokingham,Normal value,Units,Percentage (%),E06000041,97.8
2018,All public schools (%),,South East,Wokingham,Normal value,Units,Percentage (%),E06000041,96.6
2019,All public schools (%),,South East,Wokingham,Normal value,Units,Percentage (%),E06000041,96.875
2016,All public schools (%),,West Midlands,Wolverhampton,Normal value,Units,Percentage (%),E08000031,95.2
2017,All public schools (%),,West Midlands,Wolverhampton,Normal value,Units,Percentage (%),E08000031,95.0
2018,All public schools (%),,West Midlands,Wolverhampton,Normal value,Units,Percentage (%),E08000031,93.2
2019,All public schools (%),,West Midlands,Wolverhampton,Normal value,Units,Percentage (%),E08000031,93.04908634897886
2016,All public schools (%),,West Midlands,Worcestershire,Normal value,Units,Percentage (%),,98.1
2017,All public schools (%),,West Midlands,Worcestershire,Normal value,Units,Percentage (%),,97.9
2018,All public schools (%),,West Midlands,Worcestershire,Normal value,Units,Percentage (%),,97.7
2019,All public schools (%),,West Midlands,Worcestershire,Normal value,Units,Percentage (%),,97.18364952082926
2016,All public schools (%),,Yorkshire and the Humber,York,Normal value,Units,Percentage (%),E06000014,99.1
2017,All public schools (%),,Yorkshire and the Humber,York,Normal value,Units,Percentage (%),E06000014,97.7
2018,All public schools (%),,Yorkshire and the Humber,York,Normal value,Units,Percentage (%),E06000014,98.1
2019,All public schools (%),,Yorkshire and the Humber,York,Normal value,Units,Percentage (%),E06000014,97.6918278228322
2016,All public schools (%),,East Midlands,,Normal value,Units,Percentage (%),E12000004,95.0
2017,All public schools (%),,East Midlands,,Normal value,Units,Percentage (%),E12000004,94.8
2018,All public schools (%),,East Midlands,,Normal value,Units,Percentage (%),E12000004,95.5
2019,All public schools (%),,East Midlands,,Normal value,Units,Percentage (%),E12000004,95.1244936154083
2016,All public schools (%),,East of England,,Normal value,Units,Percentage (%),E12000006,93.9
2017,All public schools (%),,East of England,,Normal value,Units,Percentage (%),E12000006,93.8
2018,All public schools (%),,East of England,,Normal value,Units,Percentage (%),E12000006,93.4
2019,All public schools (%),,East of England,,Normal value,Units,Percentage (%),E12000006,93.1507332205302
2016,All public schools (%),,Inner London,,Normal value,Units,Percentage (%),E13000001,92.4
2017,All public schools (%),,Inner London,,Normal value,Units,Percentage (%),E13000001,93.2
2018,All public schools (%),,Inner London,,Normal value,Units,Percentage (%),E13000001,92.7
2019,All public schools (%),,Inner London,,Normal value,Units,Percentage (%),E13000001,91.93339689457912
2016,All public schools (%),,North East,,Normal value,Units,Percentage (%),E12000001,97.6
2017,All public schools (%),,North East,,Normal value,Units,Percentage (%),E12000001,97.3
2018,All public schools (%),,North East,,Normal value,Units,Percentage (%),E12000001,97.3
2019,All public schools (%),,North East,,Normal value,Units,Percentage (%),E12000001,96.99629329811256
2016,All public schools (%),,North West,,Normal value,Units,Percentage (%),E12000002,97.4
2017,All public schools (%),,North West,,Normal value,Units,Percentage (%),E12000002,97.4
2018,All public schools (%),,North West,,Normal value,Units,Percentage (%),E12000002,97.5
2019,All public schools (%),,North West,,Normal value,Units,Percentage (%),E12000002,97.27018409337025
2016,All public schools (%),,Outer London,,Normal value,Units,Percentage (%),E13000002,92.5
2017,All public schools (%),,Outer London,,Normal value,Units,Percentage (%),E13000002,92.5
2018,All public schools (%),,Outer London,,Normal value,Units,Percentage (%),E13000002,92.1
2019,All public schools (%),,Outer London,,Normal value,Units,Percentage (%),E13000002,91.99914366898912
2016,All public schools (%),,South East,,Normal value,Units,Percentage (%),E12000008,94.8
2017,All public schools (%),,South East,,Normal value,Units,Percentage (%),E12000008,95.0
2018,All public schools (%),,South East,,Normal value,Units,Percentage (%),E12000008,94.5
2019,All public schools (%),,South East,,Normal value,Units,Percentage (%),E12000008,94.27411065707338
2016,All public schools (%),,South West,,Normal value,Units,Percentage (%),E12000009,96.9
2017,All public schools (%),,South West,,Normal value,Units,Percentage (%),E12000009,96.9
2018,All public schools (%),,South West,,Normal value,Units,Percentage (%),E12000009,97.3
2019,All public schools (%),,South West,,Normal value,Units,Percentage (%),E12000009,96.94408047677416
2016,All public schools (%),,West Midlands,,Normal value,Units,Percentage (%),E12000005,96.0
2017,All public schools (%),,West Midlands,,Normal value,Units,Percentage (%),E12000005,96.1
2018,All public schools (%),,West Midlands,,Normal value,Units,Percentage (%),E12000005,96.0
2019,All public schools (%),,West Midlands,,Normal value,Units,Percentage (%),E12000005,95.67484000862876
2016,All public schools (%),,Yorkshire and the Humber,,Normal value,Units,Percentage (%),,96.0
2017,All public schools (%),,Yorkshire and the Humber,,Normal value,Units,Percentage (%),,96.9
2018,All public schools (%),,Yorkshire and the Humber,,Normal value,Units,Percentage (%),,96.5
2019,All public schools (%),,Yorkshire and the Humber,,Normal value,Units,Percentage (%),,96.45765304013555
2012,All public schools (%),Female,,,Normal value,Units,Percentage (%),,96.46594804773416
2013,All public schools (%),Female,,,Normal value,Units,Percentage (%),,96.16083009079118
2014,All public schools (%),Female,,,Normal value,Units,Percentage (%),,95.59214020180562
2015,All public schools (%),Female,,,Normal value,Units,Percentage (%),,95.19408502772644
2016,All public schools (%),Female,,,Normal value,Units,Percentage (%),,94.92105263157896
2017,All public schools (%),Female,,,Normal value,Units,Percentage (%),,95.4976637693314
2018,All public schools (%),Female,,,Normal value,Units,Percentage (%),,95.33784463001076
2019,All public schools (%),Female,,,Normal value,Units,Percentage (%),,95.2851007284721
2012,Nursery (%),Female,,,Normal value,Units,Percentage (%),,97.07602339181284
2013,Nursery (%),Female,,,Normal value,Units,Percentage (%),,100.0
2014,Nursery (%),Female,,,Normal value,Units,Percentage (%),,93.33333333333331
2015,Nursery (%),Female,,,Normal value,Units,Percentage (%),,100.0
2016,Nursery (%),Female,,,Normal value,Units,Percentage (%),,92.85714285714288
2017,Nursery (%),Female,,,Normal value,Units,Percentage (%),,96.02196823511947
2018,Nursery (%),Female,,,Normal value,Units,Percentage (%),,96.53073625559976
2019,Nursery (%),Female,,,Normal value,Units,Percentage (%),,96.1658841940532
2012,Primary (%),Female,,,Normal value,Units,Percentage (%),,97.86928616922248
2013,Primary (%),Female,,,Normal value,Units,Percentage (%),,97.79164666346615
2014,Primary (%),Female,,,Normal value,Units,Percentage (%),,97.39884393063583
2015,Primary (%),Female,,,Normal value,Units,Percentage (%),,97.063003315964
2016,Primary (%),Female,,,Normal value,Units,Percentage (%),,96.85741088180112
2017,Primary (%),Female,,,Normal value,Units,Percentage (%),,97.28014792120103
2018,Primary (%),Female,,,Normal value,Units,Percentage (%),,97.14693032929404
2019,Primary (%),Female,,,Normal value,Units,Percentage (%),,97.17401942332305
2012,Secondary (%),Female,,,Normal value,Units,Percentage (%),,95.38696982947091
2013,Secondary (%),Female,,,Normal value,Units,Percentage (%),,94.62950373895308
2014,Secondary (%),Female,,,Normal value,Units,Percentage (%),,93.89155799588195
2015,Secondary (%),Female,,,Normal value,Units,Percentage (%),,93.42560553633218
2016,Secondary (%),Female,,,Normal value,Units,Percentage (%),,93.22152341020266
2017,Secondary (%),Female,,,Normal value,Units,Percentage (%),,93.97942436535962
2018,Secondary (%),Female,,,Normal value,Units,Percentage (%),,93.9225744678665
2019,Secondary (%),Female,,,Normal value,Units,Percentage (%),,93.81658614797156
2012,All public schools (%),Male,,,Normal value,Units,Percentage (%),,95.1035057360764
2013,All public schools (%),Male,,,Normal value,Units,Percentage (%),,94.4488501189532
2014,All public schools (%),Male,,,Normal value,Units,Percentage (%),,93.86602098466504
2015,All public schools (%),Male,,,Normal value,Units,Percentage (%),,93.23126510878323
2016,All public schools (%),Male,,,Normal value,Units,Percentage (%),,93.04769603880356
2017,All public schools (%),Male,,,Normal value,Units,Percentage (%),,93.88623365442594
2018,All public schools (%),Male,,,Normal value,Units,Percentage (%),,93.99211164263164
2019,All public schools (%),Male,,,Normal value,Units,Percentage (%),,94.07610666139291
2012,Nursery (%),Male,,,Normal value,Units,Percentage (%),,98.46153846153848
2013,Nursery (%),Male,,,Normal value,Units,Percentage (%),,100.0
2014,Nursery (%),Male,,,Normal value,Units,Percentage (%),,100.0
2015,Nursery (%),Male,,,Normal value,Units,Percentage (%),,100.0
2016,Nursery (%),Male,,,Normal value,Units,Percentage (%),,100.0
2017,Nursery (%),Male,,,Normal value,Units,Percentage (%),,92.5872093023256
2018,Nursery (%),Male,,,Normal value,Units,Percentage (%),,96.6822262118492
2019,Nursery (%),Male,,,Normal value,Units,Percentage (%),,95.58823529411764
2012,Primary (%),Male,,,Normal value,Units,Percentage (%),,96.39100646530927
2013,Primary (%),Male,,,Normal value,Units,Percentage (%),,96.59442724458204
2014,Primary (%),Male,,,Normal value,Units,Percentage (%),,95.48192771084338
2015,Primary (%),Male,,,Normal value,Units,Percentage (%),,94.79768786127168
2016,Primary (%),Male,,,Normal value,Units,Percentage (%),,94.61756373937678
2017,Primary (%),Male,,,Normal value,Units,Percentage (%),,95.61462077195176
2018,Primary (%),Male,,,Normal value,Units,Percentage (%),,95.7209748053979
2019,Primary (%),Male,,,Normal value,Units,Percentage (%),,95.83226868807311
2012,Secondary (%),Male,,,Normal value,Units,Percentage (%),,95.73013717870688
2013,Secondary (%),Male,,,Normal value,Units,Percentage (%),,94.9232585596222
2014,Secondary (%),Male,,,Normal value,Units,Percentage (%),,94.33051869722556
2015,Secondary (%),Male,,,Normal value,Units,Percentage (%),,93.8875305623472
2016,Secondary (%),Male,,,Normal value,Units,Percentage (%),,93.66459627329192
2017,Secondary (%),Male,,,Normal value,Units,Percentage (%),,94.42781452419622
2018,Secondary (%),Male,,,Normal value,Units,Percentage (%),,94.59817255596217
2019,Secondary (%),Male,,,Normal value,Units,Percentage (%),,94.60483510875804
2012,All public schools (%),,,,Normal value,Units,Percentage (%),,96.11530821453358
2013,All public schools (%),,,,Normal value,Units,Percentage (%),,95.72182066809924
2014,All public schools (%),,,,Normal value,Units,Percentage (%),,95.16773162939296
2015,All public schools (%),,,,Normal value,Units,Percentage (%),,94.7117296222664
2016,All public schools (%),,,,Normal value,Units,Percentage (%),,94.4433419329232
2017,All public schools (%),,,,Normal value,Units,Percentage (%),,95.10213226242416
2018,All public schools (%),,,,Normal value,Units,Percentage (%),,95.0081422762316
2019,All public schools (%),,,,Normal value,Units,Percentage (%),,94.99206214491828
2012,Nursery (%),,,,Normal value,Units,Percentage (%),,97.14463066418374
2013,Nursery (%),,,,Normal value,Units,Percentage (%),,100.0
2014,Nursery (%),,,,Normal value,Units,Percentage (%),,100.0
2015,Nursery (%),,,,Normal value,Units,Percentage (%),,93.33333333333331
2016,Nursery (%),,,,Normal value,Units,Percentage (%),,100.0
2017,Nursery (%),,,,Normal value,Units,Percentage (%),,95.85510521112836
2018,Nursery (%),,,,Normal value,Units,Percentage (%),,96.53743128816424
2019,Nursery (%),,,,Normal value,Units,Percentage (%),,96.13670133729568
2012,Primary (%),,,,Normal value,Units,Percentage (%),,97.6657167005738
2013,Primary (%),,,,Normal value,Units,Percentage (%),,97.63190693809722
2014,Primary (%),,,,Normal value,Units,Percentage (%),,97.0539419087137
2015,Primary (%),,,,Normal value,Units,Percentage (%),,96.78469678469678
2016,Primary (%),,,,Normal value,Units,Percentage (%),,96.4616003216727
2017,Primary (%),,,,Normal value,Units,Percentage (%),,97.04208367918804
2018,Primary (%),,,,Normal value,Units,Percentage (%),,96.94039301044596
2019,Primary (%),,,,Normal value,Units,Percentage (%),,96.9830873718236
2012,Secondary (%),,,,Normal value,Units,Percentage (%),,95.49743227407458
2013,Secondary (%),,,,Normal value,Units,Percentage (%),,94.69827586206895
2014,Secondary (%),,,,Normal value,Units,Percentage (%),,94.05594405594404
2015,Secondary (%),,,,Normal value,Units,Percentage (%),,93.55408388520972
2016,Secondary (%),,,,Normal value,Units,Percentage (%),,93.34226988382484
2017,Secondary (%),,,,Normal value,Units,Percentage (%),,94.13785992212584
2018,Secondary (%),,,,Normal value,Units,Percentage (%),,94.16201580494264
2019,Secondary (%),,,,Normal value,Units,Percentage (%),,94.09690272105452
