Year,Series,Observation status,Unit multiplier,Units,Value
2018,Area 1: overarching legal frameworks and public life.,Normal value,Units,Percentage (%),70.0
2018,Area 2: violence against women.,Normal value,Units,Percentage (%),83.3
2018,Area 3: employment and economic benefits.,Normal value,Units,Percentage (%),90.0
2018,Area 4: marriage and family.,Normal value,Units,Percentage (%),90.9
2020,Area 1: overarching legal frameworks and public life.,Normal value,Units,Percentage (%),70.0
2020,Area 2: violence against women.,Normal value,Units,Percentage (%),83.3
2020,Area 3: employment and economic benefits.,Normal value,Units,Percentage (%),90.0
2020,Area 4: marriage and family.,Normal value,Units,Percentage (%),90.9
