Year,Series,Safely managed element,Service level,Facility type,Residence type,Observation status,Units,Unit multiplier,Value
2000,Proportion of population using safely managed sanitation services (%),,Basic service,,,Normal value,Percentage (%),Units,1.38898
2001,Proportion of population using safely managed sanitation services (%),,Basic service,,,Normal value,Percentage (%),Units,1.38316
2002,Proportion of population using safely managed sanitation services (%),,Basic service,,,Normal value,Percentage (%),Units,1.36594
2003,Proportion of population using safely managed sanitation services (%),,Basic service,,,Normal value,Percentage (%),Units,1.34895
2004,Proportion of population using safely managed sanitation services (%),,Basic service,,,Normal value,Percentage (%),Units,1.33208
2005,Proportion of population using safely managed sanitation services (%),,Basic service,,,Normal value,Percentage (%),Units,1.31544
2006,Proportion of population using safely managed sanitation services (%),,Basic service,,,Normal value,Percentage (%),Units,1.29892
2007,Proportion of population using safely managed sanitation services (%),,Basic service,,,Normal value,Percentage (%),Units,1.27175
2008,Proportion of population using safely managed sanitation services (%),,Basic service,,,Normal value,Percentage (%),Units,1.24469
2009,Proportion of population using safely managed sanitation services (%),,Basic service,,,Normal value,Percentage (%),Units,1.21786
2010,Proportion of population using safely managed sanitation services (%),,Basic service,,,Normal value,Percentage (%),Units,1.1912
2011,Proportion of population using safely managed sanitation services (%),,Basic service,,,Normal value,Percentage (%),Units,1.16472
2012,Proportion of population using safely managed sanitation services (%),,Basic service,,,Normal value,Percentage (%),Units,1.13828
2013,Proportion of population using safely managed sanitation services (%),,Basic service,,,Normal value,Percentage (%),Units,1.1168
2014,Proportion of population using safely managed sanitation services (%),,Basic service,,,Normal value,Percentage (%),Units,1.10148
2015,Proportion of population using safely managed sanitation services (%),,Basic service,,,Normal value,Percentage (%),Units,1.08628
2016,Proportion of population using safely managed sanitation services (%),,Basic service,,,Normal value,Percentage (%),Units,1.07114
2017,Proportion of population using safely managed sanitation services (%),,Basic service,,,Normal value,Percentage (%),Units,1.05617
2018,Proportion of population using safely managed sanitation services (%),,Basic service,,,Normal value,Percentage (%),Units,1.04132
2019,Proportion of population using safely managed sanitation services (%),,Basic service,,,Normal value,Percentage (%),Units,1.02652
2020,Proportion of population using safely managed sanitation services (%),,Basic service,,,Normal value,Percentage (%),Units,1.0119
2000,Proportion of population using safely managed sanitation services (%),,Basic service,,Rural,Normal value,Percentage (%),Units,5.96491
2001,Proportion of population using safely managed sanitation services (%),,Basic service,,Rural,Normal value,Percentage (%),Units,5.96491
2002,Proportion of population using safely managed sanitation services (%),,Basic service,,Rural,Normal value,Percentage (%),Units,5.96491
2003,Proportion of population using safely managed sanitation services (%),,Basic service,,Rural,Normal value,Percentage (%),Units,5.96491
2004,Proportion of population using safely managed sanitation services (%),,Basic service,,Rural,Normal value,Percentage (%),Units,5.96491
2005,Proportion of population using safely managed sanitation services (%),,Basic service,,Rural,Normal value,Percentage (%),Units,5.96491
2006,Proportion of population using safely managed sanitation services (%),,Basic service,,Rural,Normal value,Percentage (%),Units,5.96491
2007,Proportion of population using safely managed sanitation services (%),,Basic service,,Rural,Normal value,Percentage (%),Units,5.95478
2008,Proportion of population using safely managed sanitation services (%),,Basic service,,Rural,Normal value,Percentage (%),Units,5.94465
2009,Proportion of population using safely managed sanitation services (%),,Basic service,,Rural,Normal value,Percentage (%),Units,5.93452
2010,Proportion of population using safely managed sanitation services (%),,Basic service,,Rural,Normal value,Percentage (%),Units,5.92439
2011,Proportion of population using safely managed sanitation services (%),,Basic service,,Rural,Normal value,Percentage (%),Units,5.91426
2012,Proportion of population using safely managed sanitation services (%),,Basic service,,Rural,Normal value,Percentage (%),Units,5.90413
2013,Proportion of population using safely managed sanitation services (%),,Basic service,,Rural,Normal value,Percentage (%),Units,5.8985
2014,Proportion of population using safely managed sanitation services (%),,Basic service,,Rural,Normal value,Percentage (%),Units,5.8985
2015,Proportion of population using safely managed sanitation services (%),,Basic service,,Rural,Normal value,Percentage (%),Units,5.8985
2016,Proportion of population using safely managed sanitation services (%),,Basic service,,Rural,Normal value,Percentage (%),Units,5.8985
2017,Proportion of population using safely managed sanitation services (%),,Basic service,,Rural,Normal value,Percentage (%),Units,5.8985
2018,Proportion of population using safely managed sanitation services (%),,Basic service,,Rural,Normal value,Percentage (%),Units,5.8985
2019,Proportion of population using safely managed sanitation services (%),,Basic service,,Rural,Normal value,Percentage (%),Units,5.8985
2020,Proportion of population using safely managed sanitation services (%),,Basic service,,Rural,Normal value,Percentage (%),Units,5.8985
2000,Proportion of population using safely managed sanitation services (%),,Basic service,,Urban,Normal value,Percentage (%),Units,0.14689
2001,Proportion of population using safely managed sanitation services (%),,Basic service,,Urban,Normal value,Percentage (%),Units,0.14689
2002,Proportion of population using safely managed sanitation services (%),,Basic service,,Urban,Normal value,Percentage (%),Units,0.14689
2003,Proportion of population using safely managed sanitation services (%),,Basic service,,Urban,Normal value,Percentage (%),Units,0.14689
2004,Proportion of population using safely managed sanitation services (%),,Basic service,,Urban,Normal value,Percentage (%),Units,0.14689
2005,Proportion of population using safely managed sanitation services (%),,Basic service,,Urban,Normal value,Percentage (%),Units,0.14689
2006,Proportion of population using safely managed sanitation services (%),,Basic service,,Urban,Normal value,Percentage (%),Units,0.14689
2007,Proportion of population using safely managed sanitation services (%),,Basic service,,Urban,Normal value,Percentage (%),Units,0.13583
2008,Proportion of population using safely managed sanitation services (%),,Basic service,,Urban,Normal value,Percentage (%),Units,0.12477
2009,Proportion of population using safely managed sanitation services (%),,Basic service,,Urban,Normal value,Percentage (%),Units,0.11371
2010,Proportion of population using safely managed sanitation services (%),,Basic service,,Urban,Normal value,Percentage (%),Units,0.10266
2011,Proportion of population using safely managed sanitation services (%),,Basic service,,Urban,Normal value,Percentage (%),Units,0.0916
2012,Proportion of population using safely managed sanitation services (%),,Basic service,,Urban,Normal value,Percentage (%),Units,0.08054
2013,Proportion of population using safely managed sanitation services (%),,Basic service,,Urban,Normal value,Percentage (%),Units,0.0744
2014,Proportion of population using safely managed sanitation services (%),,Basic service,,Urban,Normal value,Percentage (%),Units,0.0744
2015,Proportion of population using safely managed sanitation services (%),,Basic service,,Urban,Normal value,Percentage (%),Units,0.0744
2016,Proportion of population using safely managed sanitation services (%),,Basic service,,Urban,Normal value,Percentage (%),Units,0.0744
2017,Proportion of population using safely managed sanitation services (%),,Basic service,,Urban,Normal value,Percentage (%),Units,0.0744
2018,Proportion of population using safely managed sanitation services (%),,Basic service,,Urban,Normal value,Percentage (%),Units,0.0744
2019,Proportion of population using safely managed sanitation services (%),,Basic service,,Urban,Normal value,Percentage (%),Units,0.0744
2020,Proportion of population using safely managed sanitation services (%),,Basic service,,Urban,Normal value,Percentage (%),Units,0.0744
2000,Proportion of population using safely managed sanitation services (%),,Limited service,,,Normal value,Percentage (%),Units,0.69417
2001,Proportion of population using safely managed sanitation services (%),,Limited service,,,Normal value,Percentage (%),Units,0.69467
2002,Proportion of population using safely managed sanitation services (%),,Limited service,,,Normal value,Percentage (%),Units,0.69615
2003,Proportion of population using safely managed sanitation services (%),,Limited service,,,Normal value,Percentage (%),Units,0.69762
2004,Proportion of population using safely managed sanitation services (%),,Limited service,,,Normal value,Percentage (%),Units,0.69907
2005,Proportion of population using safely managed sanitation services (%),,Limited service,,,Normal value,Percentage (%),Units,0.7005
2006,Proportion of population using safely managed sanitation services (%),,Limited service,,,Normal value,Percentage (%),Units,0.70192
2007,Proportion of population using safely managed sanitation services (%),,Limited service,,,Normal value,Percentage (%),Units,0.70333
2008,Proportion of population using safely managed sanitation services (%),,Limited service,,,Normal value,Percentage (%),Units,0.70472
2009,Proportion of population using safely managed sanitation services (%),,Limited service,,,Normal value,Percentage (%),Units,0.70609
2010,Proportion of population using safely managed sanitation services (%),,Limited service,,,Normal value,Percentage (%),Units,0.70745
2011,Proportion of population using safely managed sanitation services (%),,Limited service,,,Normal value,Percentage (%),Units,0.70879
2012,Proportion of population using safely managed sanitation services (%),,Limited service,,,Normal value,Percentage (%),Units,0.71013
2013,Proportion of population using safely managed sanitation services (%),,Limited service,,,Normal value,Percentage (%),Units,0.71146
2014,Proportion of population using safely managed sanitation services (%),,Limited service,,,Normal value,Percentage (%),Units,0.71277
2015,Proportion of population using safely managed sanitation services (%),,Limited service,,,Normal value,Percentage (%),Units,0.71408
2016,Proportion of population using safely managed sanitation services (%),,Limited service,,,Normal value,Percentage (%),Units,0.71538
2017,Proportion of population using safely managed sanitation services (%),,Limited service,,,Normal value,Percentage (%),Units,0.71667
2018,Proportion of population using safely managed sanitation services (%),,Limited service,,,Normal value,Percentage (%),Units,0.71795
2019,Proportion of population using safely managed sanitation services (%),,Limited service,,,Normal value,Percentage (%),Units,0.71922
2020,Proportion of population using safely managed sanitation services (%),,Limited service,,,Normal value,Percentage (%),Units,0.72048
2000,Proportion of population using safely managed sanitation services (%),,Limited service,,Rural,Normal value,Percentage (%),Units,0.30023
2001,Proportion of population using safely managed sanitation services (%),,Limited service,,Rural,Normal value,Percentage (%),Units,0.30023
2002,Proportion of population using safely managed sanitation services (%),,Limited service,,Rural,Normal value,Percentage (%),Units,0.30023
2003,Proportion of population using safely managed sanitation services (%),,Limited service,,Rural,Normal value,Percentage (%),Units,0.30023
2004,Proportion of population using safely managed sanitation services (%),,Limited service,,Rural,Normal value,Percentage (%),Units,0.30023
2005,Proportion of population using safely managed sanitation services (%),,Limited service,,Rural,Normal value,Percentage (%),Units,0.30023
2006,Proportion of population using safely managed sanitation services (%),,Limited service,,Rural,Normal value,Percentage (%),Units,0.30023
2007,Proportion of population using safely managed sanitation services (%),,Limited service,,Rural,Normal value,Percentage (%),Units,0.30023
2008,Proportion of population using safely managed sanitation services (%),,Limited service,,Rural,Normal value,Percentage (%),Units,0.30023
2009,Proportion of population using safely managed sanitation services (%),,Limited service,,Rural,Normal value,Percentage (%),Units,0.30023
2010,Proportion of population using safely managed sanitation services (%),,Limited service,,Rural,Normal value,Percentage (%),Units,0.30023
2011,Proportion of population using safely managed sanitation services (%),,Limited service,,Rural,Normal value,Percentage (%),Units,0.30023
2012,Proportion of population using safely managed sanitation services (%),,Limited service,,Rural,Normal value,Percentage (%),Units,0.30023
2013,Proportion of population using safely managed sanitation services (%),,Limited service,,Rural,Normal value,Percentage (%),Units,0.30023
2014,Proportion of population using safely managed sanitation services (%),,Limited service,,Rural,Normal value,Percentage (%),Units,0.30023
2015,Proportion of population using safely managed sanitation services (%),,Limited service,,Rural,Normal value,Percentage (%),Units,0.30023
2016,Proportion of population using safely managed sanitation services (%),,Limited service,,Rural,Normal value,Percentage (%),Units,0.30023
2017,Proportion of population using safely managed sanitation services (%),,Limited service,,Rural,Normal value,Percentage (%),Units,0.30023
2018,Proportion of population using safely managed sanitation services (%),,Limited service,,Rural,Normal value,Percentage (%),Units,0.30023
2019,Proportion of population using safely managed sanitation services (%),,Limited service,,Rural,Normal value,Percentage (%),Units,0.30023
2020,Proportion of population using safely managed sanitation services (%),,Limited service,,Rural,Normal value,Percentage (%),Units,0.30023
2000,Proportion of population using safely managed sanitation services (%),,Limited service,,Urban,Normal value,Percentage (%),Units,0.8011
2001,Proportion of population using safely managed sanitation services (%),,Limited service,,Urban,Normal value,Percentage (%),Units,0.8011
2002,Proportion of population using safely managed sanitation services (%),,Limited service,,Urban,Normal value,Percentage (%),Units,0.8011
2003,Proportion of population using safely managed sanitation services (%),,Limited service,,Urban,Normal value,Percentage (%),Units,0.8011
2004,Proportion of population using safely managed sanitation services (%),,Limited service,,Urban,Normal value,Percentage (%),Units,0.8011
2005,Proportion of population using safely managed sanitation services (%),,Limited service,,Urban,Normal value,Percentage (%),Units,0.8011
2006,Proportion of population using safely managed sanitation services (%),,Limited service,,Urban,Normal value,Percentage (%),Units,0.8011
2007,Proportion of population using safely managed sanitation services (%),,Limited service,,Urban,Normal value,Percentage (%),Units,0.8011
2008,Proportion of population using safely managed sanitation services (%),,Limited service,,Urban,Normal value,Percentage (%),Units,0.8011
2009,Proportion of population using safely managed sanitation services (%),,Limited service,,Urban,Normal value,Percentage (%),Units,0.8011
2010,Proportion of population using safely managed sanitation services (%),,Limited service,,Urban,Normal value,Percentage (%),Units,0.8011
2011,Proportion of population using safely managed sanitation services (%),,Limited service,,Urban,Normal value,Percentage (%),Units,0.8011
2012,Proportion of population using safely managed sanitation services (%),,Limited service,,Urban,Normal value,Percentage (%),Units,0.8011
2013,Proportion of population using safely managed sanitation services (%),,Limited service,,Urban,Normal value,Percentage (%),Units,0.8011
2014,Proportion of population using safely managed sanitation services (%),,Limited service,,Urban,Normal value,Percentage (%),Units,0.8011
2015,Proportion of population using safely managed sanitation services (%),,Limited service,,Urban,Normal value,Percentage (%),Units,0.8011
2016,Proportion of population using safely managed sanitation services (%),,Limited service,,Urban,Normal value,Percentage (%),Units,0.8011
2017,Proportion of population using safely managed sanitation services (%),,Limited service,,Urban,Normal value,Percentage (%),Units,0.8011
2018,Proportion of population using safely managed sanitation services (%),,Limited service,,Urban,Normal value,Percentage (%),Units,0.8011
2019,Proportion of population using safely managed sanitation services (%),,Limited service,,Urban,Normal value,Percentage (%),Units,0.8011
2020,Proportion of population using safely managed sanitation services (%),,Limited service,,Urban,Normal value,Percentage (%),Units,0.8011
2000,Proportion of population using safely managed sanitation services (%),,Open defecation,,,Normal value,Percentage (%),Units,0.0
2001,Proportion of population using safely managed sanitation services (%),,Open defecation,,,Normal value,Percentage (%),Units,0.0
2002,Proportion of population using safely managed sanitation services (%),,Open defecation,,,Normal value,Percentage (%),Units,0.0
2003,Proportion of population using safely managed sanitation services (%),,Open defecation,,,Normal value,Percentage (%),Units,0.0
2004,Proportion of population using safely managed sanitation services (%),,Open defecation,,,Normal value,Percentage (%),Units,0.0
2005,Proportion of population using safely managed sanitation services (%),,Open defecation,,,Normal value,Percentage (%),Units,0.0
2006,Proportion of population using safely managed sanitation services (%),,Open defecation,,,Normal value,Percentage (%),Units,0.0
2007,Proportion of population using safely managed sanitation services (%),,Open defecation,,,Normal value,Percentage (%),Units,0.0
2008,Proportion of population using safely managed sanitation services (%),,Open defecation,,,Normal value,Percentage (%),Units,0.0
2009,Proportion of population using safely managed sanitation services (%),,Open defecation,,,Normal value,Percentage (%),Units,0.0
2010,Proportion of population using safely managed sanitation services (%),,Open defecation,,,Normal value,Percentage (%),Units,0.0
2011,Proportion of population using safely managed sanitation services (%),,Open defecation,,,Normal value,Percentage (%),Units,0.0
2012,Proportion of population using safely managed sanitation services (%),,Open defecation,,,Normal value,Percentage (%),Units,0.0
2013,Proportion of population using safely managed sanitation services (%),,Open defecation,,,Normal value,Percentage (%),Units,0.0
2014,Proportion of population using safely managed sanitation services (%),,Open defecation,,,Normal value,Percentage (%),Units,0.0
2015,Proportion of population using safely managed sanitation services (%),,Open defecation,,,Normal value,Percentage (%),Units,0.0
2016,Proportion of population using safely managed sanitation services (%),,Open defecation,,,Normal value,Percentage (%),Units,0.0
2017,Proportion of population using safely managed sanitation services (%),,Open defecation,,,Normal value,Percentage (%),Units,0.0
2018,Proportion of population using safely managed sanitation services (%),,Open defecation,,,Normal value,Percentage (%),Units,0.0
2019,Proportion of population using safely managed sanitation services (%),,Open defecation,,,Normal value,Percentage (%),Units,0.0
2020,Proportion of population using safely managed sanitation services (%),,Open defecation,,,Normal value,Percentage (%),Units,0.0
2000,Proportion of population using safely managed sanitation services (%),,Open defecation,,Rural,Normal value,Percentage (%),Units,0.0
2001,Proportion of population using safely managed sanitation services (%),,Open defecation,,Rural,Normal value,Percentage (%),Units,0.0
2002,Proportion of population using safely managed sanitation services (%),,Open defecation,,Rural,Normal value,Percentage (%),Units,0.0
2003,Proportion of population using safely managed sanitation services (%),,Open defecation,,Rural,Normal value,Percentage (%),Units,0.0
2004,Proportion of population using safely managed sanitation services (%),,Open defecation,,Rural,Normal value,Percentage (%),Units,0.0
2005,Proportion of population using safely managed sanitation services (%),,Open defecation,,Rural,Normal value,Percentage (%),Units,0.0
2006,Proportion of population using safely managed sanitation services (%),,Open defecation,,Rural,Normal value,Percentage (%),Units,0.0
2007,Proportion of population using safely managed sanitation services (%),,Open defecation,,Rural,Normal value,Percentage (%),Units,0.0
2008,Proportion of population using safely managed sanitation services (%),,Open defecation,,Rural,Normal value,Percentage (%),Units,0.0
2009,Proportion of population using safely managed sanitation services (%),,Open defecation,,Rural,Normal value,Percentage (%),Units,0.0
2010,Proportion of population using safely managed sanitation services (%),,Open defecation,,Rural,Normal value,Percentage (%),Units,0.0
2011,Proportion of population using safely managed sanitation services (%),,Open defecation,,Rural,Normal value,Percentage (%),Units,0.0
2012,Proportion of population using safely managed sanitation services (%),,Open defecation,,Rural,Normal value,Percentage (%),Units,0.0
2013,Proportion of population using safely managed sanitation services (%),,Open defecation,,Rural,Normal value,Percentage (%),Units,0.0
2014,Proportion of population using safely managed sanitation services (%),,Open defecation,,Rural,Normal value,Percentage (%),Units,0.0
2015,Proportion of population using safely managed sanitation services (%),,Open defecation,,Rural,Normal value,Percentage (%),Units,0.0
2016,Proportion of population using safely managed sanitation services (%),,Open defecation,,Rural,Normal value,Percentage (%),Units,0.0
2017,Proportion of population using safely managed sanitation services (%),,Open defecation,,Rural,Normal value,Percentage (%),Units,0.0
2018,Proportion of population using safely managed sanitation services (%),,Open defecation,,Rural,Normal value,Percentage (%),Units,0.0
2019,Proportion of population using safely managed sanitation services (%),,Open defecation,,Rural,Normal value,Percentage (%),Units,0.0
2020,Proportion of population using safely managed sanitation services (%),,Open defecation,,Rural,Normal value,Percentage (%),Units,0.0
2000,Proportion of population using safely managed sanitation services (%),,Open defecation,,Urban,Normal value,Percentage (%),Units,0.0
2001,Proportion of population using safely managed sanitation services (%),,Open defecation,,Urban,Normal value,Percentage (%),Units,0.0
2002,Proportion of population using safely managed sanitation services (%),,Open defecation,,Urban,Normal value,Percentage (%),Units,0.0
2003,Proportion of population using safely managed sanitation services (%),,Open defecation,,Urban,Normal value,Percentage (%),Units,0.0
2004,Proportion of population using safely managed sanitation services (%),,Open defecation,,Urban,Normal value,Percentage (%),Units,0.0
2005,Proportion of population using safely managed sanitation services (%),,Open defecation,,Urban,Normal value,Percentage (%),Units,0.0
2006,Proportion of population using safely managed sanitation services (%),,Open defecation,,Urban,Normal value,Percentage (%),Units,0.0
2007,Proportion of population using safely managed sanitation services (%),,Open defecation,,Urban,Normal value,Percentage (%),Units,0.0
2008,Proportion of population using safely managed sanitation services (%),,Open defecation,,Urban,Normal value,Percentage (%),Units,0.0
2009,Proportion of population using safely managed sanitation services (%),,Open defecation,,Urban,Normal value,Percentage (%),Units,0.0
2010,Proportion of population using safely managed sanitation services (%),,Open defecation,,Urban,Normal value,Percentage (%),Units,0.0
2011,Proportion of population using safely managed sanitation services (%),,Open defecation,,Urban,Normal value,Percentage (%),Units,0.0
2012,Proportion of population using safely managed sanitation services (%),,Open defecation,,Urban,Normal value,Percentage (%),Units,0.0
2013,Proportion of population using safely managed sanitation services (%),,Open defecation,,Urban,Normal value,Percentage (%),Units,0.0
2014,Proportion of population using safely managed sanitation services (%),,Open defecation,,Urban,Normal value,Percentage (%),Units,0.0
2015,Proportion of population using safely managed sanitation services (%),,Open defecation,,Urban,Normal value,Percentage (%),Units,0.0
2016,Proportion of population using safely managed sanitation services (%),,Open defecation,,Urban,Normal value,Percentage (%),Units,0.0
2017,Proportion of population using safely managed sanitation services (%),,Open defecation,,Urban,Normal value,Percentage (%),Units,0.0
2018,Proportion of population using safely managed sanitation services (%),,Open defecation,,Urban,Normal value,Percentage (%),Units,0.0
2019,Proportion of population using safely managed sanitation services (%),,Open defecation,,Urban,Normal value,Percentage (%),Units,0.0
2020,Proportion of population using safely managed sanitation services (%),,Open defecation,,Urban,Normal value,Percentage (%),Units,0.0
2020,Proportion of population using safely managed sanitation services (%),,Safely managed service,,Urban,Normal value,Percentage (%),Units,98.962
2000,Proportion of population using safely managed sanitation services (%),,Safely managed service,,,Normal value,Percentage (%),Units,97.74101
2001,Proportion of population using safely managed sanitation services (%),,Safely managed service,,,Normal value,Percentage (%),Units,97.74638
2002,Proportion of population using safely managed sanitation services (%),,Safely managed service,,,Normal value,Percentage (%),Units,97.76231
2003,Proportion of population using safely managed sanitation services (%),,Safely managed service,,,Normal value,Percentage (%),Units,97.77802
2004,Proportion of population using safely managed sanitation services (%),,Safely managed service,,,Normal value,Percentage (%),Units,97.79362
2005,Proportion of population using safely managed sanitation services (%),,Safely managed service,,,Normal value,Percentage (%),Units,97.80901
2006,Proportion of population using safely managed sanitation services (%),,Safely managed service,,,Normal value,Percentage (%),Units,97.82428
2007,Proportion of population using safely managed sanitation services (%),,Safely managed service,,,Normal value,Percentage (%),Units,97.85022
2008,Proportion of population using safely managed sanitation services (%),,Safely managed service,,,Normal value,Percentage (%),Units,97.87606
2009,Proportion of population using safely managed sanitation services (%),,Safely managed service,,,Normal value,Percentage (%),Units,97.90169
2010,Proportion of population using safely managed sanitation services (%),,Safely managed service,,,Normal value,Percentage (%),Units,97.92716
2011,Proportion of population using safely managed sanitation services (%),,Safely managed service,,,Normal value,Percentage (%),Units,97.95247
2012,Proportion of population using safely managed sanitation services (%),,Safely managed service,,,Normal value,Percentage (%),Units,97.97774
2013,Proportion of population using safely managed sanitation services (%),,Safely managed service,,,Normal value,Percentage (%),Units,97.99806
2014,Proportion of population using safely managed sanitation services (%),,Safely managed service,,,Normal value,Percentage (%),Units,98.01222
2015,Proportion of population using safely managed sanitation services (%),,Safely managed service,,,Normal value,Percentage (%),Units,98.02628
2016,Proportion of population using safely managed sanitation services (%),,Safely managed service,,,Normal value,Percentage (%),Units,98.04029
2017,Proportion of population using safely managed sanitation services (%),,Safely managed service,,,Normal value,Percentage (%),Units,98.05413
2018,Proportion of population using safely managed sanitation services (%),,Safely managed service,,,Normal value,Percentage (%),Units,98.06786
2019,Proportion of population using safely managed sanitation services (%),,Safely managed service,,,Normal value,Percentage (%),Units,98.08154
2020,Proportion of population using safely managed sanitation services (%),,Safely managed service,,,Normal value,Percentage (%),Units,98.09506
2000,Proportion of population using safely managed sanitation services (%),,Safely managed service,,Rural,Normal value,Percentage (%),Units,93.50986
2001,Proportion of population using safely managed sanitation services (%),,Safely managed service,,Rural,Normal value,Percentage (%),Units,93.50986
2002,Proportion of population using safely managed sanitation services (%),,Safely managed service,,Rural,Normal value,Percentage (%),Units,93.50986
2003,Proportion of population using safely managed sanitation services (%),,Safely managed service,,Rural,Normal value,Percentage (%),Units,93.50986
2004,Proportion of population using safely managed sanitation services (%),,Safely managed service,,Rural,Normal value,Percentage (%),Units,93.50986
2005,Proportion of population using safely managed sanitation services (%),,Safely managed service,,Rural,Normal value,Percentage (%),Units,93.50986
2006,Proportion of population using safely managed sanitation services (%),,Safely managed service,,Rural,Normal value,Percentage (%),Units,93.50986
2007,Proportion of population using safely managed sanitation services (%),,Safely managed service,,Rural,Normal value,Percentage (%),Units,93.51999
2008,Proportion of population using safely managed sanitation services (%),,Safely managed service,,Rural,Normal value,Percentage (%),Units,93.53012
2009,Proportion of population using safely managed sanitation services (%),,Safely managed service,,Rural,Normal value,Percentage (%),Units,93.54025
2010,Proportion of population using safely managed sanitation services (%),,Safely managed service,,Rural,Normal value,Percentage (%),Units,93.55038
2011,Proportion of population using safely managed sanitation services (%),,Safely managed service,,Rural,Normal value,Percentage (%),Units,93.56051
2012,Proportion of population using safely managed sanitation services (%),,Safely managed service,,Rural,Normal value,Percentage (%),Units,93.57065
2013,Proportion of population using safely managed sanitation services (%),,Safely managed service,,Rural,Normal value,Percentage (%),Units,93.57627
2014,Proportion of population using safely managed sanitation services (%),,Safely managed service,,Rural,Normal value,Percentage (%),Units,93.57627
2015,Proportion of population using safely managed sanitation services (%),,Safely managed service,,Rural,Normal value,Percentage (%),Units,93.57627
2016,Proportion of population using safely managed sanitation services (%),,Safely managed service,,Rural,Normal value,Percentage (%),Units,93.57627
2017,Proportion of population using safely managed sanitation services (%),,Safely managed service,,Rural,Normal value,Percentage (%),Units,93.57627
2018,Proportion of population using safely managed sanitation services (%),,Safely managed service,,Rural,Normal value,Percentage (%),Units,93.57627
2019,Proportion of population using safely managed sanitation services (%),,Safely managed service,,Rural,Normal value,Percentage (%),Units,93.57627
2020,Proportion of population using safely managed sanitation services (%),,Safely managed service,,Rural,Normal value,Percentage (%),Units,93.57627
2000,Proportion of population using safely managed sanitation services (%),,Safely managed service,,Urban,Normal value,Percentage (%),Units,98.88951
2001,Proportion of population using safely managed sanitation services (%),,Safely managed service,,Urban,Normal value,Percentage (%),Units,98.88951
2002,Proportion of population using safely managed sanitation services (%),,Safely managed service,,Urban,Normal value,Percentage (%),Units,98.88951
2003,Proportion of population using safely managed sanitation services (%),,Safely managed service,,Urban,Normal value,Percentage (%),Units,98.88951
2004,Proportion of population using safely managed sanitation services (%),,Safely managed service,,Urban,Normal value,Percentage (%),Units,98.88951
2005,Proportion of population using safely managed sanitation services (%),,Safely managed service,,Urban,Normal value,Percentage (%),Units,98.88951
2006,Proportion of population using safely managed sanitation services (%),,Safely managed service,,Urban,Normal value,Percentage (%),Units,98.88951
2007,Proportion of population using safely managed sanitation services (%),,Safely managed service,,Urban,Normal value,Percentage (%),Units,98.90057
2008,Proportion of population using safely managed sanitation services (%),,Safely managed service,,Urban,Normal value,Percentage (%),Units,98.91162
2009,Proportion of population using safely managed sanitation services (%),,Safely managed service,,Urban,Normal value,Percentage (%),Units,98.92268
2010,Proportion of population using safely managed sanitation services (%),,Safely managed service,,Urban,Normal value,Percentage (%),Units,98.93374
2011,Proportion of population using safely managed sanitation services (%),,Safely managed service,,Urban,Normal value,Percentage (%),Units,98.9448
2012,Proportion of population using safely managed sanitation services (%),,Safely managed service,,Urban,Normal value,Percentage (%),Units,98.95586
2013,Proportion of population using safely managed sanitation services (%),,Safely managed service,,Urban,Normal value,Percentage (%),Units,98.962
2014,Proportion of population using safely managed sanitation services (%),,Safely managed service,,Urban,Normal value,Percentage (%),Units,98.962
2015,Proportion of population using safely managed sanitation services (%),,Safely managed service,,Urban,Normal value,Percentage (%),Units,98.962
2016,Proportion of population using safely managed sanitation services (%),,Safely managed service,,Urban,Normal value,Percentage (%),Units,98.962
2017,Proportion of population using safely managed sanitation services (%),,Safely managed service,,Urban,Normal value,Percentage (%),Units,98.962
2018,Proportion of population using safely managed sanitation services (%),,Safely managed service,,Urban,Normal value,Percentage (%),Units,98.962
2019,Proportion of population using safely managed sanitation services (%),,Safely managed service,,Urban,Normal value,Percentage (%),Units,98.962
2000,Proportion of population using safely managed sanitation services (%),,Unimproved,,,Normal value,Percentage (%),Units,0.17584
2001,Proportion of population using safely managed sanitation services (%),,Unimproved,,,Normal value,Percentage (%),Units,0.17578
2002,Proportion of population using safely managed sanitation services (%),,Unimproved,,,Normal value,Percentage (%),Units,0.17559
2003,Proportion of population using safely managed sanitation services (%),,Unimproved,,,Normal value,Percentage (%),Units,0.17541
2004,Proportion of population using safely managed sanitation services (%),,Unimproved,,,Normal value,Percentage (%),Units,0.17523
2005,Proportion of population using safely managed sanitation services (%),,Unimproved,,,Normal value,Percentage (%),Units,0.17505
2006,Proportion of population using safely managed sanitation services (%),,Unimproved,,,Normal value,Percentage (%),Units,0.17488
2007,Proportion of population using safely managed sanitation services (%),,Unimproved,,,Normal value,Percentage (%),Units,0.1747
2008,Proportion of population using safely managed sanitation services (%),,Unimproved,,,Normal value,Percentage (%),Units,0.17453
2009,Proportion of population using safely managed sanitation services (%),,Unimproved,,,Normal value,Percentage (%),Units,0.17436
2010,Proportion of population using safely managed sanitation services (%),,Unimproved,,,Normal value,Percentage (%),Units,0.17419
2011,Proportion of population using safely managed sanitation services (%),,Unimproved,,,Normal value,Percentage (%),Units,0.17402
2012,Proportion of population using safely managed sanitation services (%),,Unimproved,,,Normal value,Percentage (%),Units,0.17385
2013,Proportion of population using safely managed sanitation services (%),,Unimproved,,,Normal value,Percentage (%),Units,0.17369
2014,Proportion of population using safely managed sanitation services (%),,Unimproved,,,Normal value,Percentage (%),Units,0.17352
2015,Proportion of population using safely managed sanitation services (%),,Unimproved,,,Normal value,Percentage (%),Units,0.17336
2016,Proportion of population using safely managed sanitation services (%),,Unimproved,,,Normal value,Percentage (%),Units,0.17319
2017,Proportion of population using safely managed sanitation services (%),,Unimproved,,,Normal value,Percentage (%),Units,0.17303
2018,Proportion of population using safely managed sanitation services (%),,Unimproved,,,Normal value,Percentage (%),Units,0.17287
2019,Proportion of population using safely managed sanitation services (%),,Unimproved,,,Normal value,Percentage (%),Units,0.17272
2020,Proportion of population using safely managed sanitation services (%),,Unimproved,,,Normal value,Percentage (%),Units,0.17256
2000,Proportion of population using safely managed sanitation services (%),,Unimproved,,Rural,Normal value,Percentage (%),Units,0.225
2001,Proportion of population using safely managed sanitation services (%),,Unimproved,,Rural,Normal value,Percentage (%),Units,0.225
2002,Proportion of population using safely managed sanitation services (%),,Unimproved,,Rural,Normal value,Percentage (%),Units,0.225
2003,Proportion of population using safely managed sanitation services (%),,Unimproved,,Rural,Normal value,Percentage (%),Units,0.225
2004,Proportion of population using safely managed sanitation services (%),,Unimproved,,Rural,Normal value,Percentage (%),Units,0.225
2005,Proportion of population using safely managed sanitation services (%),,Unimproved,,Rural,Normal value,Percentage (%),Units,0.225
2006,Proportion of population using safely managed sanitation services (%),,Unimproved,,Rural,Normal value,Percentage (%),Units,0.225
2007,Proportion of population using safely managed sanitation services (%),,Unimproved,,Rural,Normal value,Percentage (%),Units,0.225
2008,Proportion of population using safely managed sanitation services (%),,Unimproved,,Rural,Normal value,Percentage (%),Units,0.225
2009,Proportion of population using safely managed sanitation services (%),,Unimproved,,Rural,Normal value,Percentage (%),Units,0.225
2010,Proportion of population using safely managed sanitation services (%),,Unimproved,,Rural,Normal value,Percentage (%),Units,0.225
2011,Proportion of population using safely managed sanitation services (%),,Unimproved,,Rural,Normal value,Percentage (%),Units,0.225
2012,Proportion of population using safely managed sanitation services (%),,Unimproved,,Rural,Normal value,Percentage (%),Units,0.225
2013,Proportion of population using safely managed sanitation services (%),,Unimproved,,Rural,Normal value,Percentage (%),Units,0.225
2014,Proportion of population using safely managed sanitation services (%),,Unimproved,,Rural,Normal value,Percentage (%),Units,0.225
2015,Proportion of population using safely managed sanitation services (%),,Unimproved,,Rural,Normal value,Percentage (%),Units,0.225
2016,Proportion of population using safely managed sanitation services (%),,Unimproved,,Rural,Normal value,Percentage (%),Units,0.225
2017,Proportion of population using safely managed sanitation services (%),,Unimproved,,Rural,Normal value,Percentage (%),Units,0.225
2018,Proportion of population using safely managed sanitation services (%),,Unimproved,,Rural,Normal value,Percentage (%),Units,0.225
2019,Proportion of population using safely managed sanitation services (%),,Unimproved,,Rural,Normal value,Percentage (%),Units,0.225
2020,Proportion of population using safely managed sanitation services (%),,Unimproved,,Rural,Normal value,Percentage (%),Units,0.225
2000,Proportion of population using safely managed sanitation services (%),,Unimproved,,Urban,Normal value,Percentage (%),Units,0.1625
2001,Proportion of population using safely managed sanitation services (%),,Unimproved,,Urban,Normal value,Percentage (%),Units,0.1625
2002,Proportion of population using safely managed sanitation services (%),,Unimproved,,Urban,Normal value,Percentage (%),Units,0.1625
2003,Proportion of population using safely managed sanitation services (%),,Unimproved,,Urban,Normal value,Percentage (%),Units,0.1625
2004,Proportion of population using safely managed sanitation services (%),,Unimproved,,Urban,Normal value,Percentage (%),Units,0.1625
2005,Proportion of population using safely managed sanitation services (%),,Unimproved,,Urban,Normal value,Percentage (%),Units,0.1625
2006,Proportion of population using safely managed sanitation services (%),,Unimproved,,Urban,Normal value,Percentage (%),Units,0.1625
2007,Proportion of population using safely managed sanitation services (%),,Unimproved,,Urban,Normal value,Percentage (%),Units,0.1625
2008,Proportion of population using safely managed sanitation services (%),,Unimproved,,Urban,Normal value,Percentage (%),Units,0.1625
2009,Proportion of population using safely managed sanitation services (%),,Unimproved,,Urban,Normal value,Percentage (%),Units,0.1625
2010,Proportion of population using safely managed sanitation services (%),,Unimproved,,Urban,Normal value,Percentage (%),Units,0.1625
2011,Proportion of population using safely managed sanitation services (%),,Unimproved,,Urban,Normal value,Percentage (%),Units,0.1625
2012,Proportion of population using safely managed sanitation services (%),,Unimproved,,Urban,Normal value,Percentage (%),Units,0.1625
2013,Proportion of population using safely managed sanitation services (%),,Unimproved,,Urban,Normal value,Percentage (%),Units,0.1625
2014,Proportion of population using safely managed sanitation services (%),,Unimproved,,Urban,Normal value,Percentage (%),Units,0.1625
2015,Proportion of population using safely managed sanitation services (%),,Unimproved,,Urban,Normal value,Percentage (%),Units,0.1625
2016,Proportion of population using safely managed sanitation services (%),,Unimproved,,Urban,Normal value,Percentage (%),Units,0.1625
2017,Proportion of population using safely managed sanitation services (%),,Unimproved,,Urban,Normal value,Percentage (%),Units,0.1625
2018,Proportion of population using safely managed sanitation services (%),,Unimproved,,Urban,Normal value,Percentage (%),Units,0.1625
2019,Proportion of population using safely managed sanitation services (%),,Unimproved,,Urban,Normal value,Percentage (%),Units,0.1625
2020,Proportion of population using safely managed sanitation services (%),,Unimproved,,Urban,Normal value,Percentage (%),Units,0.1625
2000,Proportion of population using safely managed sanitation services (%),,,Improved latrine and other,,Normal value,Percentage (%),Units,0.00983
2001,Proportion of population using safely managed sanitation services (%),,,Improved latrine and other,,Normal value,Percentage (%),Units,0.00984
2002,Proportion of population using safely managed sanitation services (%),,,Improved latrine and other,,Normal value,Percentage (%),Units,0.00988
2003,Proportion of population using safely managed sanitation services (%),,,Improved latrine and other,,Normal value,Percentage (%),Units,0.00992
2004,Proportion of population using safely managed sanitation services (%),,,Improved latrine and other,,Normal value,Percentage (%),Units,0.00995
2005,Proportion of population using safely managed sanitation services (%),,,Improved latrine and other,,Normal value,Percentage (%),Units,0.00999
2006,Proportion of population using safely managed sanitation services (%),,,Improved latrine and other,,Normal value,Percentage (%),Units,0.01002
2007,Proportion of population using safely managed sanitation services (%),,,Improved latrine and other,,Normal value,Percentage (%),Units,0.01006
2008,Proportion of population using safely managed sanitation services (%),,,Improved latrine and other,,Normal value,Percentage (%),Units,0.01009
2009,Proportion of population using safely managed sanitation services (%),,,Improved latrine and other,,Normal value,Percentage (%),Units,0.01013
2010,Proportion of population using safely managed sanitation services (%),,,Improved latrine and other,,Normal value,Percentage (%),Units,0.01016
2011,Proportion of population using safely managed sanitation services (%),,,Improved latrine and other,,Normal value,Percentage (%),Units,0.0102
2012,Proportion of population using safely managed sanitation services (%),,,Improved latrine and other,,Normal value,Percentage (%),Units,0.01023
2013,Proportion of population using safely managed sanitation services (%),,,Improved latrine and other,,Normal value,Percentage (%),Units,0.01026
2014,Proportion of population using safely managed sanitation services (%),,,Improved latrine and other,,Normal value,Percentage (%),Units,0.0103
2015,Proportion of population using safely managed sanitation services (%),,,Improved latrine and other,,Normal value,Percentage (%),Units,0.01033
2016,Proportion of population using safely managed sanitation services (%),,,Improved latrine and other,,Normal value,Percentage (%),Units,0.01036
2017,Proportion of population using safely managed sanitation services (%),,,Improved latrine and other,,Normal value,Percentage (%),Units,0.01039
2018,Proportion of population using safely managed sanitation services (%),,,Improved latrine and other,,Normal value,Percentage (%),Units,0.01042
2019,Proportion of population using safely managed sanitation services (%),,,Improved latrine and other,,Normal value,Percentage (%),Units,0.01046
2020,Proportion of population using safely managed sanitation services (%),,,Improved latrine and other,,Normal value,Percentage (%),Units,0.01049
2000,Proportion of population using safely managed sanitation services (%),,,Improved latrine and other,Rural,Normal value,Percentage (%),Units,0.0
2001,Proportion of population using safely managed sanitation services (%),,,Improved latrine and other,Rural,Normal value,Percentage (%),Units,0.0
2002,Proportion of population using safely managed sanitation services (%),,,Improved latrine and other,Rural,Normal value,Percentage (%),Units,0.0
2003,Proportion of population using safely managed sanitation services (%),,,Improved latrine and other,Rural,Normal value,Percentage (%),Units,0.0
2004,Proportion of population using safely managed sanitation services (%),,,Improved latrine and other,Rural,Normal value,Percentage (%),Units,0.0
2005,Proportion of population using safely managed sanitation services (%),,,Improved latrine and other,Rural,Normal value,Percentage (%),Units,0.0
2006,Proportion of population using safely managed sanitation services (%),,,Improved latrine and other,Rural,Normal value,Percentage (%),Units,0.0
2007,Proportion of population using safely managed sanitation services (%),,,Improved latrine and other,Rural,Normal value,Percentage (%),Units,0.0
2008,Proportion of population using safely managed sanitation services (%),,,Improved latrine and other,Rural,Normal value,Percentage (%),Units,0.0
2009,Proportion of population using safely managed sanitation services (%),,,Improved latrine and other,Rural,Normal value,Percentage (%),Units,0.0
2010,Proportion of population using safely managed sanitation services (%),,,Improved latrine and other,Rural,Normal value,Percentage (%),Units,0.0
2011,Proportion of population using safely managed sanitation services (%),,,Improved latrine and other,Rural,Normal value,Percentage (%),Units,0.0
2012,Proportion of population using safely managed sanitation services (%),,,Improved latrine and other,Rural,Normal value,Percentage (%),Units,0.0
2013,Proportion of population using safely managed sanitation services (%),,,Improved latrine and other,Rural,Normal value,Percentage (%),Units,0.0
2014,Proportion of population using safely managed sanitation services (%),,,Improved latrine and other,Rural,Normal value,Percentage (%),Units,0.0
2015,Proportion of population using safely managed sanitation services (%),,,Improved latrine and other,Rural,Normal value,Percentage (%),Units,0.0
2016,Proportion of population using safely managed sanitation services (%),,,Improved latrine and other,Rural,Normal value,Percentage (%),Units,0.0
2017,Proportion of population using safely managed sanitation services (%),,,Improved latrine and other,Rural,Normal value,Percentage (%),Units,0.0
2018,Proportion of population using safely managed sanitation services (%),,,Improved latrine and other,Rural,Normal value,Percentage (%),Units,0.0
2019,Proportion of population using safely managed sanitation services (%),,,Improved latrine and other,Rural,Normal value,Percentage (%),Units,0.0
2020,Proportion of population using safely managed sanitation services (%),,,Improved latrine and other,Rural,Normal value,Percentage (%),Units,0.0
2000,Proportion of population using safely managed sanitation services (%),,,Improved latrine and other,Urban,Normal value,Percentage (%),Units,0.0125
2001,Proportion of population using safely managed sanitation services (%),,,Improved latrine and other,Urban,Normal value,Percentage (%),Units,0.0125
2002,Proportion of population using safely managed sanitation services (%),,,Improved latrine and other,Urban,Normal value,Percentage (%),Units,0.0125
2003,Proportion of population using safely managed sanitation services (%),,,Improved latrine and other,Urban,Normal value,Percentage (%),Units,0.0125
2004,Proportion of population using safely managed sanitation services (%),,,Improved latrine and other,Urban,Normal value,Percentage (%),Units,0.0125
2005,Proportion of population using safely managed sanitation services (%),,,Improved latrine and other,Urban,Normal value,Percentage (%),Units,0.0125
2006,Proportion of population using safely managed sanitation services (%),,,Improved latrine and other,Urban,Normal value,Percentage (%),Units,0.0125
2007,Proportion of population using safely managed sanitation services (%),,,Improved latrine and other,Urban,Normal value,Percentage (%),Units,0.0125
2008,Proportion of population using safely managed sanitation services (%),,,Improved latrine and other,Urban,Normal value,Percentage (%),Units,0.0125
2009,Proportion of population using safely managed sanitation services (%),,,Improved latrine and other,Urban,Normal value,Percentage (%),Units,0.0125
2010,Proportion of population using safely managed sanitation services (%),,,Improved latrine and other,Urban,Normal value,Percentage (%),Units,0.0125
2011,Proportion of population using safely managed sanitation services (%),,,Improved latrine and other,Urban,Normal value,Percentage (%),Units,0.0125
2012,Proportion of population using safely managed sanitation services (%),,,Improved latrine and other,Urban,Normal value,Percentage (%),Units,0.0125
2013,Proportion of population using safely managed sanitation services (%),,,Improved latrine and other,Urban,Normal value,Percentage (%),Units,0.0125
2014,Proportion of population using safely managed sanitation services (%),,,Improved latrine and other,Urban,Normal value,Percentage (%),Units,0.0125
2015,Proportion of population using safely managed sanitation services (%),,,Improved latrine and other,Urban,Normal value,Percentage (%),Units,0.0125
2016,Proportion of population using safely managed sanitation services (%),,,Improved latrine and other,Urban,Normal value,Percentage (%),Units,0.0125
2017,Proportion of population using safely managed sanitation services (%),,,Improved latrine and other,Urban,Normal value,Percentage (%),Units,0.0125
2018,Proportion of population using safely managed sanitation services (%),,,Improved latrine and other,Urban,Normal value,Percentage (%),Units,0.0125
2019,Proportion of population using safely managed sanitation services (%),,,Improved latrine and other,Urban,Normal value,Percentage (%),Units,0.0125
2020,Proportion of population using safely managed sanitation services (%),,,Improved latrine and other,Urban,Normal value,Percentage (%),Units,0.0125
2000,Proportion of population using safely managed sanitation services (%),,,Septic tank,,Normal value,Percentage (%),Units,2.64412
2001,Proportion of population using safely managed sanitation services (%),,,Septic tank,,Normal value,Percentage (%),Units,2.63244
2002,Proportion of population using safely managed sanitation services (%),,,Septic tank,,Normal value,Percentage (%),Units,2.59786
2003,Proportion of population using safely managed sanitation services (%),,,Septic tank,,Normal value,Percentage (%),Units,2.56374
2004,Proportion of population using safely managed sanitation services (%),,,Septic tank,,Normal value,Percentage (%),Units,2.52986
2005,Proportion of population using safely managed sanitation services (%),,,Septic tank,,Normal value,Percentage (%),Units,2.49645
2006,Proportion of population using safely managed sanitation services (%),,,Septic tank,,Normal value,Percentage (%),Units,2.46327
2007,Proportion of population using safely managed sanitation services (%),,,Septic tank,,Normal value,Percentage (%),Units,2.43056
2008,Proportion of population using safely managed sanitation services (%),,,Septic tank,,Normal value,Percentage (%),Units,2.39808
2009,Proportion of population using safely managed sanitation services (%),,,Septic tank,,Normal value,Percentage (%),Units,2.36607
2010,Proportion of population using safely managed sanitation services (%),,,Septic tank,,Normal value,Percentage (%),Units,2.33441
2011,Proportion of population using safely managed sanitation services (%),,,Septic tank,,Normal value,Percentage (%),Units,2.3031
2012,Proportion of population using safely managed sanitation services (%),,,Septic tank,,Normal value,Percentage (%),Units,2.27191
2013,Proportion of population using safely managed sanitation services (%),,,Septic tank,,Normal value,Percentage (%),Units,2.24095
2014,Proportion of population using safely managed sanitation services (%),,,Septic tank,,Normal value,Percentage (%),Units,2.21023
2015,Proportion of population using safely managed sanitation services (%),,,Septic tank,,Normal value,Percentage (%),Units,2.17974
2016,Proportion of population using safely managed sanitation services (%),,,Septic tank,,Normal value,Percentage (%),Units,2.14936
2017,Proportion of population using safely managed sanitation services (%),,,Septic tank,,Normal value,Percentage (%),Units,2.11934
2018,Proportion of population using safely managed sanitation services (%),,,Septic tank,,Normal value,Percentage (%),Units,2.08955
2019,Proportion of population using safely managed sanitation services (%),,,Septic tank,,Normal value,Percentage (%),Units,2.05987
2020,Proportion of population using safely managed sanitation services (%),,,Septic tank,,Normal value,Percentage (%),Units,2.03055
2000,Proportion of population using safely managed sanitation services (%),,,Septic tank,Rural,Normal value,Percentage (%),Units,11.83261
2001,Proportion of population using safely managed sanitation services (%),,,Septic tank,Rural,Normal value,Percentage (%),Units,11.83261
2002,Proportion of population using safely managed sanitation services (%),,,Septic tank,Rural,Normal value,Percentage (%),Units,11.83261
2003,Proportion of population using safely managed sanitation services (%),,,Septic tank,Rural,Normal value,Percentage (%),Units,11.83261
2004,Proportion of population using safely managed sanitation services (%),,,Septic tank,Rural,Normal value,Percentage (%),Units,11.83261
2005,Proportion of population using safely managed sanitation services (%),,,Septic tank,Rural,Normal value,Percentage (%),Units,11.83261
2006,Proportion of population using safely managed sanitation services (%),,,Septic tank,Rural,Normal value,Percentage (%),Units,11.83261
2007,Proportion of population using safely managed sanitation services (%),,,Septic tank,Rural,Normal value,Percentage (%),Units,11.83261
2008,Proportion of population using safely managed sanitation services (%),,,Septic tank,Rural,Normal value,Percentage (%),Units,11.83261
2009,Proportion of population using safely managed sanitation services (%),,,Septic tank,Rural,Normal value,Percentage (%),Units,11.83261
2010,Proportion of population using safely managed sanitation services (%),,,Septic tank,Rural,Normal value,Percentage (%),Units,11.83261
2011,Proportion of population using safely managed sanitation services (%),,,Septic tank,Rural,Normal value,Percentage (%),Units,11.83261
2012,Proportion of population using safely managed sanitation services (%),,,Septic tank,Rural,Normal value,Percentage (%),Units,11.83261
2013,Proportion of population using safely managed sanitation services (%),,,Septic tank,Rural,Normal value,Percentage (%),Units,11.83261
2014,Proportion of population using safely managed sanitation services (%),,,Septic tank,Rural,Normal value,Percentage (%),Units,11.83261
2015,Proportion of population using safely managed sanitation services (%),,,Septic tank,Rural,Normal value,Percentage (%),Units,11.83261
2016,Proportion of population using safely managed sanitation services (%),,,Septic tank,Rural,Normal value,Percentage (%),Units,11.83261
2017,Proportion of population using safely managed sanitation services (%),,,Septic tank,Rural,Normal value,Percentage (%),Units,11.83261
2018,Proportion of population using safely managed sanitation services (%),,,Septic tank,Rural,Normal value,Percentage (%),Units,11.83261
2019,Proportion of population using safely managed sanitation services (%),,,Septic tank,Rural,Normal value,Percentage (%),Units,11.83261
2020,Proportion of population using safely managed sanitation services (%),,,Septic tank,Rural,Normal value,Percentage (%),Units,11.83261
2000,Proportion of population using safely managed sanitation services (%),,,Septic tank,Urban,Normal value,Percentage (%),Units,0.15
2001,Proportion of population using safely managed sanitation services (%),,,Septic tank,Urban,Normal value,Percentage (%),Units,0.15
2002,Proportion of population using safely managed sanitation services (%),,,Septic tank,Urban,Normal value,Percentage (%),Units,0.15
2003,Proportion of population using safely managed sanitation services (%),,,Septic tank,Urban,Normal value,Percentage (%),Units,0.15
2004,Proportion of population using safely managed sanitation services (%),,,Septic tank,Urban,Normal value,Percentage (%),Units,0.15
2005,Proportion of population using safely managed sanitation services (%),,,Septic tank,Urban,Normal value,Percentage (%),Units,0.15
2006,Proportion of population using safely managed sanitation services (%),,,Septic tank,Urban,Normal value,Percentage (%),Units,0.15
2007,Proportion of population using safely managed sanitation services (%),,,Septic tank,Urban,Normal value,Percentage (%),Units,0.15
2008,Proportion of population using safely managed sanitation services (%),,,Septic tank,Urban,Normal value,Percentage (%),Units,0.15
2009,Proportion of population using safely managed sanitation services (%),,,Septic tank,Urban,Normal value,Percentage (%),Units,0.15
2010,Proportion of population using safely managed sanitation services (%),,,Septic tank,Urban,Normal value,Percentage (%),Units,0.15
2011,Proportion of population using safely managed sanitation services (%),,,Septic tank,Urban,Normal value,Percentage (%),Units,0.15
2012,Proportion of population using safely managed sanitation services (%),,,Septic tank,Urban,Normal value,Percentage (%),Units,0.15
2013,Proportion of population using safely managed sanitation services (%),,,Septic tank,Urban,Normal value,Percentage (%),Units,0.15
2014,Proportion of population using safely managed sanitation services (%),,,Septic tank,Urban,Normal value,Percentage (%),Units,0.15
2015,Proportion of population using safely managed sanitation services (%),,,Septic tank,Urban,Normal value,Percentage (%),Units,0.15
2016,Proportion of population using safely managed sanitation services (%),,,Septic tank,Urban,Normal value,Percentage (%),Units,0.15
2017,Proportion of population using safely managed sanitation services (%),,,Septic tank,Urban,Normal value,Percentage (%),Units,0.15
2018,Proportion of population using safely managed sanitation services (%),,,Septic tank,Urban,Normal value,Percentage (%),Units,0.15
2019,Proportion of population using safely managed sanitation services (%),,,Septic tank,Urban,Normal value,Percentage (%),Units,0.15
2020,Proportion of population using safely managed sanitation services (%),,,Septic tank,Urban,Normal value,Percentage (%),Units,0.15
2000,Proportion of population using safely managed sanitation services (%),,,Sewer,,Normal value,Percentage (%),Units,97.17021
2001,Proportion of population using safely managed sanitation services (%),,,Sewer,,Normal value,Percentage (%),Units,97.18194
2002,Proportion of population using safely managed sanitation services (%),,,Sewer,,Normal value,Percentage (%),Units,97.21667
2003,Proportion of population using safely managed sanitation services (%),,,Sewer,,Normal value,Percentage (%),Units,97.25093
2004,Proportion of population using safely managed sanitation services (%),,,Sewer,,Normal value,Percentage (%),Units,97.28495
2005,Proportion of population using safely managed sanitation services (%),,,Sewer,,Normal value,Percentage (%),Units,97.31851
2006,Proportion of population using safely managed sanitation services (%),,,Sewer,,Normal value,Percentage (%),Units,97.35182
2007,Proportion of population using safely managed sanitation services (%),,,Sewer,,Normal value,Percentage (%),Units,97.38468
2008,Proportion of population using safely managed sanitation services (%),,,Sewer,,Normal value,Percentage (%),Units,97.41729
2009,Proportion of population using safely managed sanitation services (%),,,Sewer,,Normal value,Percentage (%),Units,97.44944
2010,Proportion of population using safely managed sanitation services (%),,,Sewer,,Normal value,Percentage (%),Units,97.48124
2011,Proportion of population using safely managed sanitation services (%),,,Sewer,,Normal value,Percentage (%),Units,97.51268
2012,Proportion of population using safely managed sanitation services (%),,,Sewer,,Normal value,Percentage (%),Units,97.54401
2013,Proportion of population using safely managed sanitation services (%),,,Sewer,,Normal value,Percentage (%),Units,97.5751
2014,Proportion of population using safely managed sanitation services (%),,,Sewer,,Normal value,Percentage (%),Units,97.60595
2015,Proportion of population using safely managed sanitation services (%),,,Sewer,,Normal value,Percentage (%),Units,97.63658
2016,Proportion of population using safely managed sanitation services (%),,,Sewer,,Normal value,Percentage (%),Units,97.66708
2017,Proportion of population using safely managed sanitation services (%),,,Sewer,,Normal value,Percentage (%),Units,97.69724
2018,Proportion of population using safely managed sanitation services (%),,,Sewer,,Normal value,Percentage (%),Units,97.72715
2019,Proportion of population using safely managed sanitation services (%),,,Sewer,,Normal value,Percentage (%),Units,97.75695
2020,Proportion of population using safely managed sanitation services (%),,,Sewer,,Normal value,Percentage (%),Units,97.7864
2000,Proportion of population using safely managed sanitation services (%),,,Sewer,Rural,Normal value,Percentage (%),Units,87.94239
2001,Proportion of population using safely managed sanitation services (%),,,Sewer,Rural,Normal value,Percentage (%),Units,87.94239
2002,Proportion of population using safely managed sanitation services (%),,,Sewer,Rural,Normal value,Percentage (%),Units,87.94239
2003,Proportion of population using safely managed sanitation services (%),,,Sewer,Rural,Normal value,Percentage (%),Units,87.94239
2004,Proportion of population using safely managed sanitation services (%),,,Sewer,Rural,Normal value,Percentage (%),Units,87.94239
2005,Proportion of population using safely managed sanitation services (%),,,Sewer,Rural,Normal value,Percentage (%),Units,87.94239
2006,Proportion of population using safely managed sanitation services (%),,,Sewer,Rural,Normal value,Percentage (%),Units,87.94239
2007,Proportion of population using safely managed sanitation services (%),,,Sewer,Rural,Normal value,Percentage (%),Units,87.94239
2008,Proportion of population using safely managed sanitation services (%),,,Sewer,Rural,Normal value,Percentage (%),Units,87.94239
2009,Proportion of population using safely managed sanitation services (%),,,Sewer,Rural,Normal value,Percentage (%),Units,87.94239
2010,Proportion of population using safely managed sanitation services (%),,,Sewer,Rural,Normal value,Percentage (%),Units,87.94239
2011,Proportion of population using safely managed sanitation services (%),,,Sewer,Rural,Normal value,Percentage (%),Units,87.94239
2012,Proportion of population using safely managed sanitation services (%),,,Sewer,Rural,Normal value,Percentage (%),Units,87.94239
2013,Proportion of population using safely managed sanitation services (%),,,Sewer,Rural,Normal value,Percentage (%),Units,87.94239
2014,Proportion of population using safely managed sanitation services (%),,,Sewer,Rural,Normal value,Percentage (%),Units,87.94239
2015,Proportion of population using safely managed sanitation services (%),,,Sewer,Rural,Normal value,Percentage (%),Units,87.94239
2016,Proportion of population using safely managed sanitation services (%),,,Sewer,Rural,Normal value,Percentage (%),Units,87.94239
2017,Proportion of population using safely managed sanitation services (%),,,Sewer,Rural,Normal value,Percentage (%),Units,87.94239
2018,Proportion of population using safely managed sanitation services (%),,,Sewer,Rural,Normal value,Percentage (%),Units,87.94239
2019,Proportion of population using safely managed sanitation services (%),,,Sewer,Rural,Normal value,Percentage (%),Units,87.94239
2020,Proportion of population using safely managed sanitation services (%),,,Sewer,Rural,Normal value,Percentage (%),Units,87.94239
2000,Proportion of population using safely managed sanitation services (%),,,Sewer,Urban,Normal value,Percentage (%),Units,99.675
2001,Proportion of population using safely managed sanitation services (%),,,Sewer,Urban,Normal value,Percentage (%),Units,99.675
2002,Proportion of population using safely managed sanitation services (%),,,Sewer,Urban,Normal value,Percentage (%),Units,99.675
2003,Proportion of population using safely managed sanitation services (%),,,Sewer,Urban,Normal value,Percentage (%),Units,99.675
2004,Proportion of population using safely managed sanitation services (%),,,Sewer,Urban,Normal value,Percentage (%),Units,99.675
2005,Proportion of population using safely managed sanitation services (%),,,Sewer,Urban,Normal value,Percentage (%),Units,99.675
2006,Proportion of population using safely managed sanitation services (%),,,Sewer,Urban,Normal value,Percentage (%),Units,99.675
2007,Proportion of population using safely managed sanitation services (%),,,Sewer,Urban,Normal value,Percentage (%),Units,99.675
2008,Proportion of population using safely managed sanitation services (%),,,Sewer,Urban,Normal value,Percentage (%),Units,99.675
2009,Proportion of population using safely managed sanitation services (%),,,Sewer,Urban,Normal value,Percentage (%),Units,99.675
2010,Proportion of population using safely managed sanitation services (%),,,Sewer,Urban,Normal value,Percentage (%),Units,99.675
2011,Proportion of population using safely managed sanitation services (%),,,Sewer,Urban,Normal value,Percentage (%),Units,99.675
2012,Proportion of population using safely managed sanitation services (%),,,Sewer,Urban,Normal value,Percentage (%),Units,99.675
2013,Proportion of population using safely managed sanitation services (%),,,Sewer,Urban,Normal value,Percentage (%),Units,99.675
2014,Proportion of population using safely managed sanitation services (%),,,Sewer,Urban,Normal value,Percentage (%),Units,99.675
2015,Proportion of population using safely managed sanitation services (%),,,Sewer,Urban,Normal value,Percentage (%),Units,99.675
2016,Proportion of population using safely managed sanitation services (%),,,Sewer,Urban,Normal value,Percentage (%),Units,99.675
2017,Proportion of population using safely managed sanitation services (%),,,Sewer,Urban,Normal value,Percentage (%),Units,99.675
2018,Proportion of population using safely managed sanitation services (%),,,Sewer,Urban,Normal value,Percentage (%),Units,99.675
2019,Proportion of population using safely managed sanitation services (%),,,Sewer,Urban,Normal value,Percentage (%),Units,99.675
2020,Proportion of population using safely managed sanitation services (%),,,Sewer,Urban,Normal value,Percentage (%),Units,99.675
2000,Proportion of population using safely managed sanitation services (%),Disposed insitu,,,,Normal value,Percentage (%),Units,0.66377
2001,Proportion of population using safely managed sanitation services (%),Disposed insitu,,,,Normal value,Percentage (%),Units,0.66086
2002,Proportion of population using safely managed sanitation services (%),Disposed insitu,,,,Normal value,Percentage (%),Units,0.65226
2003,Proportion of population using safely managed sanitation services (%),Disposed insitu,,,,Normal value,Percentage (%),Units,0.64378
2004,Proportion of population using safely managed sanitation services (%),Disposed insitu,,,,Normal value,Percentage (%),Units,0.63535
2005,Proportion of population using safely managed sanitation services (%),Disposed insitu,,,,Normal value,Percentage (%),Units,0.62704
2006,Proportion of population using safely managed sanitation services (%),Disposed insitu,,,,Normal value,Percentage (%),Units,0.61879
2007,Proportion of population using safely managed sanitation services (%),Disposed insitu,,,,Normal value,Percentage (%),Units,0.61065
2008,Proportion of population using safely managed sanitation services (%),Disposed insitu,,,,Normal value,Percentage (%),Units,0.60257
2009,Proportion of population using safely managed sanitation services (%),Disposed insitu,,,,Normal value,Percentage (%),Units,0.59461
2010,Proportion of population using safely managed sanitation services (%),Disposed insitu,,,,Normal value,Percentage (%),Units,0.58674
2011,Proportion of population using safely managed sanitation services (%),Disposed insitu,,,,Normal value,Percentage (%),Units,0.57895
2012,Proportion of population using safely managed sanitation services (%),Disposed insitu,,,,Normal value,Percentage (%),Units,0.57119
2013,Proportion of population using safely managed sanitation services (%),Disposed insitu,,,,Normal value,Percentage (%),Units,0.56349
2014,Proportion of population using safely managed sanitation services (%),Disposed insitu,,,,Normal value,Percentage (%),Units,0.55585
2015,Proportion of population using safely managed sanitation services (%),Disposed insitu,,,,Normal value,Percentage (%),Units,0.54826
2016,Proportion of population using safely managed sanitation services (%),Disposed insitu,,,,Normal value,Percentage (%),Units,0.54071
2017,Proportion of population using safely managed sanitation services (%),Disposed insitu,,,,Normal value,Percentage (%),Units,0.53324
2018,Proportion of population using safely managed sanitation services (%),Disposed insitu,,,,Normal value,Percentage (%),Units,0.52583
2019,Proportion of population using safely managed sanitation services (%),Disposed insitu,,,,Normal value,Percentage (%),Units,0.51845
2020,Proportion of population using safely managed sanitation services (%),Disposed insitu,,,,Normal value,Percentage (%),Units,0.51115
2000,Proportion of population using safely managed sanitation services (%),Disposed insitu,,,Rural,Normal value,Percentage (%),Units,2.94925
2001,Proportion of population using safely managed sanitation services (%),Disposed insitu,,,Rural,Normal value,Percentage (%),Units,2.94925
2002,Proportion of population using safely managed sanitation services (%),Disposed insitu,,,Rural,Normal value,Percentage (%),Units,2.94925
2003,Proportion of population using safely managed sanitation services (%),Disposed insitu,,,Rural,Normal value,Percentage (%),Units,2.94925
2004,Proportion of population using safely managed sanitation services (%),Disposed insitu,,,Rural,Normal value,Percentage (%),Units,2.94925
2005,Proportion of population using safely managed sanitation services (%),Disposed insitu,,,Rural,Normal value,Percentage (%),Units,2.94925
2006,Proportion of population using safely managed sanitation services (%),Disposed insitu,,,Rural,Normal value,Percentage (%),Units,2.94925
2007,Proportion of population using safely managed sanitation services (%),Disposed insitu,,,Rural,Normal value,Percentage (%),Units,2.94925
2008,Proportion of population using safely managed sanitation services (%),Disposed insitu,,,Rural,Normal value,Percentage (%),Units,2.94925
2009,Proportion of population using safely managed sanitation services (%),Disposed insitu,,,Rural,Normal value,Percentage (%),Units,2.94925
2010,Proportion of population using safely managed sanitation services (%),Disposed insitu,,,Rural,Normal value,Percentage (%),Units,2.94925
2011,Proportion of population using safely managed sanitation services (%),Disposed insitu,,,Rural,Normal value,Percentage (%),Units,2.94925
2012,Proportion of population using safely managed sanitation services (%),Disposed insitu,,,Rural,Normal value,Percentage (%),Units,2.94925
2013,Proportion of population using safely managed sanitation services (%),Disposed insitu,,,Rural,Normal value,Percentage (%),Units,2.94925
2014,Proportion of population using safely managed sanitation services (%),Disposed insitu,,,Rural,Normal value,Percentage (%),Units,2.94925
2015,Proportion of population using safely managed sanitation services (%),Disposed insitu,,,Rural,Normal value,Percentage (%),Units,2.94925
2016,Proportion of population using safely managed sanitation services (%),Disposed insitu,,,Rural,Normal value,Percentage (%),Units,2.94925
2017,Proportion of population using safely managed sanitation services (%),Disposed insitu,,,Rural,Normal value,Percentage (%),Units,2.94925
2018,Proportion of population using safely managed sanitation services (%),Disposed insitu,,,Rural,Normal value,Percentage (%),Units,2.94925
2019,Proportion of population using safely managed sanitation services (%),Disposed insitu,,,Rural,Normal value,Percentage (%),Units,2.94925
2020,Proportion of population using safely managed sanitation services (%),Disposed insitu,,,Rural,Normal value,Percentage (%),Units,2.94925
2000,Proportion of population using safely managed sanitation services (%),Disposed insitu,,,Urban,Normal value,Percentage (%),Units,0.0434
2001,Proportion of population using safely managed sanitation services (%),Disposed insitu,,,Urban,Normal value,Percentage (%),Units,0.0434
2002,Proportion of population using safely managed sanitation services (%),Disposed insitu,,,Urban,Normal value,Percentage (%),Units,0.0434
2003,Proportion of population using safely managed sanitation services (%),Disposed insitu,,,Urban,Normal value,Percentage (%),Units,0.0434
2004,Proportion of population using safely managed sanitation services (%),Disposed insitu,,,Urban,Normal value,Percentage (%),Units,0.0434
2005,Proportion of population using safely managed sanitation services (%),Disposed insitu,,,Urban,Normal value,Percentage (%),Units,0.0434
2006,Proportion of population using safely managed sanitation services (%),Disposed insitu,,,Urban,Normal value,Percentage (%),Units,0.0434
2007,Proportion of population using safely managed sanitation services (%),Disposed insitu,,,Urban,Normal value,Percentage (%),Units,0.0434
2008,Proportion of population using safely managed sanitation services (%),Disposed insitu,,,Urban,Normal value,Percentage (%),Units,0.0434
2009,Proportion of population using safely managed sanitation services (%),Disposed insitu,,,Urban,Normal value,Percentage (%),Units,0.0434
2010,Proportion of population using safely managed sanitation services (%),Disposed insitu,,,Urban,Normal value,Percentage (%),Units,0.0434
2011,Proportion of population using safely managed sanitation services (%),Disposed insitu,,,Urban,Normal value,Percentage (%),Units,0.0434
2012,Proportion of population using safely managed sanitation services (%),Disposed insitu,,,Urban,Normal value,Percentage (%),Units,0.0434
2013,Proportion of population using safely managed sanitation services (%),Disposed insitu,,,Urban,Normal value,Percentage (%),Units,0.0434
2014,Proportion of population using safely managed sanitation services (%),Disposed insitu,,,Urban,Normal value,Percentage (%),Units,0.0434
2015,Proportion of population using safely managed sanitation services (%),Disposed insitu,,,Urban,Normal value,Percentage (%),Units,0.0434
2016,Proportion of population using safely managed sanitation services (%),Disposed insitu,,,Urban,Normal value,Percentage (%),Units,0.0434
2017,Proportion of population using safely managed sanitation services (%),Disposed insitu,,,Urban,Normal value,Percentage (%),Units,0.0434
2018,Proportion of population using safely managed sanitation services (%),Disposed insitu,,,Urban,Normal value,Percentage (%),Units,0.0434
2019,Proportion of population using safely managed sanitation services (%),Disposed insitu,,,Urban,Normal value,Percentage (%),Units,0.0434
2020,Proportion of population using safely managed sanitation services (%),Disposed insitu,,,Urban,Normal value,Percentage (%),Units,0.0434
2000,Proportion of population using safely managed sanitation services (%),Faecal sludge treated,,,,Normal value,Percentage (%),Units,0.66328
2001,Proportion of population using safely managed sanitation services (%),Faecal sludge treated,,,,Normal value,Percentage (%),Units,0.66038
2002,Proportion of population using safely managed sanitation services (%),Faecal sludge treated,,,,Normal value,Percentage (%),Units,0.65178
2003,Proportion of population using safely managed sanitation services (%),Faecal sludge treated,,,,Normal value,Percentage (%),Units,0.64331
2004,Proportion of population using safely managed sanitation services (%),Faecal sludge treated,,,,Normal value,Percentage (%),Units,0.63488
2005,Proportion of population using safely managed sanitation services (%),Faecal sludge treated,,,,Normal value,Percentage (%),Units,0.62658
2006,Proportion of population using safely managed sanitation services (%),Faecal sludge treated,,,,Normal value,Percentage (%),Units,0.61833
2007,Proportion of population using safely managed sanitation services (%),Faecal sludge treated,,,,Normal value,Percentage (%),Units,0.61027
2008,Proportion of population using safely managed sanitation services (%),Faecal sludge treated,,,,Normal value,Percentage (%),Units,0.60227
2009,Proportion of population using safely managed sanitation services (%),Faecal sludge treated,,,,Normal value,Percentage (%),Units,0.59437
2010,Proportion of population using safely managed sanitation services (%),Faecal sludge treated,,,,Normal value,Percentage (%),Units,0.58657
2011,Proportion of population using safely managed sanitation services (%),Faecal sludge treated,,,,Normal value,Percentage (%),Units,0.57885
2012,Proportion of population using safely managed sanitation services (%),Faecal sludge treated,,,,Normal value,Percentage (%),Units,0.57115
2013,Proportion of population using safely managed sanitation services (%),Faecal sludge treated,,,,Normal value,Percentage (%),Units,0.56349
2014,Proportion of population using safely managed sanitation services (%),Faecal sludge treated,,,,Normal value,Percentage (%),Units,0.55585
2015,Proportion of population using safely managed sanitation services (%),Faecal sludge treated,,,,Normal value,Percentage (%),Units,0.54826
2016,Proportion of population using safely managed sanitation services (%),Faecal sludge treated,,,,Normal value,Percentage (%),Units,0.54071
2017,Proportion of population using safely managed sanitation services (%),Faecal sludge treated,,,,Normal value,Percentage (%),Units,0.53324
2018,Proportion of population using safely managed sanitation services (%),Faecal sludge treated,,,,Normal value,Percentage (%),Units,0.52583
2019,Proportion of population using safely managed sanitation services (%),Faecal sludge treated,,,,Normal value,Percentage (%),Units,0.51845
2020,Proportion of population using safely managed sanitation services (%),Faecal sludge treated,,,,Normal value,Percentage (%),Units,0.51115
2000,Proportion of population using safely managed sanitation services (%),Faecal sludge treated,,,Rural,Normal value,Percentage (%),Units,2.94709
2001,Proportion of population using safely managed sanitation services (%),Faecal sludge treated,,,Rural,Normal value,Percentage (%),Units,2.94709
2002,Proportion of population using safely managed sanitation services (%),Faecal sludge treated,,,Rural,Normal value,Percentage (%),Units,2.94709
2003,Proportion of population using safely managed sanitation services (%),Faecal sludge treated,,,Rural,Normal value,Percentage (%),Units,2.94709
2004,Proportion of population using safely managed sanitation services (%),Faecal sludge treated,,,Rural,Normal value,Percentage (%),Units,2.94709
2005,Proportion of population using safely managed sanitation services (%),Faecal sludge treated,,,Rural,Normal value,Percentage (%),Units,2.94709
2006,Proportion of population using safely managed sanitation services (%),Faecal sludge treated,,,Rural,Normal value,Percentage (%),Units,2.94709
2007,Proportion of population using safely managed sanitation services (%),Faecal sludge treated,,,Rural,Normal value,Percentage (%),Units,2.94742
2008,Proportion of population using safely managed sanitation services (%),Faecal sludge treated,,,Rural,Normal value,Percentage (%),Units,2.94775
2009,Proportion of population using safely managed sanitation services (%),Faecal sludge treated,,,Rural,Normal value,Percentage (%),Units,2.94808
2010,Proportion of population using safely managed sanitation services (%),Faecal sludge treated,,,Rural,Normal value,Percentage (%),Units,2.94841
2011,Proportion of population using safely managed sanitation services (%),Faecal sludge treated,,,Rural,Normal value,Percentage (%),Units,2.94874
2012,Proportion of population using safely managed sanitation services (%),Faecal sludge treated,,,Rural,Normal value,Percentage (%),Units,2.94907
2013,Proportion of population using safely managed sanitation services (%),Faecal sludge treated,,,Rural,Normal value,Percentage (%),Units,2.94925
2014,Proportion of population using safely managed sanitation services (%),Faecal sludge treated,,,Rural,Normal value,Percentage (%),Units,2.94925
2015,Proportion of population using safely managed sanitation services (%),Faecal sludge treated,,,Rural,Normal value,Percentage (%),Units,2.94925
2016,Proportion of population using safely managed sanitation services (%),Faecal sludge treated,,,Rural,Normal value,Percentage (%),Units,2.94925
2017,Proportion of population using safely managed sanitation services (%),Faecal sludge treated,,,Rural,Normal value,Percentage (%),Units,2.94925
2018,Proportion of population using safely managed sanitation services (%),Faecal sludge treated,,,Rural,Normal value,Percentage (%),Units,2.94925
2019,Proportion of population using safely managed sanitation services (%),Faecal sludge treated,,,Rural,Normal value,Percentage (%),Units,2.94925
2020,Proportion of population using safely managed sanitation services (%),Faecal sludge treated,,,Rural,Normal value,Percentage (%),Units,2.94925
2000,Proportion of population using safely managed sanitation services (%),Faecal sludge treated,,,Urban,Normal value,Percentage (%),Units,0.04337
2001,Proportion of population using safely managed sanitation services (%),Faecal sludge treated,,,Urban,Normal value,Percentage (%),Units,0.04337
2002,Proportion of population using safely managed sanitation services (%),Faecal sludge treated,,,Urban,Normal value,Percentage (%),Units,0.04337
2003,Proportion of population using safely managed sanitation services (%),Faecal sludge treated,,,Urban,Normal value,Percentage (%),Units,0.04337
2004,Proportion of population using safely managed sanitation services (%),Faecal sludge treated,,,Urban,Normal value,Percentage (%),Units,0.04337
2005,Proportion of population using safely managed sanitation services (%),Faecal sludge treated,,,Urban,Normal value,Percentage (%),Units,0.04337
2006,Proportion of population using safely managed sanitation services (%),Faecal sludge treated,,,Urban,Normal value,Percentage (%),Units,0.04337
2007,Proportion of population using safely managed sanitation services (%),Faecal sludge treated,,,Urban,Normal value,Percentage (%),Units,0.04337
2008,Proportion of population using safely managed sanitation services (%),Faecal sludge treated,,,Urban,Normal value,Percentage (%),Units,0.04338
2009,Proportion of population using safely managed sanitation services (%),Faecal sludge treated,,,Urban,Normal value,Percentage (%),Units,0.04338
2010,Proportion of population using safely managed sanitation services (%),Faecal sludge treated,,,Urban,Normal value,Percentage (%),Units,0.04339
2011,Proportion of population using safely managed sanitation services (%),Faecal sludge treated,,,Urban,Normal value,Percentage (%),Units,0.04339
2012,Proportion of population using safely managed sanitation services (%),Faecal sludge treated,,,Urban,Normal value,Percentage (%),Units,0.0434
2013,Proportion of population using safely managed sanitation services (%),Faecal sludge treated,,,Urban,Normal value,Percentage (%),Units,0.0434
2014,Proportion of population using safely managed sanitation services (%),Faecal sludge treated,,,Urban,Normal value,Percentage (%),Units,0.0434
2015,Proportion of population using safely managed sanitation services (%),Faecal sludge treated,,,Urban,Normal value,Percentage (%),Units,0.0434
2016,Proportion of population using safely managed sanitation services (%),Faecal sludge treated,,,Urban,Normal value,Percentage (%),Units,0.0434
2017,Proportion of population using safely managed sanitation services (%),Faecal sludge treated,,,Urban,Normal value,Percentage (%),Units,0.0434
2018,Proportion of population using safely managed sanitation services (%),Faecal sludge treated,,,Urban,Normal value,Percentage (%),Units,0.0434
2019,Proportion of population using safely managed sanitation services (%),Faecal sludge treated,,,Urban,Normal value,Percentage (%),Units,0.0434
2020,Proportion of population using safely managed sanitation services (%),Faecal sludge treated,,,Urban,Normal value,Percentage (%),Units,0.0434
2000,Proportion of population using safely managed sanitation services (%),Sewage treated,,,,Normal value,Percentage (%),Units,96.41396
2001,Proportion of population using safely managed sanitation services (%),Sewage treated,,,,Normal value,Percentage (%),Units,96.42514
2002,Proportion of population using safely managed sanitation services (%),Sewage treated,,,,Normal value,Percentage (%),Units,96.45827
2003,Proportion of population using safely managed sanitation services (%),Sewage treated,,,,Normal value,Percentage (%),Units,96.49094
2004,Proportion of population using safely managed sanitation services (%),Sewage treated,,,,Normal value,Percentage (%),Units,96.52339
2005,Proportion of population using safely managed sanitation services (%),Sewage treated,,,,Normal value,Percentage (%),Units,96.55539
2006,Proportion of population using safely managed sanitation services (%),Sewage treated,,,,Normal value,Percentage (%),Units,96.58716
2007,Proportion of population using safely managed sanitation services (%),Sewage treated,,,,Normal value,Percentage (%),Units,96.6293
2008,Proportion of population using safely managed sanitation services (%),Sewage treated,,,,Normal value,Percentage (%),Units,96.67122
2009,Proportion of population using safely managed sanitation services (%),Sewage treated,,,,Normal value,Percentage (%),Units,96.71271
2010,Proportion of population using safely managed sanitation services (%),Sewage treated,,,,Normal value,Percentage (%),Units,96.75386
2011,Proportion of population using safely managed sanitation services (%),Sewage treated,,,,Normal value,Percentage (%),Units,96.79468
2012,Proportion of population using safely managed sanitation services (%),Sewage treated,,,,Normal value,Percentage (%),Units,96.8354
2013,Proportion of population using safely managed sanitation services (%),Sewage treated,,,,Normal value,Percentage (%),Units,96.87108
2014,Proportion of population using safely managed sanitation services (%),Sewage treated,,,,Normal value,Percentage (%),Units,96.90053
2015,Proportion of population using safely managed sanitation services (%),Sewage treated,,,,Normal value,Percentage (%),Units,96.92976
2016,Proportion of population using safely managed sanitation services (%),Sewage treated,,,,Normal value,Percentage (%),Units,96.95887
2017,Proportion of population using safely managed sanitation services (%),Sewage treated,,,,Normal value,Percentage (%),Units,96.98765
2018,Proportion of population using safely managed sanitation services (%),Sewage treated,,,,Normal value,Percentage (%),Units,97.01621
2019,Proportion of population using safely managed sanitation services (%),Sewage treated,,,,Normal value,Percentage (%),Units,97.04464
2020,Proportion of population using safely managed sanitation services (%),Sewage treated,,,,Normal value,Percentage (%),Units,97.07275
2000,Proportion of population using safely managed sanitation services (%),Sewage treated,,,Rural,Normal value,Percentage (%),Units,87.61352
2001,Proportion of population using safely managed sanitation services (%),Sewage treated,,,Rural,Normal value,Percentage (%),Units,87.61352
2002,Proportion of population using safely managed sanitation services (%),Sewage treated,,,Rural,Normal value,Percentage (%),Units,87.61352
2003,Proportion of population using safely managed sanitation services (%),Sewage treated,,,Rural,Normal value,Percentage (%),Units,87.61352
2004,Proportion of population using safely managed sanitation services (%),Sewage treated,,,Rural,Normal value,Percentage (%),Units,87.61352
2005,Proportion of population using safely managed sanitation services (%),Sewage treated,,,Rural,Normal value,Percentage (%),Units,87.61352
2006,Proportion of population using safely managed sanitation services (%),Sewage treated,,,Rural,Normal value,Percentage (%),Units,87.61352
2007,Proportion of population using safely managed sanitation services (%),Sewage treated,,,Rural,Normal value,Percentage (%),Units,87.62332
2008,Proportion of population using safely managed sanitation services (%),Sewage treated,,,Rural,Normal value,Percentage (%),Units,87.63312
2009,Proportion of population using safely managed sanitation services (%),Sewage treated,,,Rural,Normal value,Percentage (%),Units,87.64292
2010,Proportion of population using safely managed sanitation services (%),Sewage treated,,,Rural,Normal value,Percentage (%),Units,87.65273
2011,Proportion of population using safely managed sanitation services (%),Sewage treated,,,Rural,Normal value,Percentage (%),Units,87.66253
2012,Proportion of population using safely managed sanitation services (%),Sewage treated,,,Rural,Normal value,Percentage (%),Units,87.67233
2013,Proportion of population using safely managed sanitation services (%),Sewage treated,,,Rural,Normal value,Percentage (%),Units,87.67777
2014,Proportion of population using safely managed sanitation services (%),Sewage treated,,,Rural,Normal value,Percentage (%),Units,87.67777
2015,Proportion of population using safely managed sanitation services (%),Sewage treated,,,Rural,Normal value,Percentage (%),Units,87.67777
2016,Proportion of population using safely managed sanitation services (%),Sewage treated,,,Rural,Normal value,Percentage (%),Units,87.67777
2017,Proportion of population using safely managed sanitation services (%),Sewage treated,,,Rural,Normal value,Percentage (%),Units,87.67777
2018,Proportion of population using safely managed sanitation services (%),Sewage treated,,,Rural,Normal value,Percentage (%),Units,87.67777
2019,Proportion of population using safely managed sanitation services (%),Sewage treated,,,Rural,Normal value,Percentage (%),Units,87.67777
2020,Proportion of population using safely managed sanitation services (%),Sewage treated,,,Rural,Normal value,Percentage (%),Units,87.67777
2000,Proportion of population using safely managed sanitation services (%),Sewage treated,,,Urban,Normal value,Percentage (%),Units,98.80274
2001,Proportion of population using safely managed sanitation services (%),Sewage treated,,,Urban,Normal value,Percentage (%),Units,98.80274
2002,Proportion of population using safely managed sanitation services (%),Sewage treated,,,Urban,Normal value,Percentage (%),Units,98.80274
2003,Proportion of population using safely managed sanitation services (%),Sewage treated,,,Urban,Normal value,Percentage (%),Units,98.80274
2004,Proportion of population using safely managed sanitation services (%),Sewage treated,,,Urban,Normal value,Percentage (%),Units,98.80274
2005,Proportion of population using safely managed sanitation services (%),Sewage treated,,,Urban,Normal value,Percentage (%),Units,98.80274
2006,Proportion of population using safely managed sanitation services (%),Sewage treated,,,Urban,Normal value,Percentage (%),Units,98.80274
2007,Proportion of population using safely managed sanitation services (%),Sewage treated,,,Urban,Normal value,Percentage (%),Units,98.8138
2008,Proportion of population using safely managed sanitation services (%),Sewage treated,,,Urban,Normal value,Percentage (%),Units,98.82485
2009,Proportion of population using safely managed sanitation services (%),Sewage treated,,,Urban,Normal value,Percentage (%),Units,98.8359
2010,Proportion of population using safely managed sanitation services (%),Sewage treated,,,Urban,Normal value,Percentage (%),Units,98.84695
2011,Proportion of population using safely managed sanitation services (%),Sewage treated,,,Urban,Normal value,Percentage (%),Units,98.85801
2012,Proportion of population using safely managed sanitation services (%),Sewage treated,,,Urban,Normal value,Percentage (%),Units,98.86906
2013,Proportion of population using safely managed sanitation services (%),Sewage treated,,,Urban,Normal value,Percentage (%),Units,98.8752
2014,Proportion of population using safely managed sanitation services (%),Sewage treated,,,Urban,Normal value,Percentage (%),Units,98.8752
2015,Proportion of population using safely managed sanitation services (%),Sewage treated,,,Urban,Normal value,Percentage (%),Units,98.8752
2016,Proportion of population using safely managed sanitation services (%),Sewage treated,,,Urban,Normal value,Percentage (%),Units,98.8752
2017,Proportion of population using safely managed sanitation services (%),Sewage treated,,,Urban,Normal value,Percentage (%),Units,98.8752
2018,Proportion of population using safely managed sanitation services (%),Sewage treated,,,Urban,Normal value,Percentage (%),Units,98.8752
2019,Proportion of population using safely managed sanitation services (%),Sewage treated,,,Urban,Normal value,Percentage (%),Units,98.8752
2020,Proportion of population using safely managed sanitation services (%),Sewage treated,,,Urban,Normal value,Percentage (%),Units,98.8752
