Year,Series,Renewable and waste source,Observation status,Unit multiplier,Units,Value
1990,Renewable energy share in the total final energy consumption,,Normal value,Units,Percentage (%),0.7000000000000001
1991,Renewable energy share in the total final energy consumption,,Normal value,Units,Percentage (%),0.7000000000000001
1992,Renewable energy share in the total final energy consumption,,Normal value,Units,Percentage (%),0.7000000000000001
1993,Renewable energy share in the total final energy consumption,,Normal value,Units,Percentage (%),0.8
1994,Renewable energy share in the total final energy consumption,,Normal value,Units,Percentage (%),1.0
1995,Renewable energy share in the total final energy consumption,,Normal value,Units,Percentage (%),1.1
1996,Renewable energy share in the total final energy consumption,,Normal value,Units,Percentage (%),1.1
1997,Renewable energy share in the total final energy consumption,,Normal value,Units,Percentage (%),1.2
1998,Renewable energy share in the total final energy consumption,,Normal value,Units,Percentage (%),1.2
1999,Renewable energy share in the total final energy consumption,,Normal value,Units,Percentage (%),1.3
2000,Renewable energy share in the total final energy consumption,,Normal value,Units,Percentage (%),1.4
2001,Renewable energy share in the total final energy consumption,,Normal value,Units,Percentage (%),1.4
2002,Renewable energy share in the total final energy consumption,,Normal value,Units,Percentage (%),1.6
2003,Renewable energy share in the total final energy consumption,,Normal value,Units,Percentage (%),1.7000000000000002
2004,Renewable energy share in the total final energy consumption,,Normal value,Units,Percentage (%),1.9
2005,Renewable energy share in the total final energy consumption,,Normal value,Units,Percentage (%),2.1
2006,Renewable energy share in the total final energy consumption,,Normal value,Units,Percentage (%),2.3
2007,Renewable energy share in the total final energy consumption,,Normal value,Units,Percentage (%),2.5
2008,Renewable energy share in the total final energy consumption,,Normal value,Units,Percentage (%),3.0
2009,Renewable energy share in the total final energy consumption,,Normal value,Units,Percentage (%),3.6
2010,Renewable energy share in the total final energy consumption,,Normal value,Units,Percentage (%),3.9
2011,Renewable energy share in the total final energy consumption,,Normal value,Units,Percentage (%),4.5
2012,Renewable energy share in the total final energy consumption,,Normal value,Units,Percentage (%),4.9
2013,Renewable energy share in the total final energy consumption,,Normal value,Units,Percentage (%),5.800000000000001
2014,Renewable energy share in the total final energy consumption,,Normal value,Units,Percentage (%),7.199999999999999
2015,Renewable energy share in the total final energy consumption,,Normal value,Units,Percentage (%),8.5
2016,Renewable energy share in the total final energy consumption,,Normal value,Units,Percentage (%),9.0
2017,Renewable energy share in the total final energy consumption,,Normal value,Units,Percentage (%),10.1
2018,Renewable energy share in the total final energy consumption,,Normal value,Units,Percentage (%),11.2
2019,Renewable energy share in the total final energy consumption,,Normal value,Units,Percentage (%),12.5
1990,Renewable energy share in the total final energy consumption,Hydroelectric power,Normal value,Units,Percentage (%),0.1994390775942661
1990,Renewable energy share in the total final energy consumption,"Wind, wave, tidal",Normal value,Units,Percentage (%),0.0004451765124872
1990,Renewable energy share in the total final energy consumption,Solar photovoltaic,Normal value,Units,Percentage (%),0.0
1990,Renewable energy share in the total final energy consumption,Geothermal aquifers,Normal value,Units,Percentage (%),0.0004451765124872
1990,Renewable energy share in the total final energy consumption,Landfill gas,Normal value,Units,Percentage (%),0.035614120998976
1990,Renewable energy share in the total final energy consumption,Sewage gas,Normal value,Units,Percentage (%),0.0614343587232337
1990,Renewable energy share in the total final energy consumption,Biogas from autogen,Normal value,Units,Percentage (%),0.0
1990,Renewable energy share in the total final energy consumption,Municipal solid waste (MSW),Normal value,Units,Percentage (%),0.0814673017851578
1990,Renewable energy share in the total final energy consumption,Poultry litter,Normal value,Units,Percentage (%),0.0
1990,Renewable energy share in the total final energy consumption,Straw,Normal value,Units,Percentage (%),0.0031162355874104
1990,Renewable energy share in the total final energy consumption,Wood,Normal value,Units,Percentage (%),0.2408404932555758
1990,Renewable energy share in the total final energy consumption,Charcoal,Normal value,Units,Percentage (%),0.0173618839870008
1990,Renewable energy share in the total final energy consumption,Liquid bio-fuels,Normal value,Units,Percentage (%),0.0
1990,Renewable energy share in the total final energy consumption,Bioethanol,Normal value,Units,Percentage (%),0.0
1990,Renewable energy share in the total final energy consumption,Biodiesel,Normal value,Units,Percentage (%),0.0
1990,Renewable energy share in the total final energy consumption,Biomass,Normal value,Units,Percentage (%),0.028936473311668
1990,Renewable energy share in the total final energy consumption,Cross-boundary Adjustment,Normal value,Units,Percentage (%),0.0
1991,Renewable energy share in the total final energy consumption,Hydroelectric power,Normal value,Units,Percentage (%),0.1725909897095874
1991,Renewable energy share in the total final energy consumption,"Wind, wave, tidal",Normal value,Units,Percentage (%),0.0004336457027879
1991,Renewable energy share in the total final energy consumption,Solar photovoltaic,Normal value,Units,Percentage (%),0.0
1991,Renewable energy share in the total final energy consumption,Geothermal aquifers,Normal value,Units,Percentage (%),0.0004336457027879
1991,Renewable energy share in the total final energy consumption,Landfill gas,Normal value,Units,Percentage (%),0.0455327987927303
1991,Renewable energy share in the total final energy consumption,Sewage gas,Normal value,Units,Percentage (%),0.0654805011209741
1991,Renewable energy share in the total final energy consumption,Biogas from autogen,Normal value,Units,Percentage (%),0.0
1991,Renewable energy share in the total final energy consumption,Municipal solid waste (MSW),Normal value,Units,Percentage (%),0.080224455015763
1991,Renewable energy share in the total final energy consumption,Poultry litter,Normal value,Units,Percentage (%),0.0
1991,Renewable energy share in the total final energy consumption,Straw,Normal value,Units,Percentage (%),0.0030355199195153
1991,Renewable energy share in the total final energy consumption,Wood,Normal value,Units,Percentage (%),0.2471780505891076
1991,Renewable energy share in the total final energy consumption,Charcoal,Normal value,Units,Percentage (%),0.0156112453003646
1991,Renewable energy share in the total final energy consumption,Liquid bio-fuels,Normal value,Units,Percentage (%),0.0
1991,Renewable energy share in the total final energy consumption,Bioethanol,Normal value,Units,Percentage (%),0.0
1991,Renewable energy share in the total final energy consumption,Biodiesel,Normal value,Units,Percentage (%),0.0
1991,Renewable energy share in the total final energy consumption,Biomass,Normal value,Units,Percentage (%),0.028186970681214
1991,Renewable energy share in the total final energy consumption,Cross-boundary Adjustment,Normal value,Units,Percentage (%),0.0
1992,Renewable energy share in the total final energy consumption,Hydroelectric power,Normal value,Units,Percentage (%),0.2048919600745859
1992,Renewable energy share in the total final energy consumption,"Wind, wave, tidal",Normal value,Units,Percentage (%),0.0013162224415926
1992,Renewable energy share in the total final energy consumption,Solar photovoltaic,Normal value,Units,Percentage (%),0.0
1992,Renewable energy share in the total final energy consumption,Geothermal aquifers,Normal value,Units,Percentage (%),0.0004387408138642
1992,Renewable energy share in the total final energy consumption,Landfill gas,Normal value,Units,Percentage (%),0.0680048261489525
1992,Renewable energy share in the total final energy consumption,Sewage gas,Normal value,Units,Percentage (%),0.0662498628934956
1992,Renewable energy share in the total final energy consumption,Biogas from autogen,Normal value,Units,Percentage (%),0.0
1992,Renewable energy share in the total final energy consumption,Municipal solid waste (MSW),Normal value,Units,Percentage (%),0.092135570911484
1992,Renewable energy share in the total final energy consumption,Poultry litter,Normal value,Units,Percentage (%),0.0070198530218273
1992,Renewable energy share in the total final energy consumption,Straw,Normal value,Units,Percentage (%),0.0030711856970494
1992,Renewable energy share in the total final energy consumption,Wood,Normal value,Units,Percentage (%),0.2518372271580563
1992,Renewable energy share in the total final energy consumption,Charcoal,Normal value,Units,Percentage (%),0.0144784468575189
1992,Renewable energy share in the total final energy consumption,Liquid bio-fuels,Normal value,Units,Percentage (%),0.0
1992,Renewable energy share in the total final energy consumption,Bioethanol,Normal value,Units,Percentage (%),0.0
1992,Renewable energy share in the total final energy consumption,Biodiesel,Normal value,Units,Percentage (%),0.0
1992,Renewable energy share in the total final energy consumption,Biomass,Normal value,Units,Percentage (%),0.0285181529011736
1992,Renewable energy share in the total final energy consumption,Cross-boundary Adjustment,Normal value,Units,Percentage (%),0.0
1993,Renewable energy share in the total final energy consumption,Hydroelectric power,Normal value,Units,Percentage (%),0.1604760500338301
1993,Renewable energy share in the total final energy consumption,"Wind, wave, tidal",Normal value,Units,Percentage (%),0.0082406620287642
1993,Renewable energy share in the total final energy consumption,Solar photovoltaic,Normal value,Units,Percentage (%),0.0
1993,Renewable energy share in the total final energy consumption,Geothermal aquifers,Normal value,Units,Percentage (%),0.0004337190541454
1993,Renewable energy share in the total final energy consumption,Landfill gas,Normal value,Units,Percentage (%),0.0702624867715688
1993,Renewable energy share in the total final energy consumption,Sewage gas,Normal value,Units,Percentage (%),0.0685276105549869
1993,Renewable energy share in the total final energy consumption,Biogas from autogen,Normal value,Units,Percentage (%),0.0
1993,Renewable energy share in the total final energy consumption,Municipal solid waste (MSW),Normal value,Units,Percentage (%),0.1162367065109904
1993,Renewable energy share in the total final energy consumption,Poultry litter,Normal value,Units,Percentage (%),0.0186499193282559
1993,Renewable energy share in the total final energy consumption,Straw,Normal value,Units,Percentage (%),0.0030360333790184
1993,Renewable energy share in the total final energy consumption,Wood,Normal value,Units,Percentage (%),0.2758453184365296
1993,Renewable energy share in the total final energy consumption,Charcoal,Normal value,Units,Percentage (%),0.0147464478409465
1993,Renewable energy share in the total final energy consumption,Liquid bio-fuels,Normal value,Units,Percentage (%),0.0
1993,Renewable energy share in the total final energy consumption,Bioethanol,Normal value,Units,Percentage (%),0.0
1993,Renewable energy share in the total final energy consumption,Biodiesel,Normal value,Units,Percentage (%),0.0
1993,Renewable energy share in the total final energy consumption,Biomass,Normal value,Units,Percentage (%),0.0281917385194566
1993,Renewable energy share in the total final energy consumption,Cross-boundary Adjustment,Normal value,Units,Percentage (%),0.0
1994,Renewable energy share in the total final energy consumption,Hydroelectric power,Normal value,Units,Percentage (%),0.1897467444137345
1994,Renewable energy share in the total final energy consumption,"Wind, wave, tidal",Normal value,Units,Percentage (%),0.0129963523571051
1994,Renewable energy share in the total final energy consumption,Solar photovoltaic,Normal value,Units,Percentage (%),0.0
1994,Renewable energy share in the total final energy consumption,Geothermal aquifers,Normal value,Units,Percentage (%),0.0004332117452368
1994,Renewable energy share in the total final energy consumption,Landfill gas,Normal value,Units,Percentage (%),0.0814438081045253
1994,Renewable energy share in the total final energy consumption,Sewage gas,Normal value,Units,Percentage (%),0.0736459966902622
1994,Renewable energy share in the total final energy consumption,Biogas from autogen,Normal value,Units,Percentage (%),0.0
1994,Renewable energy share in the total final energy consumption,Municipal solid waste (MSW),Normal value,Units,Percentage (%),0.1667865219161821
1994,Renewable energy share in the total final energy consumption,Poultry litter,Normal value,Units,Percentage (%),0.0437543862689205
1994,Renewable energy share in the total final energy consumption,Straw,Normal value,Units,Percentage (%),0.0030324822166578
1994,Renewable energy share in the total final energy consumption,Wood,Normal value,Units,Percentage (%),0.4249807220773369
1994,Renewable energy share in the total final energy consumption,Charcoal,Normal value,Units,Percentage (%),0.0147291993380524
1994,Renewable energy share in the total final energy consumption,Liquid bio-fuels,Normal value,Units,Percentage (%),0.0
1994,Renewable energy share in the total final energy consumption,Bioethanol,Normal value,Units,Percentage (%),0.0
1994,Renewable energy share in the total final energy consumption,Biodiesel,Normal value,Units,Percentage (%),0.0
1994,Renewable energy share in the total final energy consumption,Biomass,Normal value,Units,Percentage (%),0.0281587634403943
1994,Renewable energy share in the total final energy consumption,Cross-boundary Adjustment,Normal value,Units,Percentage (%),0.0
1995,Renewable energy share in the total final energy consumption,Hydroelectric power,Normal value,Units,Percentage (%),0.1802762213063959
1995,Renewable energy share in the total final energy consumption,"Wind, wave, tidal",Normal value,Units,Percentage (%),0.0147341142413881
1995,Renewable energy share in the total final energy consumption,Solar photovoltaic,Normal value,Units,Percentage (%),0.0
1995,Renewable energy share in the total final energy consumption,Geothermal aquifers,Normal value,Units,Percentage (%),0.0004333563012172
1995,Renewable energy share in the total final energy consumption,Landfill gas,Normal value,Units,Percentage (%),0.0862379039422422
1995,Renewable energy share in the total final energy consumption,Sewage gas,Normal value,Units,Percentage (%),0.0836377661349385
1995,Renewable energy share in the total final energy consumption,Biogas from autogen,Normal value,Units,Percentage (%),0.0
1995,Renewable energy share in the total final energy consumption,Municipal solid waste (MSW),Normal value,Units,Percentage (%),0.1781094398003094
1995,Renewable energy share in the total final energy consumption,Poultry litter,Normal value,Units,Percentage (%),0.043768986422947
1995,Renewable energy share in the total final energy consumption,Straw,Normal value,Units,Percentage (%),0.003033494108521
1995,Renewable energy share in the total final energy consumption,Wood,Normal value,Units,Percentage (%),0.4701915868207681
1995,Renewable energy share in the total final energy consumption,Charcoal,Normal value,Units,Percentage (%),0.0151674705426054
1995,Renewable energy share in the total final energy consumption,Liquid bio-fuels,Normal value,Units,Percentage (%),0.0
1995,Renewable energy share in the total final energy consumption,Bioethanol,Normal value,Units,Percentage (%),0.0
1995,Renewable energy share in the total final energy consumption,Biodiesel,Normal value,Units,Percentage (%),0.0
1995,Renewable energy share in the total final energy consumption,Biomass,Normal value,Units,Percentage (%),0.0281681595791243
1995,Renewable energy share in the total final energy consumption,Cross-boundary Adjustment,Normal value,Units,Percentage (%),0.0
1996,Renewable energy share in the total final energy consumption,Hydroelectric power,Normal value,Units,Percentage (%),0.1198145336670633
1996,Renewable energy share in the total final energy consumption,"Wind, wave, tidal",Normal value,Units,Percentage (%),0.0172335973082762
1996,Renewable energy share in the total final energy consumption,Solar photovoltaic,Normal value,Units,Percentage (%),0.0
1996,Renewable energy share in the total final energy consumption,Geothermal aquifers,Normal value,Units,Percentage (%),0.0004103237454351
1996,Renewable energy share in the total final energy consumption,Landfill gas,Normal value,Units,Percentage (%),0.1021706126133519
1996,Renewable energy share in the total final energy consumption,Sewage gas,Normal value,Units,Percentage (%),0.0791924828689836
1996,Renewable energy share in the total final energy consumption,Biogas from autogen,Normal value,Units,Percentage (%),0.0
1996,Renewable energy share in the total final energy consumption,Municipal solid waste (MSW),Normal value,Units,Percentage (%),0.1624882031923187
1996,Renewable energy share in the total final energy consumption,Poultry litter,Normal value,Units,Percentage (%),0.0414426982889499
1996,Renewable energy share in the total final energy consumption,Straw,Normal value,Units,Percentage (%),0.002872266218046
1996,Renewable energy share in the total final energy consumption,Wood,Normal value,Units,Percentage (%),0.4911575232858726
1996,Renewable energy share in the total final energy consumption,Charcoal,Normal value,Units,Percentage (%),0.016823273562841
1996,Renewable energy share in the total final energy consumption,Liquid bio-fuels,Normal value,Units,Percentage (%),0.0
1996,Renewable energy share in the total final energy consumption,Bioethanol,Normal value,Units,Percentage (%),0.0
1996,Renewable energy share in the total final energy consumption,Biodiesel,Normal value,Units,Percentage (%),0.0
1996,Renewable energy share in the total final energy consumption,Biomass,Normal value,Units,Percentage (%),0.0266710434532846
1996,Renewable energy share in the total final energy consumption,Cross-boundary Adjustment,Normal value,Units,Percentage (%),0.0
1997,Renewable energy share in the total final energy consumption,Hydroelectric power,Normal value,Units,Percentage (%),0.1586808499920239
1997,Renewable energy share in the total final energy consumption,"Wind, wave, tidal",Normal value,Units,Percentage (%),0.0239280646813369
1997,Renewable energy share in the total final energy consumption,Solar photovoltaic,Normal value,Units,Percentage (%),0.0
1997,Renewable energy share in the total final energy consumption,Geothermal aquifers,Normal value,Units,Percentage (%),0.0004197906084445
1997,Renewable energy share in the total final energy consumption,Landfill gas,Normal value,Units,Percentage (%),0.133073622876909
1997,Renewable energy share in the total final energy consumption,Sewage gas,Normal value,Units,Percentage (%),0.0805997968213455
1997,Renewable energy share in the total final energy consumption,Biogas from autogen,Normal value,Units,Percentage (%),0.0
1997,Renewable energy share in the total final energy consumption,Municipal solid waste (MSW),Normal value,Units,Percentage (%),0.1952026329266961
1997,Renewable energy share in the total final energy consumption,Poultry litter,Normal value,Units,Percentage (%),0.0423988514528953
1997,Renewable energy share in the total final energy consumption,Straw,Normal value,Units,Percentage (%),0.0029385342591115
1997,Renewable energy share in the total final energy consumption,Wood,Normal value,Units,Percentage (%),0.4890560588378517
1997,Renewable energy share in the total final energy consumption,Charcoal,Normal value,Units,Percentage (%),0.0159520431208913
1997,Renewable energy share in the total final energy consumption,Liquid bio-fuels,Normal value,Units,Percentage (%),0.0
1997,Renewable energy share in the total final energy consumption,Bioethanol,Normal value,Units,Percentage (%),0.0
1997,Renewable energy share in the total final energy consumption,Biodiesel,Normal value,Units,Percentage (%),0.0
1997,Renewable energy share in the total final energy consumption,Biomass,Normal value,Units,Percentage (%),0.027286389548893
1997,Renewable energy share in the total final energy consumption,Cross-boundary Adjustment,Normal value,Units,Percentage (%),0.0
1998,Renewable energy share in the total final energy consumption,Hydroelectric power,Normal value,Units,Percentage (%),0.1808645324651835
1998,Renewable energy share in the total final energy consumption,"Wind, wave, tidal",Normal value,Units,Percentage (%),0.0308291816702017
1998,Renewable energy share in the total final energy consumption,Solar photovoltaic,Normal value,Units,Percentage (%),0.0
1998,Renewable energy share in the total final energy consumption,Geothermal aquifers,Normal value,Units,Percentage (%),0.0004110557556026
1998,Renewable energy share in the total final energy consumption,Landfill gas,Normal value,Units,Percentage (%),0.1652444137522813
1998,Renewable energy share in the total final energy consumption,Sewage gas,Normal value,Units,Percentage (%),0.0744010917640868
1998,Renewable energy share in the total final energy consumption,Biogas from autogen,Normal value,Units,Percentage (%),0.0
1998,Renewable energy share in the total final energy consumption,Municipal solid waste (MSW),Normal value,Units,Percentage (%),0.2667751853861457
1998,Renewable energy share in the total final energy consumption,Poultry litter,Normal value,Units,Percentage (%),0.0460382446275012
1998,Renewable energy share in the total final energy consumption,Straw,Normal value,Units,Percentage (%),0.0028773902892188
1998,Renewable energy share in the total final energy consumption,Wood,Normal value,Units,Percentage (%),0.4480507736069321
1998,Renewable energy share in the total final energy consumption,Charcoal,Normal value,Units,Percentage (%),0.0164422302241076
1998,Renewable energy share in the total final energy consumption,Liquid bio-fuels,Normal value,Units,Percentage (%),0.0
1998,Renewable energy share in the total final energy consumption,Bioethanol,Normal value,Units,Percentage (%),0.0
1998,Renewable energy share in the total final energy consumption,Biodiesel,Normal value,Units,Percentage (%),0.0
1998,Renewable energy share in the total final energy consumption,Biomass,Normal value,Units,Percentage (%),0.011920616912478
1998,Renewable energy share in the total final energy consumption,Cross-boundary Adjustment,Normal value,Units,Percentage (%),0.0
1999,Renewable energy share in the total final energy consumption,Hydroelectric power,Normal value,Units,Percentage (%),0.1886583065142603
1999,Renewable energy share in the total final energy consumption,"Wind, wave, tidal",Normal value,Units,Percentage (%),0.0300044801210043
1999,Renewable energy share in the total final energy consumption,Solar photovoltaic,Normal value,Units,Percentage (%),0.0
1999,Renewable energy share in the total final energy consumption,Geothermal aquifers,Normal value,Units,Percentage (%),0.0004110202756301
1999,Renewable energy share in the total final energy consumption,Landfill gas,Normal value,Units,Percentage (%),0.2351035976604726
1999,Renewable energy share in the total final energy consumption,Sewage gas,Normal value,Units,Percentage (%),0.0776828320941072
1999,Renewable energy share in the total final energy consumption,Biogas from autogen,Normal value,Units,Percentage (%),0.0
1999,Renewable energy share in the total final energy consumption,Municipal solid waste (MSW),Normal value,Units,Percentage (%),0.2601758344739146
1999,Renewable energy share in the total final energy consumption,Poultry litter,Normal value,Units,Percentage (%),0.0608310007932691
1999,Renewable energy share in the total final energy consumption,Straw,Normal value,Units,Percentage (%),0.0028771419294113
1999,Renewable energy share in the total final energy consumption,Wood,Normal value,Units,Percentage (%),0.4237619041747329
1999,Renewable energy share in the total final energy consumption,Charcoal,Normal value,Units,Percentage (%),0.0135636690957964
1999,Renewable energy share in the total final energy consumption,Liquid bio-fuels,Normal value,Units,Percentage (%),0.0
1999,Renewable energy share in the total final energy consumption,Bioethanol,Normal value,Units,Percentage (%),0.0
1999,Renewable energy share in the total final energy consumption,Biodiesel,Normal value,Units,Percentage (%),0.0
1999,Renewable energy share in the total final energy consumption,Biomass,Normal value,Units,Percentage (%),0.0304155003966345
1999,Renewable energy share in the total final energy consumption,Cross-boundary Adjustment,Normal value,Units,Percentage (%),0.0
2000,Renewable energy share in the total final energy consumption,Hydroelectric power,Normal value,Units,Percentage (%),0.1783033033033033
2000,Renewable energy share in the total final energy consumption,"Wind, wave, tidal",Normal value,Units,Percentage (%),0.0330493537015276
2000,Renewable energy share in the total final energy consumption,Solar photovoltaic,Normal value,Units,Percentage (%),0.0
2000,Renewable energy share in the total final energy consumption,Geothermal aquifers,Normal value,Units,Percentage (%),0.0004080167123645
2000,Renewable energy share in the total final energy consumption,Landfill gas,Normal value,Units,Percentage (%),0.2982602167384776
2000,Renewable energy share in the total final energy consumption,Sewage gas,Normal value,Units,Percentage (%),0.068954824389607
2000,Renewable energy share in the total final energy consumption,Biogas from autogen,Normal value,Units,Percentage (%),0.0
2000,Renewable energy share in the total final energy consumption,Municipal solid waste (MSW),Normal value,Units,Percentage (%),0.2766353309831571
2000,Renewable energy share in the total final energy consumption,Poultry litter,Normal value,Units,Percentage (%),0.0648746572659616
2000,Renewable energy share in the total final energy consumption,Straw,Normal value,Units,Percentage (%),0.006120250685468
2000,Renewable energy share in the total final energy consumption,Wood,Normal value,Units,Percentage (%),0.3741513252382817
2000,Renewable energy share in the total final energy consumption,Charcoal,Normal value,Units,Percentage (%),0.0146886016451233
2000,Renewable energy share in the total final energy consumption,Liquid bio-fuels,Normal value,Units,Percentage (%),0.0
2000,Renewable energy share in the total final energy consumption,Bioethanol,Normal value,Units,Percentage (%),0.0
2000,Renewable energy share in the total final energy consumption,Biodiesel,Normal value,Units,Percentage (%),0.0
2000,Renewable energy share in the total final energy consumption,Biomass,Normal value,Units,Percentage (%),0.0367215041128084
2000,Renewable energy share in the total final energy consumption,Cross-boundary Adjustment,Normal value,Units,Percentage (%),0.0
2001,Renewable energy share in the total final energy consumption,Hydroelectric power,Normal value,Units,Percentage (%),0.139466101321321
2001,Renewable energy share in the total final energy consumption,"Wind, wave, tidal",Normal value,Units,Percentage (%),0.033263466694453
2001,Renewable energy share in the total final energy consumption,Solar photovoltaic,Normal value,Units,Percentage (%),0.0
2001,Renewable energy share in the total final energy consumption,Geothermal aquifers,Normal value,Units,Percentage (%),0.0004007646589693
2001,Renewable energy share in the total final energy consumption,Landfill gas,Normal value,Units,Percentage (%),0.3350392548983461
2001,Renewable energy share in the total final energy consumption,Sewage gas,Normal value,Units,Percentage (%),0.0673284627068446
2001,Renewable energy share in the total final energy consumption,Biogas from autogen,Normal value,Units,Percentage (%),0.0
2001,Renewable energy share in the total final energy consumption,Municipal solid waste (MSW),Normal value,Units,Percentage (%),0.2929589657065681
2001,Renewable energy share in the total final energy consumption,Poultry litter,Normal value,Units,Percentage (%),0.0797521671348933
2001,Renewable energy share in the total final energy consumption,Straw,Normal value,Units,Percentage (%),0.0304581140816678
2001,Renewable energy share in the total final energy consumption,Wood,Normal value,Units,Percentage (%),0.3847340726105409
2001,Renewable energy share in the total final energy consumption,Charcoal,Normal value,Units,Percentage (%),0.0132252337459873
2001,Renewable energy share in the total final energy consumption,Liquid bio-fuels,Normal value,Units,Percentage (%),0.0
2001,Renewable energy share in the total final energy consumption,Bioethanol,Normal value,Units,Percentage (%),0.0
2001,Renewable energy share in the total final energy consumption,Biodiesel,Normal value,Units,Percentage (%),0.0
2001,Renewable energy share in the total final energy consumption,Biomass,Normal value,Units,Percentage (%),0.0312596433996064
2001,Renewable energy share in the total final energy consumption,Cross-boundary Adjustment,Normal value,Units,Percentage (%),0.0
2002,Renewable energy share in the total final energy consumption,Hydroelectric power,Normal value,Units,Percentage (%),0.1692874723161566
2002,Renewable energy share in the total final energy consumption,"Wind, wave, tidal",Normal value,Units,Percentage (%),0.0443763276945265
2002,Renewable energy share in the total final energy consumption,Solar photovoltaic,Normal value,Units,Percentage (%),0.0
2002,Renewable energy share in the total final energy consumption,Geothermal aquifers,Normal value,Units,Percentage (%),0.0004108919230974
2002,Renewable energy share in the total final energy consumption,Landfill gas,Normal value,Units,Percentage (%),0.3665155954029411
2002,Renewable energy share in the total final energy consumption,Sewage gas,Normal value,Units,Percentage (%),0.0714951946189593
2002,Renewable energy share in the total final energy consumption,Biogas from autogen,Normal value,Units,Percentage (%),0.0
2002,Renewable energy share in the total final energy consumption,Municipal solid waste (MSW),Normal value,Units,Percentage (%),0.3266590788624868
2002,Renewable energy share in the total final energy consumption,Poultry litter,Normal value,Units,Percentage (%),0.0801239250040062
2002,Renewable energy share in the total final energy consumption,Straw,Normal value,Units,Percentage (%),0.0250644073089455
2002,Renewable energy share in the total final energy consumption,Wood,Normal value,Units,Percentage (%),0.3854166238654246
2002,Renewable energy share in the total final energy consumption,Charcoal,Normal value,Units,Percentage (%),0.0143812173084113
2002,Renewable energy share in the total final energy consumption,Liquid bio-fuels,Normal value,Units,Percentage (%),0.0
2002,Renewable energy share in the total final energy consumption,Bioethanol,Normal value,Units,Percentage (%),0.0
2002,Renewable energy share in the total final energy consumption,Biodiesel,Normal value,Units,Percentage (%),0.0008217838461949
2002,Renewable energy share in the total final energy consumption,Biomass,Normal value,Units,Percentage (%),0.0751932219268365
2002,Renewable energy share in the total final energy consumption,Cross-boundary Adjustment,Normal value,Units,Percentage (%),0.0
2003,Renewable energy share in the total final energy consumption,Hydroelectric power,Normal value,Units,Percentage (%),0.1123581882040069
2003,Renewable energy share in the total final energy consumption,"Wind, wave, tidal",Normal value,Units,Percentage (%),0.044862442052679
2003,Renewable energy share in the total final energy consumption,Solar photovoltaic,Normal value,Units,Percentage (%),0.0
2003,Renewable energy share in the total final energy consumption,Geothermal aquifers,Normal value,Units,Percentage (%),0.0004041661446187
2003,Renewable energy share in the total final energy consumption,Landfill gas,Normal value,Units,Percentage (%),0.4397327653451781
2003,Renewable energy share in the total final energy consumption,Sewage gas,Normal value,Units,Percentage (%),0.0666874138620904
2003,Renewable energy share in the total final energy consumption,Biogas from autogen,Normal value,Units,Percentage (%),0.0012124984338561
2003,Renewable energy share in the total final energy consumption,Municipal solid waste (MSW),Normal value,Units,Percentage (%),0.3297995740088835
2003,Renewable energy share in the total final energy consumption,Poultry litter,Normal value,Units,Percentage (%),0.0731540721759901
2003,Renewable energy share in the total final energy consumption,Straw,Normal value,Units,Percentage (%),0.034354122292592
2003,Renewable energy share in the total final energy consumption,Wood,Normal value,Units,Percentage (%),0.4134619659449606
2003,Renewable energy share in the total final energy consumption,Charcoal,Normal value,Units,Percentage (%),0.014954147350893
2003,Renewable energy share in the total final energy consumption,Liquid bio-fuels,Normal value,Units,Percentage (%),0.0
2003,Renewable energy share in the total final energy consumption,Bioethanol,Normal value,Units,Percentage (%),0.0
2003,Renewable energy share in the total final energy consumption,Biodiesel,Normal value,Units,Percentage (%),0.0064666583138996
2003,Renewable energy share in the total final energy consumption,Biomass,Normal value,Units,Percentage (%),0.1216540095302376
2003,Renewable energy share in the total final energy consumption,Cross-boundary Adjustment,Normal value,Units,Percentage (%),0.0
2004,Renewable energy share in the total final energy consumption,Hydroelectric power,Normal value,Units,Percentage (%),0.1672528519012008
2004,Renewable energy share in the total final energy consumption,"Wind, wave, tidal",Normal value,Units,Percentage (%),0.0664209890325343
2004,Renewable energy share in the total final energy consumption,Solar photovoltaic,Normal value,Units,Percentage (%),0.0
2004,Renewable energy share in the total final energy consumption,Geothermal aquifers,Normal value,Units,Percentage (%),0.000400126439955
2004,Renewable energy share in the total final energy consumption,Landfill gas,Normal value,Units,Percentage (%),0.5309677858203192
2004,Renewable energy share in the total final energy consumption,Sewage gas,Normal value,Units,Percentage (%),0.0708223798720395
2004,Renewable energy share in the total final energy consumption,Biogas from autogen,Normal value,Units,Percentage (%),0.0020006321997751
2004,Renewable energy share in the total final energy consumption,Municipal solid waste (MSW),Normal value,Units,Percentage (%),0.3160998875644704
2004,Renewable energy share in the total final energy consumption,Poultry litter,Normal value,Units,Percentage (%),0.0656207361526242
2004,Renewable energy share in the total final energy consumption,Straw,Normal value,Units,Percentage (%),0.032010115196402
2004,Renewable energy share in the total final energy consumption,Wood,Normal value,Units,Percentage (%),0.4309361758315627
2004,Renewable energy share in the total final energy consumption,Charcoal,Normal value,Units,Percentage (%),0.016005057598201
2004,Renewable energy share in the total final energy consumption,Liquid bio-fuels,Normal value,Units,Percentage (%),0.0044013908395052
2004,Renewable energy share in the total final energy consumption,Bioethanol,Normal value,Units,Percentage (%),0.0
2004,Renewable energy share in the total final energy consumption,Biodiesel,Normal value,Units,Percentage (%),0.0068021494792354
2004,Renewable energy share in the total final energy consumption,Biomass,Normal value,Units,Percentage (%),0.1736548749404812
2004,Renewable energy share in the total final energy consumption,Cross-boundary Adjustment,Normal value,Units,Percentage (%),0.0
2005,Renewable energy share in the total final energy consumption,Hydroelectric power,Normal value,Units,Percentage (%),0.168726889800998
2005,Renewable energy share in the total final energy consumption,"Wind, wave, tidal",Normal value,Units,Percentage (%),0.099720384043143
2005,Renewable energy share in the total final energy consumption,Solar photovoltaic,Normal value,Units,Percentage (%),0.0003988815361725
2005,Renewable energy share in the total final energy consumption,Geothermal aquifers,Normal value,Units,Percentage (%),0.0003988815361725
2005,Renewable energy share in the total final energy consumption,Landfill gas,Normal value,Units,Percentage (%),0.5668106629012251
2005,Renewable energy share in the total final energy consumption,Sewage gas,Normal value,Units,Percentage (%),0.0821695964515498
2005,Renewable energy share in the total final energy consumption,Biogas from autogen,Normal value,Units,Percentage (%),0.0019944076808628
2005,Renewable energy share in the total final energy consumption,Municipal solid waste (MSW),Normal value,Units,Percentage (%),0.3167119397210223
2005,Renewable energy share in the total final energy consumption,Poultry litter,Normal value,Units,Percentage (%),0.0630232827152664
2005,Renewable energy share in the total final energy consumption,Straw,Normal value,Units,Percentage (%),0.0283205890682526
2005,Renewable energy share in the total final energy consumption,Wood,Normal value,Units,Percentage (%),0.5364956661521094
2005,Renewable energy share in the total final energy consumption,Charcoal,Normal value,Units,Percentage (%),0.0143597353022125
2005,Renewable energy share in the total final energy consumption,Liquid bio-fuels,Normal value,Units,Percentage (%),0.0690065057578549
2005,Renewable energy share in the total final energy consumption,Bioethanol,Normal value,Units,Percentage (%),0.0191463137362834
2005,Renewable energy share in the total final energy consumption,Biodiesel,Normal value,Units,Percentage (%),0.0107698014766594
2005,Renewable energy share in the total final energy consumption,Biomass,Normal value,Units,Percentage (%),0.1567604437158208
2005,Renewable energy share in the total final energy consumption,Cross-boundary Adjustment,Normal value,Units,Percentage (%),0.0003988815361725
2006,Renewable energy share in the total final energy consumption,Hydroelectric power,Normal value,Units,Percentage (%),0.1612929570103227
2006,Renewable energy share in the total final energy consumption,"Wind, wave, tidal",Normal value,Units,Percentage (%),0.1482261858094865
2006,Renewable energy share in the total final energy consumption,Solar photovoltaic,Normal value,Units,Percentage (%),0.0004083366000261
2006,Renewable energy share in the total final energy consumption,Geothermal aquifers,Normal value,Units,Percentage (%),0.0004083366000261
2006,Renewable energy share in the total final energy consumption,Landfill gas,Normal value,Units,Percentage (%),0.5982131190382857
2006,Renewable energy share in the total final energy consumption,Sewage gas,Normal value,Units,Percentage (%),0.0775839540049653
2006,Renewable energy share in the total final energy consumption,Biogas from autogen,Normal value,Units,Percentage (%),0.0024500196001568
2006,Renewable energy share in the total final energy consumption,Municipal solid waste (MSW),Normal value,Units,Percentage (%),0.3495361296223703
2006,Renewable energy share in the total final energy consumption,Poultry litter,Normal value,Units,Percentage (%),0.0600254802038416
2006,Renewable energy share in the total final energy consumption,Straw,Normal value,Units,Percentage (%),0.03062524500196
2006,Renewable energy share in the total final energy consumption,Wood,Normal value,Units,Percentage (%),0.5300209068339213
2006,Renewable energy share in the total final energy consumption,Charcoal,Normal value,Units,Percentage (%),0.0142917810009146
2006,Renewable energy share in the total final energy consumption,Liquid bio-fuels,Normal value,Units,Percentage (%),0.0824839932052789
2006,Renewable energy share in the total final energy consumption,Bioethanol,Normal value,Units,Percentage (%),0.0220501764014112
2006,Renewable energy share in the total final energy consumption,Biodiesel,Normal value,Units,Percentage (%),0.0567587874036325
2006,Renewable energy share in the total final energy consumption,Biomass,Normal value,Units,Percentage (%),0.1870181628119691
2006,Renewable energy share in the total final energy consumption,Cross-boundary Adjustment,Normal value,Units,Percentage (%),0.0012250098000784
2007,Renewable energy share in the total final energy consumption,Hydroelectric power,Normal value,Units,Percentage (%),0.1825351077249525
2007,Renewable energy share in the total final energy consumption,"Wind, wave, tidal",Normal value,Units,Percentage (%),0.1892183153304428
2007,Renewable energy share in the total final energy consumption,Solar photovoltaic,Normal value,Units,Percentage (%),0.0004177004753431
2007,Renewable energy share in the total final energy consumption,Geothermal aquifers,Normal value,Units,Percentage (%),0.0004177004753431
2007,Renewable energy share in the total final energy consumption,Landfill gas,Normal value,Units,Percentage (%),0.646182635355839
2007,Renewable energy share in the total final energy consumption,Sewage gas,Normal value,Units,Percentage (%),0.0881348002974027
2007,Renewable energy share in the total final energy consumption,Biogas from autogen,Normal value,Units,Percentage (%),0.0029239033274019
2007,Renewable energy share in the total final energy consumption,Municipal solid waste (MSW),Normal value,Units,Percentage (%),0.3684118192526503
2007,Renewable energy share in the total final energy consumption,Poultry litter,Normal value,Units,Percentage (%),0.0634904722521574
2007,Renewable energy share in the total final energy consumption,Straw,Normal value,Units,Percentage (%),0.029656733749363
2007,Renewable energy share in the total final energy consumption,Wood,Normal value,Units,Percentage (%),0.5831098635790246
2007,Renewable energy share in the total final energy consumption,Charcoal,Normal value,Units,Percentage (%),0.0142018161616667
2007,Renewable energy share in the total final energy consumption,Liquid bio-fuels,Normal value,Units,Percentage (%),0.0250620285205884
2007,Renewable energy share in the total final energy consumption,Bioethanol,Normal value,Units,Percentage (%),0.0359222408795101
2007,Renewable energy share in the total final energy consumption,Biodiesel,Normal value,Units,Percentage (%),0.1190446354727951
2007,Renewable energy share in the total final energy consumption,Biomass,Normal value,Units,Percentage (%),0.1612323834824524
2007,Renewable energy share in the total final energy consumption,Cross-boundary Adjustment,Normal value,Units,Percentage (%),0.0025062028520588
2008,Renewable energy share in the total final energy consumption,Hydroelectric power,Normal value,Units,Percentage (%),0.1869380228554994
2008,Renewable energy share in the total final energy consumption,"Wind, wave, tidal",Normal value,Units,Percentage (%),0.2592601991185999
2008,Renewable energy share in the total final energy consumption,Solar photovoltaic,Normal value,Units,Percentage (%),0.0004229367032929
2008,Renewable energy share in the total final energy consumption,Geothermal aquifers,Normal value,Units,Percentage (%),0.0004229367032929
2008,Renewable energy share in the total final energy consumption,Landfill gas,Normal value,Units,Percentage (%),0.657243636917299
2008,Renewable energy share in the total final energy consumption,Sewage gas,Normal value,Units,Percentage (%),0.0972754417573865
2008,Renewable energy share in the total final energy consumption,Biogas from autogen,Normal value,Units,Percentage (%),0.0029605569230508
2008,Renewable energy share in the total final energy consumption,Municipal solid waste (MSW),Normal value,Units,Percentage (%),0.3848723999966165
2008,Renewable energy share in the total final energy consumption,Poultry litter,Normal value,Units,Percentage (%),0.0757056698894443
2008,Renewable energy share in the total final energy consumption,Straw,Normal value,Units,Percentage (%),0.0334119995601458
2008,Renewable energy share in the total final energy consumption,Wood,Normal value,Units,Percentage (%),0.7756659138393348
2008,Renewable energy share in the total final energy consumption,Charcoal,Normal value,Units,Percentage (%),0.0131110378020825
2008,Renewable energy share in the total final energy consumption,Liquid bio-fuels,Normal value,Units,Percentage (%),0.0118422276922035
2008,Renewable energy share in the total final energy consumption,Bioethanol,Normal value,Units,Percentage (%),0.0490606575819862
2008,Renewable energy share in the total final energy consumption,Biodiesel,Normal value,Units,Percentage (%),0.3083208567005862
2008,Renewable energy share in the total final energy consumption,Biomass,Normal value,Units,Percentage (%),0.1370314918669272
2008,Renewable energy share in the total final energy consumption,Cross-boundary Adjustment,Normal value,Units,Percentage (%),0.0054981771428088
2009,Renewable energy share in the total final energy consumption,Hydroelectric power,Normal value,Units,Percentage (%),0.20248562352073
2009,Renewable energy share in the total final energy consumption,"Wind, wave, tidal",Normal value,Units,Percentage (%),0.3590745057100946
2009,Renewable energy share in the total final energy consumption,Solar photovoltaic,Normal value,Units,Percentage (%),0.0008999361045365
2009,Renewable energy share in the total final energy consumption,Geothermal aquifers,Normal value,Units,Percentage (%),0.0004499680522682
2009,Renewable energy share in the total final energy consumption,Landfill gas,Normal value,Units,Percentage (%),0.7316480529882378
2009,Renewable energy share in the total final energy consumption,Sewage gas,Normal value,Units,Percentage (%),0.1120420450148039
2009,Renewable energy share in the total final energy consumption,Biogas from autogen,Normal value,Units,Percentage (%),0.0071994888362926
2009,Renewable energy share in the total final energy consumption,Municipal solid waste (MSW),Normal value,Units,Percentage (%),0.4900152089201666
2009,Renewable energy share in the total final energy consumption,Poultry litter,Normal value,Units,Percentage (%),0.0791943771992188
2009,Renewable energy share in the total final energy consumption,Straw,Normal value,Units,Percentage (%),0.0341975719723899
2009,Renewable energy share in the total final energy consumption,Wood,Normal value,Units,Percentage (%),0.8580890756756271
2009,Renewable energy share in the total final energy consumption,Charcoal,Normal value,Units,Percentage (%),0.0148489457248535
2009,Renewable energy share in the total final energy consumption,Liquid bio-fuels,Normal value,Units,Percentage (%),0.006299552731756
2009,Renewable energy share in the total final energy consumption,Bioethanol,Normal value,Units,Percentage (%),0.080994249408292
2009,Renewable energy share in the total final energy consumption,Biodiesel,Normal value,Units,Percentage (%),0.3865225568984602
2009,Renewable energy share in the total final energy consumption,Biomass,Normal value,Units,Percentage (%),0.2078852401479495
2009,Renewable energy share in the total final energy consumption,Cross-boundary Adjustment,Normal value,Units,Percentage (%),0.0058495846794877
2010,Renewable energy share in the total final energy consumption,Hydroelectric power,Normal value,Units,Percentage (%),0.1349875496920187
2010,Renewable energy share in the total final energy consumption,"Wind, wave, tidal",Normal value,Units,Percentage (%),0.3861779738761959
2010,Renewable energy share in the total final energy consumption,Solar photovoltaic,Normal value,Units,Percentage (%),0.0013105587348739
2010,Renewable energy share in the total final energy consumption,Geothermal aquifers,Normal value,Units,Percentage (%),0.0004368529116246
2010,Renewable energy share in the total final energy consumption,Landfill gas,Normal value,Units,Percentage (%),0.7535712725525316
2010,Renewable energy share in the total final energy consumption,Sewage gas,Normal value,Units,Percentage (%),0.1288716089292735
2010,Renewable energy share in the total final energy consumption,Biogas from autogen,Normal value,Units,Percentage (%),0.0187846751998602
2010,Renewable energy share in the total final energy consumption,Municipal solid waste (MSW),Normal value,Units,Percentage (%),0.477480232405749
2010,Renewable energy share in the total final energy consumption,Poultry litter,Normal value,Units,Percentage (%),0.0795072299156873
2010,Renewable energy share in the total final energy consumption,Straw,Normal value,Units,Percentage (%),0.0375693503997204
2010,Renewable energy share in the total final energy consumption,Wood,Normal value,Units,Percentage (%),1.0414573413131798
2010,Renewable energy share in the total final energy consumption,Charcoal,Normal value,Units,Percentage (%),0.0218426455812328
2010,Renewable energy share in the total final energy consumption,Liquid bio-fuels,Normal value,Units,Percentage (%),0.0069896465859944
2010,Renewable energy share in the total final energy consumption,Bioethanol,Normal value,Units,Percentage (%),0.1555196365383775
2010,Renewable energy share in the total final energy consumption,Biodiesel,Normal value,Units,Percentage (%),0.3770040627320781
2010,Renewable energy share in the total final energy consumption,Biomass,Normal value,Units,Percentage (%),0.271722511030536
2010,Renewable energy share in the total final energy consumption,Cross-boundary Adjustment,Normal value,Units,Percentage (%),0.0065527936743698
2011,Renewable energy share in the total final energy consumption,Hydroelectric power,Normal value,Units,Percentage (%),0.2271840330044043
2011,Renewable energy share in the total final energy consumption,"Wind, wave, tidal",Normal value,Units,Percentage (%),0.6378807307056178
2011,Renewable energy share in the total final energy consumption,Solar photovoltaic,Normal value,Units,Percentage (%),0.0097563695155265
2011,Renewable energy share in the total final energy consumption,Geothermal aquifers,Normal value,Units,Percentage (%),0.0004645890245488
2011,Renewable energy share in the total final energy consumption,Landfill gas,Normal value,Units,Percentage (%),0.8167475051569382
2011,Renewable energy share in the total final energy consumption,Sewage gas,Normal value,Units,Percentage (%),0.1477393098065451
2011,Renewable energy share in the total final energy consumption,Biogas from autogen,Normal value,Units,Percentage (%),0.0408838341603018
2011,Renewable energy share in the total final energy consumption,Municipal solid waste (MSW),Normal value,Units,Percentage (%),0.505008269684637
2011,Renewable energy share in the total final energy consumption,Poultry litter,Normal value,Units,Percentage (%),0.0984928732043634
2011,Renewable energy share in the total final energy consumption,Straw,Normal value,Units,Percentage (%),0.0371671219639107
2011,Renewable energy share in the total final energy consumption,Wood,Normal value,Units,Percentage (%),1.1089740015981862
2011,Renewable energy share in the total final energy consumption,Charcoal,Normal value,Units,Percentage (%),0.0223002731783464
2011,Renewable energy share in the total final energy consumption,Liquid bio-fuels,Normal value,Units,Percentage (%),0.0074334243927821
2011,Renewable energy share in the total final energy consumption,Bioethanol,Normal value,Units,Percentage (%),0.1705041720094404
2011,Renewable energy share in the total final energy consumption,Biodiesel,Normal value,Units,Percentage (%),0.3554106037798963
2011,Renewable energy share in the total final energy consumption,Biomass,Normal value,Units,Percentage (%),0.3131330025459478
2011,Renewable energy share in the total final energy consumption,Cross-boundary Adjustment,Normal value,Units,Percentage (%),0.0065042463436843
2012,Renewable energy share in the total final energy consumption,Hydroelectric power,Normal value,Units,Percentage (%),0.2106116956315355
2012,Renewable energy share in the total final energy consumption,"Wind, wave, tidal",Normal value,Units,Percentage (%),0.7866830731794993
2012,Renewable energy share in the total final energy consumption,Solar photovoltaic,Normal value,Units,Percentage (%),0.053459423836451
2012,Renewable energy share in the total final energy consumption,Geothermal aquifers,Normal value,Units,Percentage (%),0.0004608571020383
2012,Renewable energy share in the total final energy consumption,Landfill gas,Normal value,Units,Percentage (%),0.7935959297100748
2012,Renewable energy share in the total final energy consumption,Sewage gas,Normal value,Units,Percentage (%),0.1410222732237415
2012,Renewable energy share in the total final energy consumption,Biogas from autogen,Normal value,Units,Percentage (%),0.0815717070607916
2012,Renewable energy share in the total final energy consumption,Municipal solid waste (MSW),Normal value,Units,Percentage (%),0.5806799485683474
2012,Renewable energy share in the total final energy consumption,Poultry litter,Normal value,Units,Percentage (%),0.0903279919995207
2012,Renewable energy share in the total final energy consumption,Straw,Normal value,Units,Percentage (%),0.0423988533875301
2012,Renewable energy share in the total final energy consumption,Wood,Normal value,Units,Percentage (%),1.340633309829621
2012,Renewable energy share in the total final energy consumption,Charcoal,Normal value,Units,Percentage (%),0.0225819979998801
2012,Renewable energy share in the total final energy consumption,Liquid bio-fuels,Normal value,Units,Percentage (%),0.0225819979998801
2012,Renewable energy share in the total final energy consumption,Bioethanol,Normal value,Units,Percentage (%),0.2129159811417273
2012,Renewable energy share in the total final energy consumption,Biodiesel,Normal value,Units,Percentage (%),0.2401065501619912
2012,Renewable energy share in the total final energy consumption,Biomass,Normal value,Units,Percentage (%),0.2700622617944854
2012,Renewable energy share in the total final energy consumption,Cross-boundary Adjustment,Normal value,Units,Percentage (%),0.0046085710203837
2013,Renewable energy share in the total final energy consumption,Hydroelectric power,Normal value,Units,Percentage (%),0.1862839153153321
2013,Renewable energy share in the total final energy consumption,"Wind, wave, tidal",Normal value,Units,Percentage (%),1.1372633030001027
2013,Renewable energy share in the total final energy consumption,Solar photovoltaic,Normal value,Units,Percentage (%),0.0805677933738811
2013,Renewable energy share in the total final energy consumption,Geothermal aquifers,Normal value,Units,Percentage (%),0.0004657097882883
2013,Renewable energy share in the total final energy consumption,Landfill gas,Normal value,Units,Percentage (%),0.7968294477613331
2013,Renewable energy share in the total final energy consumption,Sewage gas,Normal value,Units,Percentage (%),0.1490271322522657
2013,Renewable energy share in the total final energy consumption,Biogas from autogen,Normal value,Units,Percentage (%),0.1173588666486592
2013,Renewable energy share in the total final energy consumption,Municipal solid waste (MSW),Normal value,Units,Percentage (%),0.5504689697568064
2013,Renewable energy share in the total final energy consumption,Poultry litter,Normal value,Units,Percentage (%),0.0964019261756843
2013,Renewable energy share in the total final energy consumption,Straw,Normal value,Units,Percentage (%),0.0488995277702746
2013,Renewable energy share in the total final energy consumption,Wood,Normal value,Units,Percentage (%),1.77668284231998
2013,Renewable energy share in the total final energy consumption,Charcoal,Normal value,Units,Percentage (%),0.038188202639643
2013,Renewable energy share in the total final energy consumption,Liquid bio-fuels,Normal value,Units,Percentage (%),0.0256140383558581
2013,Renewable energy share in the total final energy consumption,Bioethanol,Normal value,Units,Percentage (%),0.2291292158378585
2013,Renewable energy share in the total final energy consumption,Biodiesel,Normal value,Units,Percentage (%),0.293397166621648
2013,Renewable energy share in the total final energy consumption,Biomass,Normal value,Units,Percentage (%),0.305971330905433
2013,Renewable energy share in the total final energy consumption,Cross-boundary Adjustment,Normal value,Units,Percentage (%),0.0055885174594599
2014,Renewable energy share in the total final energy consumption,Hydroelectric power,Normal value,Units,Percentage (%),0.2513714530748643
2014,Renewable energy share in the total final energy consumption,"Wind, wave, tidal",Normal value,Units,Percentage (%),1.354448535391622
2014,Renewable energy share in the total final energy consumption,Solar photovoltaic,Normal value,Units,Percentage (%),0.1720169355355444
2014,Renewable energy share in the total final energy consumption,Geothermal aquifers,Normal value,Units,Percentage (%),0.0004928852021075
2014,Renewable energy share in the total final energy consumption,Landfill gas,Normal value,Units,Percentage (%),0.8201609763070083
2014,Renewable energy share in the total final energy consumption,Sewage gas,Normal value,Units,Percentage (%),0.1690596243228989
2014,Renewable energy share in the total final energy consumption,Biogas from autogen,Normal value,Units,Percentage (%),0.1863106063966641
2014,Renewable energy share in the total final energy consumption,Municipal solid waste (MSW),Normal value,Units,Percentage (%),0.721583935885493
2014,Renewable energy share in the total final energy consumption,Poultry litter,Normal value,Units,Percentage (%),0.102520122038376
2014,Renewable energy share in the total final energy consumption,Straw,Normal value,Units,Percentage (%),0.0635821910718774
2014,Renewable energy share in the total final energy consumption,Wood,Normal value,Units,Percentage (%),2.154894103614327
2014,Renewable energy share in the total final energy consumption,Charcoal,Normal value,Units,Percentage (%),0.0404165865728213
2014,Renewable energy share in the total final energy consumption,Liquid bio-fuels,Normal value,Units,Percentage (%),0.0014786556063227
2014,Renewable energy share in the total final energy consumption,Bioethanol,Normal value,Units,Percentage (%),0.2311631597884536
2014,Renewable energy share in the total final energy consumption,Biodiesel,Normal value,Units,Percentage (%),0.386914883654448
2014,Renewable energy share in the total final energy consumption,Biomass,Normal value,Units,Percentage (%),0.5190081178192787
2014,Renewable energy share in the total final energy consumption,Cross-boundary Adjustment,Normal value,Units,Percentage (%),0.0064075076273985
2015,Renewable energy share in the total final energy consumption,Hydroelectric power,Normal value,Units,Percentage (%),0.263834194865982
2015,Renewable energy share in the total final energy consumption,"Wind, wave, tidal",Normal value,Units,Percentage (%),1.6919589200386955
2015,Renewable energy share in the total final energy consumption,Solar photovoltaic,Normal value,Units,Percentage (%),0.3166010338391784
2015,Renewable energy share in the total final energy consumption,Geothermal aquifers,Normal value,Units,Percentage (%),0.0004885818423444
2015,Renewable energy share in the total final energy consumption,Landfill gas,Normal value,Units,Percentage (%),0.7875939298591906
2015,Renewable energy share in the total final energy consumption,Sewage gas,Normal value,Units,Percentage (%),0.1788209542980544
2015,Renewable energy share in the total final energy consumption,Biogas from autogen,Normal value,Units,Percentage (%),0.2960805964607131
2015,Renewable energy share in the total final energy consumption,Municipal solid waste (MSW),Normal value,Units,Percentage (%),0.9537117562562905
2015,Renewable energy share in the total final energy consumption,Poultry litter,Normal value,Units,Percentage (%),0.1084651690004592
2015,Renewable energy share in the total final energy consumption,Straw,Normal value,Units,Percentage (%),0.0815931676715166
2015,Renewable energy share in the total final energy consumption,Wood,Normal value,Units,Percentage (%),2.7008804244799043
2015,Renewable energy share in the total final energy consumption,Charcoal,Normal value,Units,Percentage (%),0.0390865473875528
2015,Renewable energy share in the total final energy consumption,Liquid bio-fuels,Normal value,Units,Percentage (%),0.0019543273693776
2015,Renewable energy share in the total final energy consumption,Bioethanol,Normal value,Units,Percentage (%),0.2257248111631179
2015,Renewable energy share in the total final energy consumption,Biodiesel,Normal value,Units,Percentage (%),0.2706743406588037
2015,Renewable energy share in the total final energy consumption,Biomass,Normal value,Units,Percentage (%),0.5980241750295592
2015,Renewable energy share in the total final energy consumption,Cross-boundary Adjustment,Normal value,Units,Percentage (%),0.0048858184234441
2016,Renewable energy share in the total final energy consumption,Hydroelectric power,Normal value,Units,Percentage (%),0.2271750779062359
2016,Renewable energy share in the total final energy consumption,"Wind, wave, tidal",Normal value,Units,Percentage (%),1.5778790737183128
2016,Renewable energy share in the total final energy consumption,Solar photovoltaic,Normal value,Units,Percentage (%),0.4415098253221195
2016,Renewable energy share in the total final energy consumption,Geothermal aquifers,Normal value,Units,Percentage (%),0.0004938588650135
2016,Renewable energy share in the total final energy consumption,Landfill gas,Normal value,Units,Percentage (%),0.7684443939610939
2016,Renewable energy share in the total final energy consumption,Sewage gas,Normal value,Units,Percentage (%),0.1911233807602463
2016,Renewable energy share in the total final energy consumption,Biogas from autogen,Normal value,Units,Percentage (%),0.3758265962753164
2016,Renewable energy share in the total final energy consumption,Municipal solid waste (MSW),Normal value,Units,Percentage (%),1.181310405112427
2016,Renewable energy share in the total final energy consumption,Poultry litter,Normal value,Units,Percentage (%),0.1121059623580773
2016,Renewable energy share in the total final energy consumption,Straw,Normal value,Units,Percentage (%),0.1219831396583484
2016,Renewable energy share in the total final energy consumption,Wood,Normal value,Units,Percentage (%),2.76758507953597
2016,Renewable energy share in the total final energy consumption,Charcoal,Normal value,Units,Percentage (%),0.0261745198457184
2016,Renewable energy share in the total final energy consumption,Liquid bio-fuels,Normal value,Units,Percentage (%),0.0004938588650135
2016,Renewable energy share in the total final energy consumption,Bioethanol,Normal value,Units,Percentage (%),0.2227303481211139
2016,Renewable energy share in the total final energy consumption,Biodiesel,Normal value,Units,Percentage (%),0.2894012948979441
2016,Renewable energy share in the total final energy consumption,Biomass,Normal value,Units,Percentage (%),0.6775743627985995
2016,Renewable energy share in the total final energy consumption,Cross-boundary Adjustment,Normal value,Units,Percentage (%),0.004444729785122
2017,Renewable energy share in the total final energy consumption,Hydroelectric power,Normal value,Units,Percentage (%),0.2572418628346036
2017,Renewable energy share in the total final energy consumption,"Wind, wave, tidal",Normal value,Units,Percentage (%),2.152761314858996
2017,Renewable energy share in the total final energy consumption,Solar photovoltaic,Normal value,Units,Percentage (%),0.4968298723374206
2017,Renewable energy share in the total final energy consumption,Geothermal aquifers,Normal value,Units,Percentage (%),0.0005043958094796
2017,Renewable energy share in the total final energy consumption,Landfill gas,Normal value,Units,Percentage (%),0.7157376536515735
2017,Renewable energy share in the total final energy consumption,Sewage gas,Normal value,Units,Percentage (%),0.2007495321728867
2017,Renewable energy share in the total final energy consumption,Biogas from autogen,Normal value,Units,Percentage (%),0.4665661237686437
2017,Renewable energy share in the total final energy consumption,Municipal solid waste (MSW),Normal value,Units,Percentage (%),1.2917576680772935
2017,Renewable energy share in the total final energy consumption,Poultry litter,Normal value,Units,Percentage (%),0.1089494948475968
2017,Renewable energy share in the total final energy consumption,Straw,Normal value,Units,Percentage (%),0.1316473062741794
2017,Renewable energy share in the total final energy consumption,Wood,Normal value,Units,Percentage (%),2.8463055528934667
2017,Renewable energy share in the total final energy consumption,Charcoal,Normal value,Units,Percentage (%),0.0448912270436857
2017,Renewable energy share in the total final energy consumption,Liquid bio-fuels,Normal value,Units,Percentage (%),0.0005043958094796
2017,Renewable energy share in the total final energy consumption,Bioethanol,Normal value,Units,Percentage (%),0.2279869058847859
2017,Renewable energy share in the total final energy consumption,Biodiesel,Normal value,Units,Percentage (%),0.2895231946412989
2017,Renewable energy share in the total final energy consumption,Biomass,Normal value,Units,Percentage (%),0.8831970623988056
2017,Renewable energy share in the total final energy consumption,Cross-boundary Adjustment,Normal value,Units,Percentage (%),0.0045395622853165
2018,Renewable energy share in the total final energy consumption,Hydroelectric power,Normal value,Units,Percentage (%),0.2340124673876242
2018,Renewable energy share in the total final energy consumption,"Wind, wave, tidal",Normal value,Units,Percentage (%),2.436219155165203
2018,Renewable energy share in the total final energy consumption,Solar photovoltaic,Normal value,Units,Percentage (%),0.5451992591264863
2018,Renewable energy share in the total final energy consumption,Geothermal aquifers,Normal value,Units,Percentage (%),0.0004978988667821
2018,Renewable energy share in the total final energy consumption,Landfill gas,Normal value,Units,Percentage (%),0.6462727290832687
2018,Renewable energy share in the total final energy consumption,Sewage gas,Normal value,Units,Percentage (%),0.2026448387803469
2018,Renewable energy share in the total final energy consumption,Biogas from autogen,Normal value,Units,Percentage (%),0.4874429905797535
2018,Renewable energy share in the total final energy consumption,Municipal solid waste (MSW),Normal value,Units,Percentage (%),1.4598394774053494
2018,Renewable energy share in the total final energy consumption,Poultry litter,Normal value,Units,Percentage (%),0.1065503574913863
2018,Renewable energy share in the total final energy consumption,Straw,Normal value,Units,Percentage (%),0.1289558064965844
2018,Renewable energy share in the total final energy consumption,Wood,Normal value,Units,Percentage (%),3.197506522475155
2018,Renewable energy share in the total final energy consumption,Charcoal,Normal value,Units,Percentage (%),0.0532751787456931
2018,Renewable energy share in the total final energy consumption,Liquid bio-fuels,Normal value,Units,Percentage (%),0.0
2018,Renewable energy share in the total final energy consumption,Bioethanol,Normal value,Units,Percentage (%),0.2220628945848519
2018,Renewable energy share in the total final energy consumption,Biodiesel,Normal value,Units,Percentage (%),0.4675270359084663
2018,Renewable energy share in the total final energy consumption,Biomass,Normal value,Units,Percentage (%),1.0286590587719822
2018,Renewable energy share in the total final energy consumption,Cross-boundary Adjustment,Normal value,Units,Percentage (%),0.0064726852681683
2019,Renewable energy share in the total final energy consumption,Hydroelectric power,Normal value,Units,Percentage (%),0.2611554335692266
2019,Renewable energy share in the total final energy consumption,"Wind, wave, tidal",Normal value,Units,Percentage (%),2.8327683500097294
2019,Renewable energy share in the total final energy consumption,Solar photovoltaic,Normal value,Units,Percentage (%),0.5689091895988447
2019,Renewable energy share in the total final energy consumption,Geothermal aquifers,Normal value,Units,Percentage (%),0.0005120694775867
2019,Renewable energy share in the total final energy consumption,Landfill gas,Normal value,Units,Percentage (%),0.6155075120592362
2019,Renewable energy share in the total final energy consumption,Sewage gas,Normal value,Units,Percentage (%),0.2201898753622891
2019,Renewable energy share in the total final energy consumption,Biogas from autogen,Normal value,Units,Percentage (%),0.5212867281832799
2019,Renewable energy share in the total final energy consumption,Municipal solid waste (MSW),Normal value,Units,Percentage (%),1.668834427455117
2019,Renewable energy share in the total final energy consumption,Poultry litter,Normal value,Units,Percentage (%),0.1136794240242516
2019,Renewable energy share in the total final energy consumption,Straw,Normal value,Units,Percentage (%),0.1710312055139641
2019,Renewable energy share in the total final energy consumption,Wood,Normal value,Units,Percentage (%),3.531231117438014
2019,Renewable energy share in the total final energy consumption,Charcoal,Normal value,Units,Percentage (%),0.0348207244758968
2019,Renewable energy share in the total final energy consumption,Liquid bio-fuels,Normal value,Units,Percentage (%),0.0
2019,Renewable energy share in the total final energy consumption,Bioethanol,Normal value,Units,Percentage (%),0.2268467785709165
2019,Renewable energy share in the total final energy consumption,Biodiesel,Normal value,Units,Percentage (%),0.675931710414469
2019,Renewable energy share in the total final energy consumption,Biomass,Normal value,Units,Percentage (%),1.0804665977079768
2019,Renewable energy share in the total final energy consumption,Cross-boundary Adjustment,Normal value,Units,Percentage (%),0.0092172505965609
