Year,Series,Renewable and waste source,Observation status,Unit multiplier,Units,Value
1990,Renewable energy share in the total final energy consumption,,Normal value,Units,Percentage (%),0.7
1991,Renewable energy share in the total final energy consumption,,Normal value,Units,Percentage (%),0.7
1992,Renewable energy share in the total final energy consumption,,Normal value,Units,Percentage (%),0.8
1993,Renewable energy share in the total final energy consumption,,Normal value,Units,Percentage (%),0.8
1994,Renewable energy share in the total final energy consumption,,Normal value,Units,Percentage (%),1.1
1995,Renewable energy share in the total final energy consumption,,Normal value,Units,Percentage (%),1.1
1996,Renewable energy share in the total final energy consumption,,Normal value,Units,Percentage (%),1.1
1997,Renewable energy share in the total final energy consumption,,Normal value,Units,Percentage (%),1.1
1998,Renewable energy share in the total final energy consumption,,Normal value,Units,Percentage (%),1.2
1999,Renewable energy share in the total final energy consumption,,Normal value,Units,Percentage (%),1.3
2000,Renewable energy share in the total final energy consumption,,Normal value,Units,Percentage (%),1.3
2001,Renewable energy share in the total final energy consumption,,Normal value,Units,Percentage (%),1.3
2002,Renewable energy share in the total final energy consumption,,Normal value,Units,Percentage (%),1.5
2003,Renewable energy share in the total final energy consumption,,Normal value,Units,Percentage (%),1.5
2004,Renewable energy share in the total final energy consumption,,Normal value,Units,Percentage (%),1.8
2005,Renewable energy share in the total final energy consumption,,Normal value,Units,Percentage (%),2.0
2006,Renewable energy share in the total final energy consumption,,Normal value,Units,Percentage (%),2.2
2007,Renewable energy share in the total final energy consumption,,Normal value,Units,Percentage (%),2.3
2008,Renewable energy share in the total final energy consumption,,Normal value,Units,Percentage (%),2.7
2009,Renewable energy share in the total final energy consumption,,Normal value,Units,Percentage (%),3.3
2010,Renewable energy share in the total final energy consumption,,Normal value,Units,Percentage (%),3.5
2011,Renewable energy share in the total final energy consumption,,Normal value,Units,Percentage (%),4.1
2012,Renewable energy share in the total final energy consumption,,Normal value,Units,Percentage (%),4.4
2013,Renewable energy share in the total final energy consumption,,Normal value,Units,Percentage (%),5.2
2014,Renewable energy share in the total final energy consumption,,Normal value,Units,Percentage (%),6.6
2015,Renewable energy share in the total final energy consumption,,Normal value,Units,Percentage (%),7.9
2016,Renewable energy share in the total final energy consumption,,Normal value,Units,Percentage (%),8.3
2017,Renewable energy share in the total final energy consumption,,Normal value,Units,Percentage (%),9.4
2018,Renewable energy share in the total final energy consumption,,Normal value,Units,Percentage (%),10.6
2019,Renewable energy share in the total final energy consumption,,Normal value,Units,Percentage (%),11.5
2020,Renewable energy share in the total final energy consumption,,Normal value,Units,Percentage (%),13.9
2021,Renewable energy share in the total final energy consumption,,Normal value,Units,Percentage (%),13.2
1990,Renewable energy share in the total final energy consumption,Hydroelectric power,Normal value,Units,Percentage (%),0.1985190830899849
1990,Renewable energy share in the total final energy consumption,"Wind, wave, tidal",Normal value,Units,Percentage (%),0.0004431229533258
1990,Renewable energy share in the total final energy consumption,Solar photovoltaic,Normal value,Units,Percentage (%),0.0
1990,Renewable energy share in the total final energy consumption,Geothermal aquifers,Normal value,Units,Percentage (%),0.0004431229533258
1990,Renewable energy share in the total final energy consumption,Landfill gas,Normal value,Units,Percentage (%),0.0354498362660687
1990,Renewable energy share in the total final energy consumption,Sewage gas,Normal value,Units,Percentage (%),0.0611509675589685
1990,Renewable energy share in the total final energy consumption,Biogas from autogen,Normal value,Units,Percentage (%),0.0
1990,Renewable energy share in the total final energy consumption,Municipal solid waste (MSW),Normal value,Units,Percentage (%),0.0810915004586322
1990,Renewable energy share in the total final energy consumption,Poultry litter,Normal value,Units,Percentage (%),0.0
1990,Renewable energy share in the total final energy consumption,Straw,Normal value,Units,Percentage (%),0.003101860673281
1990,Renewable energy share in the total final energy consumption,Wood,Normal value,Units,Percentage (%),0.1790216731436471
1990,Renewable energy share in the total final energy consumption,Charcoal,Normal value,Units,Percentage (%),0.0172817951797085
1990,Renewable energy share in the total final energy consumption,Liquid bio-fuels,Normal value,Units,Percentage (%),0.0
1990,Renewable energy share in the total final energy consumption,Bioethanol,Normal value,Units,Percentage (%),0.0
1990,Renewable energy share in the total final energy consumption,Biodiesel,Normal value,Units,Percentage (%),0.0
1990,Renewable energy share in the total final energy consumption,Biomass,Normal value,Units,Percentage (%),0.0288029919661808
1990,Renewable energy share in the total final energy consumption,Cross-boundary Adjustment,Normal value,Units,Percentage (%),0.0
1991,Renewable energy share in the total final energy consumption,Hydroelectric power,Normal value,Units,Percentage (%),0.1721609661777237
1991,Renewable energy share in the total final energy consumption,"Wind, wave, tidal",Normal value,Units,Percentage (%),0.0004325652416525
1991,Renewable energy share in the total final energy consumption,Solar photovoltaic,Normal value,Units,Percentage (%),0.0
1991,Renewable energy share in the total final energy consumption,Geothermal aquifers,Normal value,Units,Percentage (%),0.0004325652416525
1991,Renewable energy share in the total final energy consumption,Landfill gas,Normal value,Units,Percentage (%),0.04541935037352
1991,Renewable energy share in the total final energy consumption,Sewage gas,Normal value,Units,Percentage (%),0.0653173514895384
1991,Renewable energy share in the total final energy consumption,Biogas from autogen,Normal value,Units,Percentage (%),0.0
1991,Renewable energy share in the total final energy consumption,Municipal solid waste (MSW),Normal value,Units,Percentage (%),0.0800245697057258
1991,Renewable energy share in the total final energy consumption,Poultry litter,Normal value,Units,Percentage (%),0.0
1991,Renewable energy share in the total final energy consumption,Straw,Normal value,Units,Percentage (%),0.003027956691568
1991,Renewable energy share in the total final energy consumption,Wood,Normal value,Units,Percentage (%),0.1747563576276392
1991,Renewable energy share in the total final energy consumption,Charcoal,Normal value,Units,Percentage (%),0.0155723486994925
1991,Renewable energy share in the total final energy consumption,Liquid bio-fuels,Normal value,Units,Percentage (%),0.0
1991,Renewable energy share in the total final energy consumption,Bioethanol,Normal value,Units,Percentage (%),0.0
1991,Renewable energy share in the total final energy consumption,Biodiesel,Normal value,Units,Percentage (%),0.0
1991,Renewable energy share in the total final energy consumption,Biomass,Normal value,Units,Percentage (%),0.0281167407074172
1991,Renewable energy share in the total final energy consumption,Cross-boundary Adjustment,Normal value,Units,Percentage (%),0.0
1992,Renewable energy share in the total final energy consumption,Hydroelectric power,Normal value,Units,Percentage (%),0.204231573239104
1992,Renewable energy share in the total final energy consumption,"Wind, wave, tidal",Normal value,Units,Percentage (%),0.0013119801278743
1992,Renewable energy share in the total final energy consumption,Solar photovoltaic,Normal value,Units,Percentage (%),0.0
1992,Renewable energy share in the total final energy consumption,Geothermal aquifers,Normal value,Units,Percentage (%),0.0004373267092914
1992,Renewable energy share in the total final energy consumption,Landfill gas,Normal value,Units,Percentage (%),0.0677856399401737
1992,Renewable energy share in the total final energy consumption,Sewage gas,Normal value,Units,Percentage (%),0.0660363331030079
1992,Renewable energy share in the total final energy consumption,Biogas from autogen,Normal value,Units,Percentage (%),0.0
1992,Renewable energy share in the total final energy consumption,Municipal solid waste (MSW),Normal value,Units,Percentage (%),0.0922759356604945
1992,Renewable energy share in the total final energy consumption,Poultry litter,Normal value,Units,Percentage (%),0.006997227348663
1992,Renewable energy share in the total final energy consumption,Straw,Normal value,Units,Percentage (%),0.0030612869650401
1992,Renewable energy share in the total final energy consumption,Wood,Normal value,Units,Percentage (%),0.1766799905537431
1992,Renewable energy share in the total final energy consumption,Charcoal,Normal value,Units,Percentage (%),0.0144317814066176
1992,Renewable energy share in the total final energy consumption,Liquid bio-fuels,Normal value,Units,Percentage (%),0.0
1992,Renewable energy share in the total final energy consumption,Bioethanol,Normal value,Units,Percentage (%),0.0
1992,Renewable energy share in the total final energy consumption,Biodiesel,Normal value,Units,Percentage (%),0.0
1992,Renewable energy share in the total final energy consumption,Biomass,Normal value,Units,Percentage (%),0.0284262361039438
1992,Renewable energy share in the total final energy consumption,Cross-boundary Adjustment,Normal value,Units,Percentage (%),0.0
1993,Renewable energy share in the total final energy consumption,Hydroelectric power,Normal value,Units,Percentage (%),0.1598949015133836
1993,Renewable energy share in the total final energy consumption,"Wind, wave, tidal",Normal value,Units,Percentage (%),0.0082108192669034
1993,Renewable energy share in the total final energy consumption,Solar photovoltaic,Normal value,Units,Percentage (%),0.0
1993,Renewable energy share in the total final energy consumption,Geothermal aquifers,Normal value,Units,Percentage (%),0.0004321483824686
1993,Renewable energy share in the total final energy consumption,Landfill gas,Normal value,Units,Percentage (%),0.0700080379599139
1993,Renewable energy share in the total final energy consumption,Sewage gas,Normal value,Units,Percentage (%),0.0682794444300395
1993,Renewable energy share in the total final energy consumption,Biogas from autogen,Normal value,Units,Percentage (%),0.0
1993,Renewable energy share in the total final energy consumption,Municipal solid waste (MSW),Normal value,Units,Percentage (%),0.1162479148840546
1993,Renewable energy share in the total final energy consumption,Poultry litter,Normal value,Units,Percentage (%),0.0185823804461499
1993,Renewable energy share in the total final energy consumption,Straw,Normal value,Units,Percentage (%),0.0030250386772802
1993,Renewable energy share in the total final energy consumption,Wood,Normal value,Units,Percentage (%),0.1745879465173162
1993,Renewable energy share in the total final energy consumption,Charcoal,Normal value,Units,Percentage (%),0.0146930450039325
1993,Renewable energy share in the total final energy consumption,Liquid bio-fuels,Normal value,Units,Percentage (%),0.0
1993,Renewable energy share in the total final energy consumption,Bioethanol,Normal value,Units,Percentage (%),0.0
1993,Renewable energy share in the total final energy consumption,Biodiesel,Normal value,Units,Percentage (%),0.0
1993,Renewable energy share in the total final energy consumption,Biomass,Normal value,Units,Percentage (%),0.0280896448604592
1993,Renewable energy share in the total final energy consumption,Cross-boundary Adjustment,Normal value,Units,Percentage (%),0.0
1994,Renewable energy share in the total final energy consumption,Hydroelectric power,Normal value,Units,Percentage (%),0.1897196221200951
1994,Renewable energy share in the total final energy consumption,"Wind, wave, tidal",Normal value,Units,Percentage (%),0.0129944946657599
1994,Renewable energy share in the total final energy consumption,Solar photovoltaic,Normal value,Units,Percentage (%),0.0
1994,Renewable energy share in the total final energy consumption,Geothermal aquifers,Normal value,Units,Percentage (%),0.0004331498221919
1994,Renewable energy share in the total final energy consumption,Landfill gas,Normal value,Units,Percentage (%),0.0814321665720956
1994,Renewable energy share in the total final energy consumption,Sewage gas,Normal value,Units,Percentage (%),0.0736354697726396
1994,Renewable energy share in the total final energy consumption,Biogas from autogen,Normal value,Units,Percentage (%),0.0
1994,Renewable energy share in the total final energy consumption,Municipal solid waste (MSW),Normal value,Units,Percentage (%),0.1671958313661112
1994,Renewable energy share in the total final energy consumption,Poultry litter,Normal value,Units,Percentage (%),0.0437481320413918
1994,Renewable energy share in the total final energy consumption,Straw,Normal value,Units,Percentage (%),0.0030320487553439
1994,Renewable energy share in the total final energy consumption,Wood,Normal value,Units,Percentage (%),0.3361242620209904
1994,Renewable energy share in the total final energy consumption,Charcoal,Normal value,Units,Percentage (%),0.0147270939545279
1994,Renewable energy share in the total final energy consumption,Liquid bio-fuels,Normal value,Units,Percentage (%),0.0
1994,Renewable energy share in the total final energy consumption,Bioethanol,Normal value,Units,Percentage (%),0.0
1994,Renewable energy share in the total final energy consumption,Biodiesel,Normal value,Units,Percentage (%),0.0
1994,Renewable energy share in the total final energy consumption,Biomass,Normal value,Units,Percentage (%),0.0281547384424798
1994,Renewable energy share in the total final energy consumption,Cross-boundary Adjustment,Normal value,Units,Percentage (%),0.0
1995,Renewable energy share in the total final energy consumption,Hydroelectric power,Normal value,Units,Percentage (%),0.1800437125359762
1995,Renewable energy share in the total final energy consumption,"Wind, wave, tidal",Normal value,Units,Percentage (%),0.0147151111207288
1995,Renewable energy share in the total final energy consumption,Solar photovoltaic,Normal value,Units,Percentage (%),0.0
1995,Renewable energy share in the total final energy consumption,Geothermal aquifers,Normal value,Units,Percentage (%),0.0004327973859037
1995,Renewable energy share in the total final energy consumption,Landfill gas,Normal value,Units,Percentage (%),0.086126679794854
1995,Renewable energy share in the total final energy consumption,Sewage gas,Normal value,Units,Percentage (%),0.0835298954794313
1995,Renewable energy share in the total final energy consumption,Biogas from autogen,Normal value,Units,Percentage (%),0.0
1995,Renewable energy share in the total final energy consumption,Municipal solid waste (MSW),Normal value,Units,Percentage (%),0.1787453203782649
1995,Renewable energy share in the total final energy consumption,Poultry litter,Normal value,Units,Percentage (%),0.0437125359762827
1995,Renewable energy share in the total final energy consumption,Straw,Normal value,Units,Percentage (%),0.0030295817013265
1995,Renewable energy share in the total final energy consumption,Wood,Normal value,Units,Percentage (%),0.3678777780182207
1995,Renewable energy share in the total final energy consumption,Charcoal,Normal value,Units,Percentage (%),0.0151479085066326
1995,Renewable energy share in the total final energy consumption,Liquid bio-fuels,Normal value,Units,Percentage (%),0.0
1995,Renewable energy share in the total final energy consumption,Bioethanol,Normal value,Units,Percentage (%),0.0
1995,Renewable energy share in the total final energy consumption,Biodiesel,Normal value,Units,Percentage (%),0.0
1995,Renewable energy share in the total final energy consumption,Biomass,Normal value,Units,Percentage (%),0.0281318300837462
1995,Renewable energy share in the total final energy consumption,Cross-boundary Adjustment,Normal value,Units,Percentage (%),0.0
1996,Renewable energy share in the total final energy consumption,Hydroelectric power,Normal value,Units,Percentage (%),0.119933625774229
1996,Renewable energy share in the total final energy consumption,"Wind, wave, tidal",Normal value,Units,Percentage (%),0.0172507269949233
1996,Renewable energy share in the total final energy consumption,Solar photovoltaic,Normal value,Units,Percentage (%),0.0
1996,Renewable energy share in the total final energy consumption,Geothermal aquifers,Normal value,Units,Percentage (%),0.0004107315951172
1996,Renewable energy share in the total final energy consumption,Landfill gas,Normal value,Units,Percentage (%),0.1022721671841884
1996,Renewable energy share in the total final energy consumption,Sewage gas,Normal value,Units,Percentage (%),0.079271197857624
1996,Renewable energy share in the total final energy consumption,Biogas from autogen,Normal value,Units,Percentage (%),0.0
1996,Renewable energy share in the total final energy consumption,Municipal solid waste (MSW),Normal value,Units,Percentage (%),0.1634711748566547
1996,Renewable energy share in the total final energy consumption,Poultry litter,Normal value,Units,Percentage (%),0.0414838911068395
1996,Renewable energy share in the total final energy consumption,Straw,Normal value,Units,Percentage (%),0.0028751211658205
1996,Renewable energy share in the total final energy consumption,Wood,Normal value,Units,Percentage (%),0.354050634991046
1996,Renewable energy share in the total final energy consumption,Charcoal,Normal value,Units,Percentage (%),0.0168399953998061
1996,Renewable energy share in the total final energy consumption,Liquid bio-fuels,Normal value,Units,Percentage (%),0.0
1996,Renewable energy share in the total final energy consumption,Bioethanol,Normal value,Units,Percentage (%),0.0
1996,Renewable energy share in the total final energy consumption,Biodiesel,Normal value,Units,Percentage (%),0.0
1996,Renewable energy share in the total final energy consumption,Biomass,Normal value,Units,Percentage (%),0.0266975536826194
1996,Renewable energy share in the total final energy consumption,Cross-boundary Adjustment,Normal value,Units,Percentage (%),0.0
1997,Renewable energy share in the total final energy consumption,Hydroelectric power,Normal value,Units,Percentage (%),0.1569578414559708
1997,Renewable energy share in the total final energy consumption,"Wind, wave, tidal",Normal value,Units,Percentage (%),0.0236682459338368
1997,Renewable energy share in the total final energy consumption,Solar photovoltaic,Normal value,Units,Percentage (%),0.0
1997,Renewable energy share in the total final energy consumption,Geothermal aquifers,Normal value,Units,Percentage (%),0.0004152323848041
1997,Renewable energy share in the total final energy consumption,Landfill gas,Normal value,Units,Percentage (%),0.1316286659829173
1997,Renewable energy share in the total final energy consumption,Sewage gas,Normal value,Units,Percentage (%),0.0797246178823978
1997,Renewable energy share in the total final energy consumption,Biogas from autogen,Normal value,Units,Percentage (%),0.0
1997,Renewable energy share in the total final energy consumption,Municipal solid waste (MSW),Normal value,Units,Percentage (%),0.1934982913187365
1997,Renewable energy share in the total final energy consumption,Poultry litter,Normal value,Units,Percentage (%),0.0419384708652197
1997,Renewable energy share in the total final energy consumption,Straw,Normal value,Units,Percentage (%),0.002906626693629
1997,Renewable energy share in the total final energy consumption,Wood,Normal value,Units,Percentage (%),0.2736381415859386
1997,Renewable energy share in the total final energy consumption,Charcoal,Normal value,Units,Percentage (%),0.0157788306225579
1997,Renewable energy share in the total final energy consumption,Liquid bio-fuels,Normal value,Units,Percentage (%),0.0
1997,Renewable energy share in the total final energy consumption,Bioethanol,Normal value,Units,Percentage (%),0.0
1997,Renewable energy share in the total final energy consumption,Biodiesel,Normal value,Units,Percentage (%),0.0
1997,Renewable energy share in the total final energy consumption,Biomass,Normal value,Units,Percentage (%),0.0269901050122701
1997,Renewable energy share in the total final energy consumption,Cross-boundary Adjustment,Normal value,Units,Percentage (%),0.0
1998,Renewable energy share in the total final energy consumption,Hydroelectric power,Normal value,Units,Percentage (%),0.1782581745552661
1998,Renewable energy share in the total final energy consumption,"Wind, wave, tidal",Normal value,Units,Percentage (%),0.0303849161173749
1998,Renewable energy share in the total final energy consumption,Solar photovoltaic,Normal value,Units,Percentage (%),0.0
1998,Renewable energy share in the total final energy consumption,Geothermal aquifers,Normal value,Units,Percentage (%),0.0004051322148983
1998,Renewable energy share in the total final energy consumption,Landfill gas,Normal value,Units,Percentage (%),0.1628631503891295
1998,Renewable energy share in the total final energy consumption,Sewage gas,Normal value,Units,Percentage (%),0.0733289308965981
1998,Renewable energy share in the total final energy consumption,Biogas from autogen,Normal value,Units,Percentage (%),0.0
1998,Renewable energy share in the total final energy consumption,Municipal solid waste (MSW),Normal value,Units,Percentage (%),0.2633359396839158
1998,Renewable energy share in the total final energy consumption,Poultry litter,Normal value,Units,Percentage (%),0.0453748080686131
1998,Renewable energy share in the total final energy consumption,Straw,Normal value,Units,Percentage (%),0.0028359255042883
1998,Renewable energy share in the total final energy consumption,Wood,Normal value,Units,Percentage (%),0.3018235000992574
1998,Renewable energy share in the total final energy consumption,Charcoal,Normal value,Units,Percentage (%),0.0162052885959332
1998,Renewable energy share in the total final energy consumption,Liquid bio-fuels,Normal value,Units,Percentage (%),0.0
1998,Renewable energy share in the total final energy consumption,Bioethanol,Normal value,Units,Percentage (%),0.0
1998,Renewable energy share in the total final energy consumption,Biodiesel,Normal value,Units,Percentage (%),0.0
1998,Renewable energy share in the total final energy consumption,Biomass,Normal value,Units,Percentage (%),0.0117488342320516
1998,Renewable energy share in the total final energy consumption,Cross-boundary Adjustment,Normal value,Units,Percentage (%),0.0
1999,Renewable energy share in the total final energy consumption,Hydroelectric power,Normal value,Units,Percentage (%),0.1864845429097276
1999,Renewable energy share in the total final energy consumption,"Wind, wave, tidal",Normal value,Units,Percentage (%),0.0296587617263837
1999,Renewable energy share in the total final energy consumption,Solar photovoltaic,Normal value,Units,Percentage (%),0.0
1999,Renewable energy share in the total final energy consumption,Geothermal aquifers,Normal value,Units,Percentage (%),0.0004062844072107
1999,Renewable energy share in the total final energy consumption,Landfill gas,Normal value,Units,Percentage (%),0.2323946809245407
1999,Renewable energy share in the total final energy consumption,Sewage gas,Normal value,Units,Percentage (%),0.076787752962829
1999,Renewable energy share in the total final energy consumption,Biogas from autogen,Normal value,Units,Percentage (%),0.0
1999,Renewable energy share in the total final energy consumption,Municipal solid waste (MSW),Normal value,Units,Percentage (%),0.2571780297643957
1999,Renewable energy share in the total final energy consumption,Poultry litter,Normal value,Units,Percentage (%),0.0601300922671888
1999,Renewable energy share in the total final energy consumption,Straw,Normal value,Units,Percentage (%),0.0028439908504751
1999,Renewable energy share in the total final energy consumption,Wood,Normal value,Units,Percentage (%),0.2547403233211312
1999,Renewable energy share in the total final energy consumption,Charcoal,Normal value,Units,Percentage (%),0.0134073854379542
1999,Renewable energy share in the total final energy consumption,Liquid bio-fuels,Normal value,Units,Percentage (%),0.0
1999,Renewable energy share in the total final energy consumption,Bioethanol,Normal value,Units,Percentage (%),0.0
1999,Renewable energy share in the total final energy consumption,Biodiesel,Normal value,Units,Percentage (%),0.0
1999,Renewable energy share in the total final energy consumption,Biomass,Normal value,Units,Percentage (%),0.0296587617263837
1999,Renewable energy share in the total final energy consumption,Cross-boundary Adjustment,Normal value,Units,Percentage (%),0.0
2000,Renewable energy share in the total final energy consumption,Hydroelectric power,Normal value,Units,Percentage (%),0.1761138090152538
2000,Renewable energy share in the total final energy consumption,"Wind, wave, tidal",Normal value,Units,Percentage (%),0.0326435206641545
2000,Renewable energy share in the total final energy consumption,Solar photovoltaic,Normal value,Units,Percentage (%),0.0
2000,Renewable energy share in the total final energy consumption,Geothermal aquifers,Normal value,Units,Percentage (%),0.0004030064279525
2000,Renewable energy share in the total final energy consumption,Landfill gas,Normal value,Units,Percentage (%),0.2945976988332964
2000,Renewable energy share in the total final energy consumption,Sewage gas,Normal value,Units,Percentage (%),0.0681080863239768
2000,Renewable energy share in the total final energy consumption,Biogas from autogen,Normal value,Units,Percentage (%),0.0
2000,Renewable energy share in the total final energy consumption,Municipal solid waste (MSW),Normal value,Units,Percentage (%),0.2740443710077175
2000,Renewable energy share in the total final energy consumption,Poultry litter,Normal value,Units,Percentage (%),0.0640780220444516
2000,Renewable energy share in the total final energy consumption,Straw,Normal value,Units,Percentage (%),0.0060450964192878
2000,Renewable energy share in the total final energy consumption,Wood,Normal value,Units,Percentage (%),0.1749047897313962
2000,Renewable energy share in the total final energy consumption,Charcoal,Normal value,Units,Percentage (%),0.0145082314062909
2000,Renewable energy share in the total final energy consumption,Liquid bio-fuels,Normal value,Units,Percentage (%),0.0
2000,Renewable energy share in the total final energy consumption,Bioethanol,Normal value,Units,Percentage (%),0.0
2000,Renewable energy share in the total final energy consumption,Biodiesel,Normal value,Units,Percentage (%),0.0
2000,Renewable energy share in the total final energy consumption,Biomass,Normal value,Units,Percentage (%),0.0362705785157273
2000,Renewable energy share in the total final energy consumption,Cross-boundary Adjustment,Normal value,Units,Percentage (%),0.0
2001,Renewable energy share in the total final energy consumption,Hydroelectric power,Normal value,Units,Percentage (%),0.1375640878670846
2001,Renewable energy share in the total final energy consumption,"Wind, wave, tidal",Normal value,Units,Percentage (%),0.0328098255545058
2001,Renewable energy share in the total final energy consumption,Solar photovoltaic,Normal value,Units,Percentage (%),0.0
2001,Renewable energy share in the total final energy consumption,Geothermal aquifers,Normal value,Units,Percentage (%),0.0003952991030663
2001,Renewable energy share in the total final energy consumption,Landfill gas,Normal value,Units,Percentage (%),0.3304700501634561
2001,Renewable energy share in the total final energy consumption,Sewage gas,Normal value,Units,Percentage (%),0.0664102493151443
2001,Renewable energy share in the total final energy consumption,Biogas from autogen,Normal value,Units,Percentage (%),0.0
2001,Renewable energy share in the total final energy consumption,Municipal solid waste (MSW),Normal value,Units,Percentage (%),0.2893589434445573
2001,Renewable energy share in the total final energy consumption,Poultry litter,Normal value,Units,Percentage (%),0.0786645215102006
2001,Renewable energy share in the total final energy consumption,Straw,Normal value,Units,Percentage (%),0.0300427318330414
2001,Renewable energy share in the total final energy consumption,Wood,Normal value,Units,Percentage (%),0.1517948555774727
2001,Renewable energy share in the total final energy consumption,Charcoal,Normal value,Units,Percentage (%),0.013044870401189
2001,Renewable energy share in the total final energy consumption,Liquid bio-fuels,Normal value,Units,Percentage (%),0.0
2001,Renewable energy share in the total final energy consumption,Bioethanol,Normal value,Units,Percentage (%),0.0
2001,Renewable energy share in the total final energy consumption,Biodiesel,Normal value,Units,Percentage (%),0.0
2001,Renewable energy share in the total final energy consumption,Biomass,Normal value,Units,Percentage (%),0.0308333300391741
2001,Renewable energy share in the total final energy consumption,Cross-boundary Adjustment,Normal value,Units,Percentage (%),0.0
2002,Renewable energy share in the total final energy consumption,Hydroelectric power,Normal value,Units,Percentage (%),0.1679993801964613
2002,Renewable energy share in the total final energy consumption,"Wind, wave, tidal",Normal value,Units,Percentage (%),0.044038672478684
2002,Renewable energy share in the total final energy consumption,Solar photovoltaic,Normal value,Units,Percentage (%),0.0
2002,Renewable energy share in the total final energy consumption,Geothermal aquifers,Normal value,Units,Percentage (%),0.0004077654859137
2002,Renewable energy share in the total final energy consumption,Landfill gas,Normal value,Units,Percentage (%),0.3637268134350572
2002,Renewable energy share in the total final energy consumption,Sewage gas,Normal value,Units,Percentage (%),0.0709511945489909
2002,Renewable energy share in the total final energy consumption,Biogas from autogen,Normal value,Units,Percentage (%),0.0
2002,Renewable energy share in the total final energy consumption,Municipal solid waste (MSW),Normal value,Units,Percentage (%),0.3249890922732518
2002,Renewable energy share in the total final energy consumption,Poultry litter,Normal value,Units,Percentage (%),0.0795142697531795
2002,Renewable energy share in the total final energy consumption,Straw,Normal value,Units,Percentage (%),0.0248736946407382
2002,Renewable energy share in the total final energy consumption,Wood,Normal value,Units,Percentage (%),0.1565819465908766
2002,Renewable energy share in the total final energy consumption,Charcoal,Normal value,Units,Percentage (%),0.0142717920069809
2002,Renewable energy share in the total final energy consumption,Liquid bio-fuels,Normal value,Units,Percentage (%),0.0
2002,Renewable energy share in the total final energy consumption,Bioethanol,Normal value,Units,Percentage (%),0.0
2002,Renewable energy share in the total final energy consumption,Biodiesel,Normal value,Units,Percentage (%),0.0008155309718274
2002,Renewable energy share in the total final energy consumption,Biomass,Normal value,Units,Percentage (%),0.0746210839222146
2002,Renewable energy share in the total final energy consumption,Cross-boundary Adjustment,Normal value,Units,Percentage (%),0.0
2003,Renewable energy share in the total final energy consumption,Hydroelectric power,Normal value,Units,Percentage (%),0.111968101174054
2003,Renewable energy share in the total final energy consumption,"Wind, wave, tidal",Normal value,Units,Percentage (%),0.0447066878788489
2003,Renewable energy share in the total final energy consumption,Solar photovoltaic,Normal value,Units,Percentage (%),0.0
2003,Renewable energy share in the total final energy consumption,Geothermal aquifers,Normal value,Units,Percentage (%),0.0004027629538635
2003,Renewable energy share in the total final energy consumption,Landfill gas,Normal value,Units,Percentage (%),0.4382060938034919
2003,Renewable energy share in the total final energy consumption,Sewage gas,Normal value,Units,Percentage (%),0.0664558873874781
2003,Renewable energy share in the total final energy consumption,Biogas from autogen,Normal value,Units,Percentage (%),0.0012082888615905
2003,Renewable energy share in the total final energy consumption,Municipal solid waste (MSW),Normal value,Units,Percentage (%),0.3298628592142094
2003,Renewable energy share in the total final energy consumption,Poultry litter,Normal value,Units,Percentage (%),0.0729000946492941
2003,Renewable energy share in the total final energy consumption,Straw,Normal value,Units,Percentage (%),0.0342348510783978
2003,Renewable energy share in the total final energy consumption,Wood,Normal value,Units,Percentage (%),0.1546609742835854
2003,Renewable energy share in the total final energy consumption,Charcoal,Normal value,Units,Percentage (%),0.0149022292929496
2003,Renewable energy share in the total final energy consumption,Liquid bio-fuels,Normal value,Units,Percentage (%),0.0
2003,Renewable energy share in the total final energy consumption,Bioethanol,Normal value,Units,Percentage (%),0.0
2003,Renewable energy share in the total final energy consumption,Biodiesel,Normal value,Units,Percentage (%),0.006444207261816
2003,Renewable energy share in the total final energy consumption,Biomass,Normal value,Units,Percentage (%),0.1224399379745051
2003,Renewable energy share in the total final energy consumption,Cross-boundary Adjustment,Normal value,Units,Percentage (%),0.0
2004,Renewable energy share in the total final energy consumption,Hydroelectric power,Normal value,Units,Percentage (%),0.1674941196741478
2004,Renewable energy share in the total final energy consumption,"Wind, wave, tidal",Normal value,Units,Percentage (%),0.0665168035069582
2004,Renewable energy share in the total final energy consumption,Solar photovoltaic,Normal value,Units,Percentage (%),0.0
2004,Renewable energy share in the total final energy consumption,Geothermal aquifers,Normal value,Units,Percentage (%),0.000400703635584
2004,Renewable energy share in the total final energy consumption,Landfill gas,Normal value,Units,Percentage (%),0.5317337244200816
2004,Renewable energy share in the total final energy consumption,Sewage gas,Normal value,Units,Percentage (%),0.0709245434983831
2004,Renewable energy share in the total final energy consumption,Biogas from autogen,Normal value,Units,Percentage (%),0.0020035181779204
2004,Renewable energy share in the total final energy consumption,Municipal solid waste (MSW),Normal value,Units,Percentage (%),0.3177579830181799
2004,Renewable energy share in the total final energy consumption,Poultry litter,Normal value,Units,Percentage (%),0.06571539623579
2004,Renewable energy share in the total final energy consumption,Straw,Normal value,Units,Percentage (%),0.0320562908467268
2004,Renewable energy share in the total final energy consumption,Wood,Normal value,Units,Percentage (%),0.1606821578692183
2004,Renewable energy share in the total final energy consumption,Charcoal,Normal value,Units,Percentage (%),0.0160281454233634
2004,Renewable energy share in the total final energy consumption,Liquid bio-fuels,Normal value,Units,Percentage (%),0.0044077399914249
2004,Renewable energy share in the total final energy consumption,Bioethanol,Normal value,Units,Percentage (%),0.0
2004,Renewable energy share in the total final energy consumption,Biodiesel,Normal value,Units,Percentage (%),0.0068119618049294
2004,Renewable energy share in the total final energy consumption,Biomass,Normal value,Units,Percentage (%),0.1739053778434931
2004,Renewable energy share in the total final energy consumption,Cross-boundary Adjustment,Normal value,Units,Percentage (%),0.0
2005,Renewable energy share in the total final energy consumption,Hydroelectric power,Normal value,Units,Percentage (%),0.1691837583591975
2005,Renewable energy share in the total final energy consumption,"Wind, wave, tidal",Normal value,Units,Percentage (%),0.0999904009215115
2005,Renewable energy share in the total final energy consumption,Solar photovoltaic,Normal value,Units,Percentage (%),0.000399961603686
2005,Renewable energy share in the total final energy consumption,Geothermal aquifers,Normal value,Units,Percentage (%),0.000399961603686
2005,Renewable energy share in the total final energy consumption,Landfill gas,Normal value,Units,Percentage (%),0.5683454388378716
2005,Renewable energy share in the total final energy consumption,Sewage gas,Normal value,Units,Percentage (%),0.0823920903593255
2005,Renewable energy share in the total final energy consumption,Biogas from autogen,Normal value,Units,Percentage (%),0.0019998080184302
2005,Renewable energy share in the total final energy consumption,Municipal solid waste (MSW),Normal value,Units,Percentage (%),0.3151697437046044
2005,Renewable energy share in the total final energy consumption,Poultry litter,Normal value,Units,Percentage (%),0.0631939333823952
2005,Renewable energy share in the total final energy consumption,Straw,Normal value,Units,Percentage (%),0.0283972738617092
2005,Renewable energy share in the total final energy consumption,Wood,Normal value,Units,Percentage (%),0.234777461363709
2005,Renewable energy share in the total final energy consumption,Charcoal,Normal value,Units,Percentage (%),0.0143986177326976
2005,Renewable energy share in the total final energy consumption,Liquid bio-fuels,Normal value,Units,Percentage (%),0.0691933574376859
2005,Renewable energy share in the total final energy consumption,Bioethanol,Normal value,Units,Percentage (%),0.0191981569769302
2005,Renewable energy share in the total final energy consumption,Biodiesel,Normal value,Units,Percentage (%),0.0107989632995232
2005,Renewable energy share in the total final energy consumption,Biomass,Normal value,Units,Percentage (%),0.1571849102486161
2005,Renewable energy share in the total final energy consumption,Cross-boundary Adjustment,Normal value,Units,Percentage (%),0.000399961603686
2006,Renewable energy share in the total final energy consumption,Hydroelectric power,Normal value,Units,Percentage (%),0.1619609161657496
2006,Renewable energy share in the total final energy consumption,"Wind, wave, tidal",Normal value,Units,Percentage (%),0.1488400318181445
2006,Renewable energy share in the total final energy consumption,Solar photovoltaic,Normal value,Units,Percentage (%),0.0004100276358626
2006,Renewable energy share in the total final energy consumption,Geothermal aquifers,Normal value,Units,Percentage (%),0.0004100276358626
2006,Renewable energy share in the total final energy consumption,Landfill gas,Normal value,Units,Percentage (%),0.6006904865387928
2006,Renewable energy share in the total final energy consumption,Sewage gas,Normal value,Units,Percentage (%),0.0779052508139048
2006,Renewable energy share in the total final energy consumption,Biogas from autogen,Normal value,Units,Percentage (%),0.0024601658151759
2006,Renewable energy share in the total final energy consumption,Municipal solid waste (MSW),Normal value,Units,Percentage (%),0.3522137392060225
2006,Renewable energy share in the total final energy consumption,Poultry litter,Normal value,Units,Percentage (%),0.0602740624718105
2006,Renewable energy share in the total final energy consumption,Straw,Normal value,Units,Percentage (%),0.0307520726896992
2006,Renewable energy share in the total final energy consumption,Wood,Normal value,Units,Percentage (%),0.2074739837465045
2006,Renewable energy share in the total final energy consumption,Charcoal,Normal value,Units,Percentage (%),0.014350967255193
2006,Renewable energy share in the total final energy consumption,Liquid bio-fuels,Normal value,Units,Percentage (%),0.0828255824442567
2006,Renewable energy share in the total final energy consumption,Bioethanol,Normal value,Units,Percentage (%),0.0221414923365834
2006,Renewable energy share in the total final energy consumption,Biodiesel,Normal value,Units,Percentage (%),0.0569938413849093
2006,Renewable energy share in the total final energy consumption,Biomass,Normal value,Units,Percentage (%),0.1877926572250969
2006,Renewable energy share in the total final energy consumption,Cross-boundary Adjustment,Normal value,Units,Percentage (%),0.0012300829075879
2007,Renewable energy share in the total final energy consumption,Hydroelectric power,Normal value,Units,Percentage (%),0.182602227997894
2007,Renewable energy share in the total final energy consumption,"Wind, wave, tidal",Normal value,Units,Percentage (%),0.189287893096215
2007,Renewable energy share in the total final energy consumption,Solar photovoltaic,Normal value,Units,Percentage (%),0.000417854068645
2007,Renewable energy share in the total final energy consumption,Geothermal aquifers,Normal value,Units,Percentage (%),0.000417854068645
2007,Renewable energy share in the total final energy consumption,Landfill gas,Normal value,Units,Percentage (%),0.6464202441939176
2007,Renewable energy share in the total final energy consumption,Sewage gas,Normal value,Units,Percentage (%),0.088167208484109
2007,Renewable energy share in the total final energy consumption,Biogas from autogen,Normal value,Units,Percentage (%),0.0029249784805154
2007,Renewable energy share in the total final energy consumption,Municipal solid waste (MSW),Normal value,Units,Percentage (%),0.3643687478584979
2007,Renewable energy share in the total final energy consumption,Poultry litter,Normal value,Units,Percentage (%),0.06351381843405
2007,Renewable energy share in the total final energy consumption,Straw,Normal value,Units,Percentage (%),0.0296676388737997
2007,Renewable energy share in the total final energy consumption,Wood,Normal value,Units,Percentage (%),0.2724408527565833
2007,Renewable energy share in the total final energy consumption,Charcoal,Normal value,Units,Percentage (%),0.0142070383339322
2007,Renewable energy share in the total final energy consumption,Liquid bio-fuels,Normal value,Units,Percentage (%),0.0250712441187039
2007,Renewable energy share in the total final energy consumption,Bioethanol,Normal value,Units,Percentage (%),0.0359354499034757
2007,Renewable energy share in the total final energy consumption,Biodiesel,Normal value,Units,Percentage (%),0.1190884095638439
2007,Renewable energy share in the total final energy consumption,Biomass,Normal value,Units,Percentage (%),0.1278633450053903
2007,Renewable energy share in the total final energy consumption,Cross-boundary Adjustment,Normal value,Units,Percentage (%),0.0025071244118703
2008,Renewable energy share in the total final energy consumption,Hydroelectric power,Normal value,Units,Percentage (%),0.1876387656595587
2008,Renewable energy share in the total final energy consumption,"Wind, wave, tidal",Normal value,Units,Percentage (%),0.2598075216824659
2008,Renewable energy share in the total final energy consumption,Solar photovoltaic,Normal value,Units,Percentage (%),0.0004245220942523
2008,Renewable energy share in the total final energy consumption,Geothermal aquifers,Normal value,Units,Percentage (%),0.0004245220942523
2008,Renewable energy share in the total final energy consumption,Landfill gas,Normal value,Units,Percentage (%),0.6597073344682224
2008,Renewable energy share in the total final energy consumption,Sewage gas,Normal value,Units,Percentage (%),0.0976400816780509
2008,Renewable energy share in the total final energy consumption,Biogas from autogen,Normal value,Units,Percentage (%),0.0038206988482715
2008,Renewable energy share in the total final energy consumption,Municipal solid waste (MSW),Normal value,Units,Percentage (%),0.3820698848271558
2008,Renewable energy share in the total final energy consumption,Poultry litter,Normal value,Units,Percentage (%),0.0759894548711787
2008,Renewable energy share in the total final energy consumption,Straw,Normal value,Units,Percentage (%),0.0335372454459392
2008,Renewable energy share in the total final energy consumption,Wood,Normal value,Units,Percentage (%),0.4546631629443154
2008,Renewable energy share in the total final energy consumption,Charcoal,Normal value,Units,Percentage (%),0.0131601849218242
2008,Renewable energy share in the total final energy consumption,Liquid bio-fuels,Normal value,Units,Percentage (%),0.011886618639067
2008,Renewable energy share in the total final energy consumption,Bioethanol,Normal value,Units,Percentage (%),0.0492445629332778
2008,Renewable energy share in the total final energy consumption,Biodiesel,Normal value,Units,Percentage (%),0.3094766067099962
2008,Renewable energy share in the total final energy consumption,Biomass,Normal value,Units,Percentage (%),0.0819327641907123
2008,Renewable energy share in the total final energy consumption,Cross-boundary Adjustment,Normal value,Units,Percentage (%),0.0055187872252811
2009,Renewable energy share in the total final energy consumption,Hydroelectric power,Normal value,Units,Percentage (%),0.2034661590562787
2009,Renewable energy share in the total final energy consumption,"Wind, wave, tidal",Normal value,Units,Percentage (%),0.360813322059801
2009,Renewable energy share in the total final energy consumption,Solar photovoltaic,Normal value,Units,Percentage (%),0.0009042940402501
2009,Renewable energy share in the total final energy consumption,Geothermal aquifers,Normal value,Units,Percentage (%),0.000452147020125
2009,Renewable energy share in the total final energy consumption,Landfill gas,Normal value,Units,Percentage (%),0.7351910547233538
2009,Renewable energy share in the total final energy consumption,Sewage gas,Normal value,Units,Percentage (%),0.1125846080111409
2009,Renewable energy share in the total final energy consumption,Biogas from autogen,Normal value,Units,Percentage (%),0.007234352322001
2009,Renewable energy share in the total final energy consumption,Municipal solid waste (MSW),Normal value,Units,Percentage (%),0.4878666347149439
2009,Renewable energy share in the total final energy consumption,Poultry litter,Normal value,Units,Percentage (%),0.0795778755420112
2009,Renewable energy share in the total final energy consumption,Straw,Normal value,Units,Percentage (%),0.0343631735295048
2009,Renewable energy share in the total final energy consumption,Wood,Normal value,Units,Percentage (%),0.4801801353728178
2009,Renewable energy share in the total final energy consumption,Charcoal,Normal value,Units,Percentage (%),0.0149208516641271
2009,Renewable energy share in the total final energy consumption,Liquid bio-fuels,Normal value,Units,Percentage (%),0.0063300582817508
2009,Renewable energy share in the total final energy consumption,Bioethanol,Normal value,Units,Percentage (%),0.0813864636225114
2009,Renewable energy share in the total final energy consumption,Biodiesel,Normal value,Units,Percentage (%),0.3883942902874298
2009,Renewable energy share in the total final energy consumption,Biomass,Normal value,Units,Percentage (%),0.1483042226010209
2009,Renewable energy share in the total final energy consumption,Cross-boundary Adjustment,Normal value,Units,Percentage (%),0.0063300582817508
2010,Renewable energy share in the total final energy consumption,Hydroelectric power,Normal value,Units,Percentage (%),0.1358020893305264
2010,Renewable energy share in the total final energy consumption,"Wind, wave, tidal",Normal value,Units,Percentage (%),0.3885082426154867
2010,Renewable energy share in the total final energy consumption,Solar photovoltaic,Normal value,Units,Percentage (%),0.0013184668867041
2010,Renewable energy share in the total final energy consumption,Geothermal aquifers,Normal value,Units,Percentage (%),0.0004394889622347
2010,Renewable energy share in the total final energy consumption,Landfill gas,Normal value,Units,Percentage (%),0.7581184598548807
2010,Renewable energy share in the total final energy consumption,Sewage gas,Normal value,Units,Percentage (%),0.1296492438592404
2010,Renewable energy share in the total final energy consumption,Biogas from autogen,Normal value,Units,Percentage (%),0.0188980253760926
2010,Renewable energy share in the total final energy consumption,Municipal solid waste (MSW),Normal value,Units,Percentage (%),0.4764060350624294
2010,Renewable energy share in the total final energy consumption,Poultry litter,Normal value,Units,Percentage (%),0.0799869911267178
2010,Renewable energy share in the total final energy consumption,Straw,Normal value,Units,Percentage (%),0.0377960507521853
2010,Renewable energy share in the total final energy consumption,Wood,Normal value,Units,Percentage (%),0.4961830383629915
2010,Renewable energy share in the total final energy consumption,Charcoal,Normal value,Units,Percentage (%),0.0219744481117356
2010,Renewable energy share in the total final energy consumption,Liquid bio-fuels,Normal value,Units,Percentage (%),0.0070318233957554
2010,Renewable energy share in the total final energy consumption,Bioethanol,Normal value,Units,Percentage (%),0.1564580705555579
2010,Renewable energy share in the total final energy consumption,Biodiesel,Normal value,Units,Percentage (%),0.3788394854463229
2010,Renewable energy share in the total final energy consumption,Biomass,Normal value,Units,Percentage (%),0.2210629480040608
2010,Renewable energy share in the total final energy consumption,Cross-boundary Adjustment,Normal value,Units,Percentage (%),0.0070318233957554
2011,Renewable energy share in the total final energy consumption,Hydroelectric power,Normal value,Units,Percentage (%),0.2282838562698698
2011,Renewable energy share in the total final energy consumption,"Wind, wave, tidal",Normal value,Units,Percentage (%),0.6409687825327837
2011,Renewable energy share in the total final energy consumption,Solar photovoltaic,Normal value,Units,Percentage (%),0.0098036011895036
2011,Renewable energy share in the total final energy consumption,Geothermal aquifers,Normal value,Units,Percentage (%),0.0004668381518811
2011,Renewable energy share in the total final energy consumption,Landfill gas,Normal value,Units,Percentage (%),0.8207014710070166
2011,Renewable energy share in the total final energy consumption,Sewage gas,Normal value,Units,Percentage (%),0.1484545322981975
2011,Renewable energy share in the total final energy consumption,Biogas from autogen,Normal value,Units,Percentage (%),0.0410817573655389
2011,Renewable energy share in the total final energy consumption,Municipal solid waste (MSW),Normal value,Units,Percentage (%),0.5004504988165653
2011,Renewable energy share in the total final energy consumption,Poultry litter,Normal value,Units,Percentage (%),0.0989696881987983
2011,Renewable energy share in the total final energy consumption,Straw,Normal value,Units,Percentage (%),0.0373470521504899
2011,Renewable energy share in the total final energy consumption,Wood,Normal value,Units,Percentage (%),0.6199610656981331
2011,Renewable energy share in the total final energy consumption,Charcoal,Normal value,Units,Percentage (%),0.0224082312902939
2011,Renewable energy share in the total final energy consumption,Liquid bio-fuels,Normal value,Units,Percentage (%),0.0074694104300979
2011,Renewable energy share in the total final energy consumption,Bioethanol,Normal value,Units,Percentage (%),0.1713296017403726
2011,Renewable energy share in the total final energy consumption,Biodiesel,Normal value,Units,Percentage (%),0.3571311861890601
2011,Renewable energy share in the total final energy consumption,Biomass,Normal value,Units,Percentage (%),0.251625763863926
2011,Renewable energy share in the total final energy consumption,Cross-boundary Adjustment,Normal value,Units,Percentage (%),0.0065357341263357
2012,Renewable energy share in the total final energy consumption,Hydroelectric power,Normal value,Units,Percentage (%),0.2112845360062137
2012,Renewable energy share in the total final energy consumption,"Wind, wave, tidal",Normal value,Units,Percentage (%),0.7891962865702558
2012,Renewable energy share in the total final energy consumption,Solar photovoltaic,Normal value,Units,Percentage (%),0.053630210452343
2012,Renewable energy share in the total final energy consumption,Geothermal aquifers,Normal value,Units,Percentage (%),0.0004623294004512
2012,Renewable energy share in the total final energy consumption,Landfill gas,Normal value,Units,Percentage (%),0.7961312275770241
2012,Renewable energy share in the total final energy consumption,Sewage gas,Normal value,Units,Percentage (%),0.1414727965380774
2012,Renewable energy share in the total final energy consumption,Biogas from autogen,Normal value,Units,Percentage (%),0.0822946332803195
2012,Renewable energy share in the total final energy consumption,Municipal solid waste (MSW),Normal value,Units,Percentage (%),0.5709768095572734
2012,Renewable energy share in the total final energy consumption,Poultry litter,Normal value,Units,Percentage (%),0.0906165624884417
2012,Renewable energy share in the total final energy consumption,Straw,Normal value,Units,Percentage (%),0.0425343048415134
2012,Renewable energy share in the total final energy consumption,Wood,Normal value,Units,Percentage (%),0.7013537004845212
2012,Renewable energy share in the total final energy consumption,Charcoal,Normal value,Units,Percentage (%),0.0226541406221104
2012,Renewable energy share in the total final energy consumption,Liquid bio-fuels,Normal value,Units,Percentage (%),0.0226541406221104
2012,Renewable energy share in the total final energy consumption,Bioethanol,Normal value,Units,Percentage (%),0.2140585124089211
2012,Renewable energy share in the total final energy consumption,Biodiesel,Normal value,Units,Percentage (%),0.2413359470355439
2012,Renewable energy share in the total final energy consumption,Biomass,Normal value,Units,Percentage (%),0.2126715242075674
2012,Renewable energy share in the total final energy consumption,Cross-boundary Adjustment,Normal value,Units,Percentage (%),0.0050856234049635
2013,Renewable energy share in the total final energy consumption,Hydroelectric power,Normal value,Units,Percentage (%),0.1869499581699468
2013,Renewable energy share in the total final energy consumption,"Wind, wave, tidal",Normal value,Units,Percentage (%),1.1413294946275254
2013,Renewable energy share in the total final energy consumption,Solar photovoltaic,Normal value,Units,Percentage (%),0.080855856908502
2013,Renewable energy share in the total final energy consumption,Geothermal aquifers,Normal value,Units,Percentage (%),0.0004673748954248
2013,Renewable energy share in the total final energy consumption,Landfill gas,Normal value,Units,Percentage (%),0.7996784460719476
2013,Renewable energy share in the total final energy consumption,Sewage gas,Normal value,Units,Percentage (%),0.1495599665359574
2013,Renewable energy share in the total final energy consumption,Biogas from autogen,Normal value,Units,Percentage (%),0.1201153481241908
2013,Renewable energy share in the total final energy consumption,Municipal solid waste (MSW),Normal value,Units,Percentage (%),0.5393506293202966
2013,Renewable energy share in the total final energy consumption,Poultry litter,Normal value,Units,Percentage (%),0.0967466033529474
2013,Renewable energy share in the total final energy consumption,Straw,Normal value,Units,Percentage (%),0.049074364019611
2013,Renewable energy share in the total final energy consumption,Wood,Normal value,Units,Percentage (%),0.9824220301830706
2013,Renewable energy share in the total final energy consumption,Charcoal,Normal value,Units,Percentage (%),0.0383247414248391
2013,Renewable energy share in the total final energy consumption,Liquid bio-fuels,Normal value,Units,Percentage (%),0.0257056192483676
2013,Renewable energy share in the total final energy consumption,Bioethanol,Normal value,Units,Percentage (%),0.2299484485490346
2013,Renewable energy share in the total final energy consumption,Biodiesel,Normal value,Units,Percentage (%),0.2944461841176662
2013,Renewable energy share in the total final energy consumption,Biomass,Normal value,Units,Percentage (%),0.2701426895555732
2013,Renewable energy share in the total final energy consumption,Cross-boundary Adjustment,Normal value,Units,Percentage (%),0.0060758736405232
2014,Renewable energy share in the total final energy consumption,Hydroelectric power,Normal value,Units,Percentage (%),0.2516021134577531
2014,Renewable energy share in the total final energy consumption,"Wind, wave, tidal",Normal value,Units,Percentage (%),1.3556913878076575
2014,Renewable energy share in the total final energy consumption,Solar photovoltaic,Normal value,Units,Percentage (%),0.1721747796014819
2014,Renewable energy share in the total final energy consumption,Geothermal aquifers,Normal value,Units,Percentage (%),0.0004933374773681
2014,Renewable energy share in the total final energy consumption,Landfill gas,Normal value,Units,Percentage (%),0.8209135623405903
2014,Renewable energy share in the total final energy consumption,Sewage gas,Normal value,Units,Percentage (%),0.1692147547372731
2014,Renewable energy share in the total final energy consumption,Biogas from autogen,Normal value,Units,Percentage (%),0.1909216037414714
2014,Renewable energy share in the total final energy consumption,Municipal solid waste (MSW),Normal value,Units,Percentage (%),0.7123793173195989
2014,Renewable energy share in the total final energy consumption,Poultry litter,Normal value,Units,Percentage (%),0.1026141952925737
2014,Renewable energy share in the total final energy consumption,Straw,Normal value,Units,Percentage (%),0.0626538596257541
2014,Renewable energy share in the total final energy consumption,Wood,Normal value,Units,Percentage (%),1.3823316115855375
2014,Renewable energy share in the total final energy consumption,Charcoal,Normal value,Units,Percentage (%),0.0404536731441877
2014,Renewable energy share in the total final energy consumption,Liquid bio-fuels,Normal value,Units,Percentage (%),0.0014800124321044
2014,Renewable energy share in the total final energy consumption,Bioethanol,Normal value,Units,Percentage (%),0.230881939408291
2014,Renewable energy share in the total final energy consumption,Biodiesel,Normal value,Units,Percentage (%),0.3872699197339924
2014,Renewable energy share in the total final energy consumption,Biomass,Normal value,Units,Percentage (%),0.4523904667465874
2014,Renewable energy share in the total final energy consumption,Cross-boundary Adjustment,Normal value,Units,Percentage (%),0.006906724683154
2015,Renewable energy share in the total final energy consumption,Hydroelectric power,Normal value,Units,Percentage (%),0.2645852626008732
2015,Renewable energy share in the total final energy consumption,"Wind, wave, tidal",Normal value,Units,Percentage (%),1.696775489605229
2015,Renewable energy share in the total final energy consumption,Solar photovoltaic,Normal value,Units,Percentage (%),0.3175023151210477
2015,Renewable energy share in the total final energy consumption,Geothermal aquifers,Normal value,Units,Percentage (%),0.0004899727085201
2015,Renewable energy share in the total final energy consumption,Landfill gas,Normal value,Units,Percentage (%),0.7898360061344584
2015,Renewable energy share in the total final energy consumption,Sewage gas,Normal value,Units,Percentage (%),0.1793300113183695
2015,Renewable energy share in the total final energy consumption,Biogas from autogen,Normal value,Units,Percentage (%),0.2616454263497523
2015,Renewable energy share in the total final energy consumption,Municipal solid waste (MSW),Normal value,Units,Percentage (%),0.9485871636949824
2015,Renewable energy share in the total final energy consumption,Poultry litter,Normal value,Units,Percentage (%),0.10877394129147
2015,Renewable energy share in the total final energy consumption,Straw,Normal value,Units,Percentage (%),0.0808454969058223
2015,Renewable energy share in the total final energy consumption,Wood,Normal value,Units,Percentage (%),1.801629649228538
2015,Renewable energy share in the total final energy consumption,Charcoal,Normal value,Units,Percentage (%),0.0391978166816108
2015,Renewable energy share in the total final energy consumption,Liquid bio-fuels,Normal value,Units,Percentage (%),0.0019598908340805
2015,Renewable energy share in the total final energy consumption,Bioethanol,Normal value,Units,Percentage (%),0.2258774186277824
2015,Renewable energy share in the total final energy consumption,Biodiesel,Normal value,Units,Percentage (%),0.2714448805201551
2015,Renewable energy share in the total final energy consumption,Biomass,Normal value,Units,Percentage (%),0.6026664314797666
2015,Renewable energy share in the total final energy consumption,Cross-boundary Adjustment,Normal value,Units,Percentage (%),0.0048997270852013
2016,Renewable energy share in the total final energy consumption,Hydroelectric power,Normal value,Units,Percentage (%),0.2273300090437808
2016,Renewable energy share in the total final energy consumption,"Wind, wave, tidal",Normal value,Units,Percentage (%),1.5789551715106078
2016,Renewable energy share in the total final energy consumption,Solar photovoltaic,Normal value,Units,Percentage (%),0.4418109306198696
2016,Renewable energy share in the total final energy consumption,Geothermal aquifers,Normal value,Units,Percentage (%),0.0004941956718343
2016,Renewable energy share in the total final energy consumption,Landfill gas,Normal value,Units,Percentage (%),0.7689684653741803
2016,Renewable energy share in the total final energy consumption,Sewage gas,Normal value,Units,Percentage (%),0.1912537249998764
2016,Renewable energy share in the total final energy consumption,Biogas from autogen,Normal value,Units,Percentage (%),0.4022752768731251
2016,Renewable energy share in the total final energy consumption,Municipal solid waste (MSW),Normal value,Units,Percentage (%),1.1697611552318026
2016,Renewable energy share in the total final energy consumption,Poultry litter,Normal value,Units,Percentage (%),0.1121824175063874
2016,Renewable energy share in the total final energy consumption,Straw,Normal value,Units,Percentage (%),0.0785771118216546
2016,Renewable energy share in the total final energy consumption,Wood,Normal value,Units,Percentage (%),1.7845405709936797
2016,Renewable energy share in the total final energy consumption,Charcoal,Normal value,Units,Percentage (%),0.0261923706072182
2016,Renewable energy share in the total final energy consumption,Liquid bio-fuels,Normal value,Units,Percentage (%),0.0004941956718343
2016,Renewable energy share in the total final energy consumption,Bioethanol,Normal value,Units,Percentage (%),0.2233764436691063
2016,Renewable energy share in the total final energy consumption,Biodiesel,Normal value,Units,Percentage (%),0.2895986636949033
2016,Renewable energy share in the total final energy consumption,Biomass,Normal value,Units,Percentage (%),0.6557976565241241
2016,Renewable energy share in the total final energy consumption,Cross-boundary Adjustment,Normal value,Units,Percentage (%),0.004941956718343
2017,Renewable energy share in the total final energy consumption,Hydroelectric power,Normal value,Units,Percentage (%),0.2584228101200399
2017,Renewable energy share in the total final energy consumption,"Wind, wave, tidal",Normal value,Units,Percentage (%),2.1626442227300595
2017,Renewable energy share in the total final energy consumption,Solar photovoltaic,Normal value,Units,Percentage (%),0.4991107215063516
2017,Renewable energy share in the total final energy consumption,Geothermal aquifers,Normal value,Units,Percentage (%),0.0005067113923922
2017,Renewable energy share in the total final energy consumption,Landfill gas,Normal value,Units,Percentage (%),0.7190234658045817
2017,Renewable energy share in the total final energy consumption,Sewage gas,Normal value,Units,Percentage (%),0.2016711341721095
2017,Renewable energy share in the total final energy consumption,Biogas from autogen,Normal value,Units,Percentage (%),0.5001241442911362
2017,Renewable energy share in the total final energy consumption,Municipal solid waste (MSW),Normal value,Units,Percentage (%),1.2916073392078071
2017,Renewable energy share in the total final energy consumption,Poultry litter,Normal value,Units,Percentage (%),0.1094496607567228
2017,Renewable energy share in the total final energy consumption,Straw,Normal value,Units,Percentage (%),0.0881677822762489
2017,Renewable energy share in the total final energy consumption,Wood,Normal value,Units,Percentage (%),1.8570972531175416
2017,Renewable energy share in the total final energy consumption,Charcoal,Normal value,Units,Percentage (%),0.0450973139229089
2017,Renewable energy share in the total final energy consumption,Liquid bio-fuels,Normal value,Units,Percentage (%),0.0005067113923922
2017,Renewable energy share in the total final energy consumption,Bioethanol,Normal value,Units,Percentage (%),0.2290335493612902
2017,Renewable energy share in the total final energy consumption,Biodiesel,Normal value,Units,Percentage (%),0.2908523392331429
2017,Renewable energy share in the total final energy consumption,Biomass,Normal value,Units,Percentage (%),0.8619160784591919
2017,Renewable energy share in the total final energy consumption,Cross-boundary Adjustment,Normal value,Units,Percentage (%),0.0050671139239223
2018,Renewable energy share in the total final energy consumption,Hydroelectric power,Normal value,Units,Percentage (%),0.2371318150170028
2018,Renewable energy share in the total final energy consumption,"Wind, wave, tidal",Normal value,Units,Percentage (%),2.468693555059989
2018,Renewable energy share in the total final energy consumption,Solar photovoltaic,Normal value,Units,Percentage (%),0.549439460752162
2018,Renewable energy share in the total final energy consumption,Geothermal aquifers,Normal value,Units,Percentage (%),0.0005045357766319
2018,Renewable energy share in the total final energy consumption,Landfill gas,Normal value,Units,Percentage (%),0.6548874380682335
2018,Renewable energy share in the total final energy consumption,Sewage gas,Normal value,Units,Percentage (%),0.2053460610891918
2018,Renewable energy share in the total final energy consumption,Biogas from autogen,Normal value,Units,Percentage (%),0.5282489581336213
2018,Renewable energy share in the total final energy consumption,Municipal solid waste (MSW),Normal value,Units,Percentage (%),1.4702172531054178
2018,Renewable energy share in the total final energy consumption,Poultry litter,Normal value,Units,Percentage (%),0.107970656199231
2018,Renewable energy share in the total final energy consumption,Straw,Normal value,Units,Percentage (%),0.1306747661476675
2018,Renewable energy share in the total final energy consumption,Wood,Normal value,Units,Percentage (%),2.144781586462296
2018,Renewable energy share in the total final energy consumption,Charcoal,Normal value,Units,Percentage (%),0.0539853280996155
2018,Renewable energy share in the total final energy consumption,Liquid bio-fuels,Normal value,Units,Percentage (%),0.0
2018,Renewable energy share in the total final energy consumption,Bioethanol,Normal value,Units,Percentage (%),0.2245184206012048
2018,Renewable energy share in the total final energy consumption,Biodiesel,Normal value,Units,Percentage (%),0.4737590942573738
2018,Renewable energy share in the total final energy consumption,Biomass,Normal value,Units,Percentage (%),0.976781263559399
2018,Renewable energy share in the total final energy consumption,Cross-boundary Adjustment,Normal value,Units,Percentage (%),0.0070635008728468
2019,Renewable energy share in the total final energy consumption,Hydroelectric power,Normal value,Units,Percentage (%),0.2650438361717276
2019,Renewable energy share in the total final energy consumption,"Wind, wave, tidal",Normal value,Units,Percentage (%),2.8525992485227705
2019,Renewable energy share in the total final energy consumption,Solar photovoltaic,Normal value,Units,Percentage (%),0.5550329745713827
2019,Renewable energy share in the total final energy consumption,Geothermal aquifers,Normal value,Units,Percentage (%),0.0005196937964151
2019,Renewable energy share in the total final energy consumption,Landfill gas,Normal value,Units,Percentage (%),0.4568108470489188
2019,Renewable energy share in the total final energy consumption,Sewage gas,Normal value,Units,Percentage (%),0.1678610962420941
2019,Renewable energy share in the total final energy consumption,Biogas from autogen,Normal value,Units,Percentage (%),0.4355034013958975
2019,Renewable energy share in the total final energy consumption,Municipal solid waste (MSW),Normal value,Units,Percentage (%),1.6780912686245264
2019,Renewable energy share in the total final energy consumption,Poultry litter,Normal value,Units,Percentage (%),0.1153720228041637
2019,Renewable energy share in the total final energy consumption,Straw,Normal value,Units,Percentage (%),0.1735777280026608
2019,Renewable energy share in the total final energy consumption,Wood,Normal value,Units,Percentage (%),2.4529547190795182
2019,Renewable energy share in the total final energy consumption,Charcoal,Normal value,Units,Percentage (%),0.0353391781562303
2019,Renewable energy share in the total final energy consumption,Liquid bio-fuels,Normal value,Units,Percentage (%),0.0
2019,Renewable energy share in the total final energy consumption,Bioethanol,Normal value,Units,Percentage (%),0.2302243518119124
2019,Renewable energy share in the total final energy consumption,Biodiesel,Normal value,Units,Percentage (%),0.6854761174715858
2019,Renewable energy share in the total final energy consumption,Biomass,Normal value,Units,Percentage (%),1.0217180037521894
2019,Renewable energy share in the total final energy consumption,Cross-boundary Adjustment,Normal value,Units,Percentage (%),0.0098741821318878
2020,Renewable energy share in the total final energy consumption,Hydroelectric power,Normal value,Units,Percentage (%),0.3440574284331391
2020,Renewable energy share in the total final energy consumption,"Wind, wave, tidal",Normal value,Units,Percentage (%),3.79162949096995
2020,Renewable energy share in the total final energy consumption,Solar photovoltaic,Normal value,Units,Percentage (%),0.6467113358175446
2020,Renewable energy share in the total final energy consumption,Geothermal aquifers,Normal value,Units,Percentage (%),0.0005831481837849
2020,Renewable energy share in the total final energy consumption,Landfill gas,Normal value,Units,Percentage (%),0.4950928080334493
2020,Renewable energy share in the total final energy consumption,Sewage gas,Normal value,Units,Percentage (%),0.1906894560976889
2020,Renewable energy share in the total final energy consumption,Biogas from autogen,Normal value,Units,Percentage (%),0.4869287334604595
2020,Renewable energy share in the total final energy consumption,Municipal solid waste (MSW),Normal value,Units,Percentage (%),1.9494643783931933
2020,Renewable energy share in the total final energy consumption,Poultry litter,Normal value,Units,Percentage (%),0.1300420449840509
2020,Renewable energy share in the total final energy consumption,Straw,Normal value,Units,Percentage (%),0.1457870459462454
2020,Renewable energy share in the total final energy consumption,Wood,Normal value,Units,Percentage (%),2.7693707247948773
2020,Renewable energy share in the total final energy consumption,Charcoal,Normal value,Units,Percentage (%),0.0431529656000886
2020,Renewable energy share in the total final energy consumption,Liquid bio-fuels,Normal value,Units,Percentage (%),0.0
2020,Renewable energy share in the total final energy consumption,Bioethanol,Normal value,Units,Percentage (%),0.2093501979788083
2020,Renewable energy share in the total final energy consumption,Biodiesel,Normal value,Units,Percentage (%),0.7785028253529505
2020,Renewable energy share in the total final energy consumption,Biomass,Normal value,Units,Percentage (%),1.42929619845699
2020,Renewable energy share in the total final energy consumption,Cross-boundary Adjustment,Normal value,Units,Percentage (%),0.0075809263892047
2021,Renewable energy share in the total final energy consumption,Hydroelectric power,Normal value,Units,Percentage (%),0.2680220764061242
2021,Renewable energy share in the total final energy consumption,"Wind, wave, tidal",Normal value,Units,Percentage (%),3.1505343442242086
2021,Renewable energy share in the total final energy consumption,Solar photovoltaic,Normal value,Units,Percentage (%),0.5915751538435386
2021,Renewable energy share in the total final energy consumption,Geothermal aquifers,Normal value,Units,Percentage (%),0.0005666428676662
2021,Renewable energy share in the total final energy consumption,Landfill gas,Normal value,Units,Percentage (%),0.4561475084713108
2021,Renewable energy share in the total final energy consumption,Sewage gas,Normal value,Units,Percentage (%),0.1813257176531919
2021,Renewable energy share in the total final energy consumption,Biogas from autogen,Normal value,Units,Percentage (%),0.5235780097235916
2021,Renewable energy share in the total final energy consumption,Municipal solid waste (MSW),Normal value,Units,Percentage (%),2.0115821802150973
2021,Renewable energy share in the total final energy consumption,Poultry litter,Normal value,Units,Percentage (%),0.1280612880925667
2021,Renewable energy share in the total final energy consumption,Straw,Normal value,Units,Percentage (%),0.1393941454458912
2021,Renewable energy share in the total final energy consumption,Wood,Normal value,Units,Percentage (%),2.85021362436111
2021,Renewable energy share in the total final energy consumption,Charcoal,Normal value,Units,Percentage (%),0.0419315722073006
2021,Renewable energy share in the total final energy consumption,Liquid bio-fuels,Normal value,Units,Percentage (%),0.0
2021,Renewable energy share in the total final energy consumption,Bioethanol,Normal value,Units,Percentage (%),0.2657555049354593
2021,Renewable energy share in the total final energy consumption,Biodiesel,Normal value,Units,Percentage (%),0.6029080111968631
2021,Renewable energy share in the total final energy consumption,Biomass,Normal value,Units,Percentage (%),1.4160405262978957
2021,Renewable energy share in the total final energy consumption,Cross-boundary Adjustment,Normal value,Units,Percentage (%),0.005099785808996
