Year,Series,Material category,Observation status,Unit multiplier,Units,Value
1990,Material footprint,,Normal value,Millions,Metric tons,976.646
1991,Material footprint,,Normal value,Millions,Metric tons,964.3711
1992,Material footprint,,Normal value,Millions,Metric tons,903.4407
1993,Material footprint,,Normal value,Millions,Metric tons,845.5123000000001
1994,Material footprint,,Normal value,Millions,Metric tons,848.782
1995,Material footprint,,Normal value,Millions,Metric tons,793.4844
1996,Material footprint,,Normal value,Millions,Metric tons,827.8578
1997,Material footprint,,Normal value,Millions,Metric tons,901.7157
1998,Material footprint,,Normal value,Millions,Metric tons,1056.0496
1999,Material footprint,,Normal value,Millions,Metric tons,1044.3437
2000,Material footprint,,Normal value,Millions,Metric tons,1065.8842
2001,Material footprint,,Normal value,Millions,Metric tons,1096.1633
2002,Material footprint,,Normal value,Millions,Metric tons,1254.2146
2003,Material footprint,,Normal value,Millions,Metric tons,1307.01
2004,Material footprint,,Normal value,Millions,Metric tons,1423.8945
2005,Material footprint,,Normal value,Millions,Metric tons,1385.2822
2006,Material footprint,,Normal value,Millions,Metric tons,1345.6896000000002
2007,Material footprint,,Normal value,Millions,Metric tons,1317.1414
2008,Material footprint,,Normal value,Millions,Metric tons,1179.9533
2009,Material footprint,,Normal value,Millions,Metric tons,1019.0962
2010,Material footprint,,Normal value,Millions,Metric tons,988.3921
2011,Material footprint,,Normal value,Millions,Metric tons,1056.2035
2012,Material footprint,,Normal value,Millions,Metric tons,1082.2306999999998
2013,Material footprint,,Normal value,Millions,Metric tons,1022.119
2014,Material footprint,,Normal value,Millions,Metric tons,1157.8499
2015,Material footprint,,Normal value,Millions,Metric tons,1191.5993999999998
2016,Material footprint,,Normal value,Millions,Metric tons,941.7642
2017,Material footprint,,Normal value,Millions,Metric tons,920.8166
2018,Material footprint,,Normal value,Millions,Metric tons,1064.3593999999998
2019,Material footprint,,Normal value,Millions,Metric tons,1043.8019
2020,Material footprint,,Normal value,Millions,Metric tons,926.1905
1990,Material footprint per capita,,Normal value,Units,Metric tons,17.6
1991,Material footprint per capita,,Normal value,Units,Metric tons,17.3
1992,Material footprint per capita,,Normal value,Units,Metric tons,16.1
1993,Material footprint per capita,,Normal value,Units,Metric tons,15.1
1994,Material footprint per capita,,Normal value,Units,Metric tons,15.1
1995,Material footprint per capita,,Normal value,Units,Metric tons,14.1
1996,Material footprint per capita,,Normal value,Units,Metric tons,14.7
1997,Material footprint per capita,,Normal value,Units,Metric tons,15.9
1998,Material footprint per capita,,Normal value,Units,Metric tons,18.6
1999,Material footprint per capita,,Normal value,Units,Metric tons,18.3
2000,Material footprint per capita,,Normal value,Units,Metric tons,18.6
2001,Material footprint per capita,,Normal value,Units,Metric tons,19.1
2002,Material footprint per capita,,Normal value,Units,Metric tons,21.7
2003,Material footprint per capita,,Normal value,Units,Metric tons,22.6
2004,Material footprint per capita,,Normal value,Units,Metric tons,24.5
2005,Material footprint per capita,,Normal value,Units,Metric tons,23.6
2006,Material footprint per capita,,Normal value,Units,Metric tons,22.8
2007,Material footprint per capita,,Normal value,Units,Metric tons,22.1
2008,Material footprint per capita,,Normal value,Units,Metric tons,19.7
2009,Material footprint per capita,,Normal value,Units,Metric tons,16.9
2010,Material footprint per capita,,Normal value,Units,Metric tons,16.2
2011,Material footprint per capita,,Normal value,Units,Metric tons,17.2
2012,Material footprint per capita,,Normal value,Units,Metric tons,17.5
2013,Material footprint per capita,,Normal value,Units,Metric tons,16.4
2014,Material footprint per capita,,Normal value,Units,Metric tons,18.4
2015,Material footprint per capita,,Normal value,Units,Metric tons,18.8
2016,Material footprint per capita,,Normal value,Units,Metric tons,14.8
2017,Material footprint per capita,,Normal value,Units,Metric tons,14.3
2018,Material footprint per capita,,Normal value,Units,Metric tons,16.5
2019,Material footprint per capita,,Normal value,Units,Metric tons,16.1
2020,Material footprint per capita,,Normal value,Units,Metric tons,14.2
1990,Material footprint per unit of GDP,,Normal value,Units,Kilograms per constant USD,0.2821350918732894
1991,Material footprint per unit of GDP,,Normal value,Units,Kilograms per constant USD,0.3015598447229765
1992,Material footprint per unit of GDP,,Normal value,Units,Kilograms per constant USD,0.2912952833035401
1993,Material footprint per unit of GDP,,Normal value,Units,Kilograms per constant USD,0.2744199470164557
1994,Material footprint per unit of GDP,,Normal value,Units,Kilograms per constant USD,0.2700107667805266
1995,Material footprint per unit of GDP,,Normal value,Units,Kilograms per constant USD,0.2533112809441782
1996,Material footprint per unit of GDP,,Normal value,Units,Kilograms per constant USD,0.2702899737952118
1997,Material footprint per unit of GDP,,Normal value,Units,Kilograms per constant USD,0.2808828789342176
1998,Material footprint per unit of GDP,,Normal value,Units,Kilograms per constant USD,0.322113852346629
1999,Material footprint per unit of GDP,,Normal value,Units,Kilograms per constant USD,0.3127863800752307
2000,Material footprint per unit of GDP,,Normal value,Units,Kilograms per constant USD,0.3124700762192905
2001,Material footprint per unit of GDP,,Normal value,Units,Kilograms per constant USD,0.3184854052603105
2002,Material footprint per unit of GDP,,Normal value,Units,Kilograms per constant USD,0.3645640122462145
2003,Material footprint per unit of GDP,,Normal value,Units,Kilograms per constant USD,0.3769569680016355
2004,Material footprint per unit of GDP,,Normal value,Units,Kilograms per constant USD,0.4121411467420264
2005,Material footprint per unit of GDP,,Normal value,Units,Kilograms per constant USD,0.4011798472298238
2006,Material footprint per unit of GDP,,Normal value,Units,Kilograms per constant USD,0.3908915903706755
2007,Material footprint per unit of GDP,,Normal value,Units,Kilograms per constant USD,0.3824855615471942
2008,Material footprint per unit of GDP,,Normal value,Units,Kilograms per constant USD,0.3550328125226834
2009,Material footprint per unit of GDP,,Normal value,Units,Kilograms per constant USD,0.3258947515192044
2010,Material footprint per unit of GDP,,Normal value,Units,Kilograms per constant USD,0.3140925186142856
2011,Material footprint per unit of GDP,,Normal value,Units,Kilograms per constant USD,0.3384537697496926
2012,Material footprint per unit of GDP,,Normal value,Units,Kilograms per constant USD,0.3469511536987962
2013,Material footprint per unit of GDP,,Normal value,Units,Kilograms per constant USD,0.3276322927828139
2014,Material footprint per unit of GDP,,Normal value,Units,Kilograms per constant USD,0.3654211753639921
2015,Material footprint per unit of GDP,,Normal value,Units,Kilograms per constant USD,0.3700088461575561
2016,Material footprint per unit of GDP,,Normal value,Units,Kilograms per constant USD,0.2928805135154795
2017,Material footprint per unit of GDP,,Normal value,Units,Kilograms per constant USD,0.2865091326555215
2018,Material footprint per unit of GDP,,Normal value,Units,Kilograms per constant USD,0.3327591833164086
2019,Material footprint per unit of GDP,,Normal value,Units,Kilograms per constant USD,0.3285170663226691
2020,Material footprint per unit of GDP,,Normal value,Units,Kilograms per constant USD,0.3428032914507058
1990,Material footprint per unit of GDP,,Definition differs,Units,Tons per GDP (millions of pounds),800.1
1991,Material footprint per unit of GDP,,Definition differs,Units,Tons per GDP (millions of pounds),798.7
1992,Material footprint per unit of GDP,,Definition differs,Units,Tons per GDP (millions of pounds),745.3
1993,Material footprint per unit of GDP,,Definition differs,Units,Tons per GDP (millions of pounds),680.5
1994,Material footprint per unit of GDP,,Definition differs,Units,Tons per GDP (millions of pounds),657.9
1995,Material footprint per unit of GDP,,Definition differs,Units,Tons per GDP (millions of pounds),599.8
1996,Material footprint per unit of GDP,,Definition differs,Units,Tons per GDP (millions of pounds),610.6
1997,Material footprint per unit of GDP,,Definition differs,Units,Tons per GDP (millions of pounds),633.6
1998,Material footprint per unit of GDP,,Definition differs,Units,Tons per GDP (millions of pounds),715.5
1999,Material footprint per unit of GDP,,Definition differs,Units,Tons per GDP (millions of pounds),685.0
2000,Material footprint per unit of GDP,,Definition differs,Units,Tons per GDP (millions of pounds),675.4
2001,Material footprint per unit of GDP,,Definition differs,Units,Tons per GDP (millions of pounds),676.1
2002,Material footprint per unit of GDP,,Definition differs,Units,Tons per GDP (millions of pounds),757.1
2003,Material footprint per unit of GDP,,Definition differs,Units,Tons per GDP (millions of pounds),763.6
2004,Material footprint per unit of GDP,,Definition differs,Units,Tons per GDP (millions of pounds),813.3
2005,Material footprint per unit of GDP,,Definition differs,Units,Tons per GDP (millions of pounds),768.6
2006,Material footprint per unit of GDP,,Definition differs,Units,Tons per GDP (millions of pounds),727.0
2007,Material footprint per unit of GDP,,Definition differs,Units,Tons per GDP (millions of pounds),695.2
2008,Material footprint per unit of GDP,,Definition differs,Units,Tons per GDP (millions of pounds),624.5
2009,Material footprint per unit of GDP,,Definition differs,Units,Tons per GDP (millions of pounds),562.5
2010,Material footprint per unit of GDP,,Definition differs,Units,Tons per GDP (millions of pounds),534.5
2011,Material footprint per unit of GDP,,Definition differs,Units,Tons per GDP (millions of pounds),564.0
2012,Material footprint per unit of GDP,,Definition differs,Units,Tons per GDP (millions of pounds),569.7
2013,Material footprint per unit of GDP,,Definition differs,Units,Tons per GDP (millions of pounds),526.6
2014,Material footprint per unit of GDP,,Definition differs,Units,Tons per GDP (millions of pounds),579.9
2015,Material footprint per unit of GDP,,Definition differs,Units,Tons per GDP (millions of pounds),583.0
2016,Material footprint per unit of GDP,,Definition differs,Units,Tons per GDP (millions of pounds),453.0
2017,Material footprint per unit of GDP,,Definition differs,Units,Tons per GDP (millions of pounds),435.3
2018,Material footprint per unit of GDP,,Definition differs,Units,Tons per GDP (millions of pounds),496.9
2019,Material footprint per unit of GDP,,Definition differs,Units,Tons per GDP (millions of pounds),480.5
2020,Material footprint per unit of GDP,,Definition differs,Units,Tons per GDP (millions of pounds),473.3
1990,Material footprint,Biomass,Normal value,Millions,Metric tons,275.1259
1991,Material footprint,Biomass,Normal value,Millions,Metric tons,271.97090000000003
1992,Material footprint,Biomass,Normal value,Millions,Metric tons,271.0732
1993,Material footprint,Biomass,Normal value,Millions,Metric tons,261.1628
1994,Material footprint,Biomass,Normal value,Millions,Metric tons,259.0221
1995,Material footprint,Biomass,Normal value,Millions,Metric tons,240.4651
1996,Material footprint,Biomass,Normal value,Millions,Metric tons,263.0751
1997,Material footprint,Biomass,Normal value,Millions,Metric tons,295.5812
1998,Material footprint,Biomass,Normal value,Millions,Metric tons,323.9778
1999,Material footprint,Biomass,Normal value,Millions,Metric tons,307.6321
2000,Material footprint,Biomass,Normal value,Millions,Metric tons,301.9983
2001,Material footprint,Biomass,Normal value,Millions,Metric tons,283.3516
2002,Material footprint,Biomass,Normal value,Millions,Metric tons,317.5407
2003,Material footprint,Biomass,Normal value,Millions,Metric tons,304.7913
2004,Material footprint,Biomass,Normal value,Millions,Metric tons,358.8545
2005,Material footprint,Biomass,Normal value,Millions,Metric tons,351.1688
2006,Material footprint,Biomass,Normal value,Millions,Metric tons,320.8467
2007,Material footprint,Biomass,Normal value,Millions,Metric tons,315.2022
2008,Material footprint,Biomass,Normal value,Millions,Metric tons,295.4998
2009,Material footprint,Biomass,Normal value,Millions,Metric tons,283.3361
2010,Material footprint,Biomass,Normal value,Millions,Metric tons,274.6329
2011,Material footprint,Biomass,Normal value,Millions,Metric tons,272.3022
2012,Material footprint,Biomass,Normal value,Millions,Metric tons,286.7153
2013,Material footprint,Biomass,Normal value,Millions,Metric tons,277.9922
2014,Material footprint,Biomass,Normal value,Millions,Metric tons,303.6082
2015,Material footprint,Biomass,Normal value,Millions,Metric tons,294.3346
2016,Material footprint,Biomass,Normal value,Millions,Metric tons,257.6076
2017,Material footprint,Biomass,Normal value,Millions,Metric tons,252.9837
2018,Material footprint,Biomass,Normal value,Millions,Metric tons,254.0673
2019,Material footprint,Biomass,Normal value,Millions,Metric tons,258.3565
2020,Material footprint,Biomass,Normal value,Millions,Metric tons,224.6187
1990,Material footprint,Metal ores excluding precious metals,Normal value,Millions,Metric tons,49.032
1991,Material footprint,Metal ores excluding precious metals,Normal value,Millions,Metric tons,45.711400000000005
1992,Material footprint,Metal ores excluding precious metals,Normal value,Millions,Metric tons,36.9122
1993,Material footprint,Metal ores excluding precious metals,Normal value,Millions,Metric tons,34.8423
1994,Material footprint,Metal ores excluding precious metals,Normal value,Millions,Metric tons,34.1811
1995,Material footprint,Metal ores excluding precious metals,Normal value,Millions,Metric tons,31.3318
1996,Material footprint,Metal ores excluding precious metals,Normal value,Millions,Metric tons,33.136
1997,Material footprint,Metal ores excluding precious metals,Normal value,Millions,Metric tons,40.3341
1998,Material footprint,Metal ores excluding precious metals,Normal value,Millions,Metric tons,56.4312
1999,Material footprint,Metal ores excluding precious metals,Normal value,Millions,Metric tons,55.0495
2000,Material footprint,Metal ores excluding precious metals,Normal value,Millions,Metric tons,62.207
2001,Material footprint,Metal ores excluding precious metals,Normal value,Millions,Metric tons,63.4474
2002,Material footprint,Metal ores excluding precious metals,Normal value,Millions,Metric tons,71.7455
2003,Material footprint,Metal ores excluding precious metals,Normal value,Millions,Metric tons,65.2278
2004,Material footprint,Metal ores excluding precious metals,Normal value,Millions,Metric tons,85.2773
2005,Material footprint,Metal ores excluding precious metals,Normal value,Millions,Metric tons,83.4847
2006,Material footprint,Metal ores excluding precious metals,Normal value,Millions,Metric tons,79.3298
2007,Material footprint,Metal ores excluding precious metals,Normal value,Millions,Metric tons,78.99119999999999
2008,Material footprint,Metal ores excluding precious metals,Normal value,Millions,Metric tons,69.9
2009,Material footprint,Metal ores excluding precious metals,Normal value,Millions,Metric tons,61.698800000000006
2010,Material footprint,Metal ores excluding precious metals,Normal value,Millions,Metric tons,62.0627
2011,Material footprint,Metal ores excluding precious metals,Normal value,Millions,Metric tons,64.3592
2012,Material footprint,Metal ores excluding precious metals,Normal value,Millions,Metric tons,70.7995
2013,Material footprint,Metal ores excluding precious metals,Normal value,Millions,Metric tons,77.0479
2014,Material footprint,Metal ores excluding precious metals,Normal value,Millions,Metric tons,75.9188
2015,Material footprint,Metal ores excluding precious metals,Normal value,Millions,Metric tons,71.3841
2016,Material footprint,Metal ores excluding precious metals,Normal value,Millions,Metric tons,59.218900000000005
2017,Material footprint,Metal ores excluding precious metals,Normal value,Millions,Metric tons,59.6148
2018,Material footprint,Metal ores excluding precious metals,Normal value,Millions,Metric tons,65.05980000000001
2019,Material footprint,Metal ores excluding precious metals,Normal value,Millions,Metric tons,64.72109999999999
2020,Material footprint,Metal ores excluding precious metals,Normal value,Millions,Metric tons,54.7599
1990,Material footprint,Non-metallic minerals,Normal value,Millions,Metric tons,323.97490000000005
1991,Material footprint,Non-metallic minerals,Normal value,Millions,Metric tons,324.03740000000005
1992,Material footprint,Non-metallic minerals,Normal value,Millions,Metric tons,316.6202
1993,Material footprint,Non-metallic minerals,Normal value,Millions,Metric tons,285.161
1994,Material footprint,Non-metallic minerals,Normal value,Millions,Metric tons,302.8321
1995,Material footprint,Non-metallic minerals,Normal value,Millions,Metric tons,277.5145
1996,Material footprint,Non-metallic minerals,Normal value,Millions,Metric tons,296.3937
1997,Material footprint,Non-metallic minerals,Normal value,Millions,Metric tons,331.8552
1998,Material footprint,Non-metallic minerals,Normal value,Millions,Metric tons,420.6922
1999,Material footprint,Non-metallic minerals,Normal value,Millions,Metric tons,413.8431
2000,Material footprint,Non-metallic minerals,Normal value,Millions,Metric tons,459.5905
2001,Material footprint,Non-metallic minerals,Normal value,Millions,Metric tons,504.2369000000001
2002,Material footprint,Non-metallic minerals,Normal value,Millions,Metric tons,584.6192
2003,Material footprint,Non-metallic minerals,Normal value,Millions,Metric tons,663.3873000000001
2004,Material footprint,Non-metallic minerals,Normal value,Millions,Metric tons,683.0955
2005,Material footprint,Non-metallic minerals,Normal value,Millions,Metric tons,659.497
2006,Material footprint,Non-metallic minerals,Normal value,Millions,Metric tons,647.0798000000001
2007,Material footprint,Non-metallic minerals,Normal value,Millions,Metric tons,647.1469000000001
2008,Material footprint,Non-metallic minerals,Normal value,Millions,Metric tons,538.7772
2009,Material footprint,Non-metallic minerals,Normal value,Millions,Metric tons,423.0038
2010,Material footprint,Non-metallic minerals,Normal value,Millions,Metric tons,422.2907
2011,Material footprint,Non-metallic minerals,Normal value,Millions,Metric tons,467.0957
2012,Material footprint,Non-metallic minerals,Normal value,Millions,Metric tons,468.41
2013,Material footprint,Non-metallic minerals,Normal value,Millions,Metric tons,409.7001
2014,Material footprint,Non-metallic minerals,Normal value,Millions,Metric tons,539.0135
2015,Material footprint,Non-metallic minerals,Normal value,Millions,Metric tons,598.4051
2016,Material footprint,Non-metallic minerals,Normal value,Millions,Metric tons,451.872
2017,Material footprint,Non-metallic minerals,Normal value,Millions,Metric tons,446.143
2018,Material footprint,Non-metallic minerals,Normal value,Millions,Metric tons,564.9892
2019,Material footprint,Non-metallic minerals,Normal value,Millions,Metric tons,549.9771
2020,Material footprint,Non-metallic minerals,Normal value,Millions,Metric tons,504.7329
1990,Material footprint,Fossil fuels,Normal value,Millions,Metric tons,328.5132
1991,Material footprint,Fossil fuels,Normal value,Millions,Metric tons,322.6513
1992,Material footprint,Fossil fuels,Normal value,Millions,Metric tons,278.83509999999995
1993,Material footprint,Fossil fuels,Normal value,Millions,Metric tons,264.3462
1994,Material footprint,Fossil fuels,Normal value,Millions,Metric tons,252.7468
1995,Material footprint,Fossil fuels,Normal value,Millions,Metric tons,244.1729
1996,Material footprint,Fossil fuels,Normal value,Millions,Metric tons,235.253
1997,Material footprint,Fossil fuels,Normal value,Millions,Metric tons,233.9452
1998,Material footprint,Fossil fuels,Normal value,Millions,Metric tons,254.9484
1999,Material footprint,Fossil fuels,Normal value,Millions,Metric tons,267.819
2000,Material footprint,Fossil fuels,Normal value,Millions,Metric tons,242.0885
2001,Material footprint,Fossil fuels,Normal value,Millions,Metric tons,245.1274
2002,Material footprint,Fossil fuels,Normal value,Millions,Metric tons,280.30920000000003
2003,Material footprint,Fossil fuels,Normal value,Millions,Metric tons,273.6036
2004,Material footprint,Fossil fuels,Normal value,Millions,Metric tons,296.66720000000004
2005,Material footprint,Fossil fuels,Normal value,Millions,Metric tons,291.1317
2006,Material footprint,Fossil fuels,Normal value,Millions,Metric tons,298.4333
2007,Material footprint,Fossil fuels,Normal value,Millions,Metric tons,275.8012
2008,Material footprint,Fossil fuels,Normal value,Millions,Metric tons,275.7763
2009,Material footprint,Fossil fuels,Normal value,Millions,Metric tons,251.0575
2010,Material footprint,Fossil fuels,Normal value,Millions,Metric tons,229.4058
2011,Material footprint,Fossil fuels,Normal value,Millions,Metric tons,252.4463
2012,Material footprint,Fossil fuels,Normal value,Millions,Metric tons,256.3059
2013,Material footprint,Fossil fuels,Normal value,Millions,Metric tons,257.3788
2014,Material footprint,Fossil fuels,Normal value,Millions,Metric tons,239.3094
2015,Material footprint,Fossil fuels,Normal value,Millions,Metric tons,227.4756
2016,Material footprint,Fossil fuels,Normal value,Millions,Metric tons,173.06570000000002
2017,Material footprint,Fossil fuels,Normal value,Millions,Metric tons,162.07520000000002
2018,Material footprint,Fossil fuels,Normal value,Millions,Metric tons,180.2432
2019,Material footprint,Fossil fuels,Normal value,Millions,Metric tons,170.74720000000002
2020,Material footprint,Fossil fuels,Normal value,Millions,Metric tons,142.079
1990,Material footprint per capita,Biomass,Normal value,Units,Metric tons,4.9
1991,Material footprint per capita,Biomass,Normal value,Units,Metric tons,4.9
1992,Material footprint per capita,Biomass,Normal value,Units,Metric tons,4.8
1993,Material footprint per capita,Biomass,Normal value,Units,Metric tons,4.7
1994,Material footprint per capita,Biomass,Normal value,Units,Metric tons,4.6
1995,Material footprint per capita,Biomass,Normal value,Units,Metric tons,4.3
1996,Material footprint per capita,Biomass,Normal value,Units,Metric tons,4.7
1997,Material footprint per capita,Biomass,Normal value,Units,Metric tons,5.2
1998,Material footprint per capita,Biomass,Normal value,Units,Metric tons,5.7
1999,Material footprint per capita,Biomass,Normal value,Units,Metric tons,5.4
2000,Material footprint per capita,Biomass,Normal value,Units,Metric tons,5.3
2001,Material footprint per capita,Biomass,Normal value,Units,Metric tons,4.9
2002,Material footprint per capita,Biomass,Normal value,Units,Metric tons,5.5
2003,Material footprint per capita,Biomass,Normal value,Units,Metric tons,5.3
2004,Material footprint per capita,Biomass,Normal value,Units,Metric tons,6.2
2005,Material footprint per capita,Biomass,Normal value,Units,Metric tons,6.0
2006,Material footprint per capita,Biomass,Normal value,Units,Metric tons,5.4
2007,Material footprint per capita,Biomass,Normal value,Units,Metric tons,5.3
2008,Material footprint per capita,Biomass,Normal value,Units,Metric tons,4.9
2009,Material footprint per capita,Biomass,Normal value,Units,Metric tons,4.7
2010,Material footprint per capita,Biomass,Normal value,Units,Metric tons,4.5
2011,Material footprint per capita,Biomass,Normal value,Units,Metric tons,4.4
2012,Material footprint per capita,Biomass,Normal value,Units,Metric tons,4.6
2013,Material footprint per capita,Biomass,Normal value,Units,Metric tons,4.5
2014,Material footprint per capita,Biomass,Normal value,Units,Metric tons,4.8
2015,Material footprint per capita,Biomass,Normal value,Units,Metric tons,4.7
2016,Material footprint per capita,Biomass,Normal value,Units,Metric tons,4.0
2017,Material footprint per capita,Biomass,Normal value,Units,Metric tons,3.9
2018,Material footprint per capita,Biomass,Normal value,Units,Metric tons,3.9
2019,Material footprint per capita,Biomass,Normal value,Units,Metric tons,4.0
2020,Material footprint per capita,Biomass,Normal value,Units,Metric tons,3.4
1990,Material footprint per capita,Metal ores excluding precious metals,Normal value,Units,Metric tons,0.9
1991,Material footprint per capita,Metal ores excluding precious metals,Normal value,Units,Metric tons,0.8
1992,Material footprint per capita,Metal ores excluding precious metals,Normal value,Units,Metric tons,0.7
1993,Material footprint per capita,Metal ores excluding precious metals,Normal value,Units,Metric tons,0.6
1994,Material footprint per capita,Metal ores excluding precious metals,Normal value,Units,Metric tons,0.6
1995,Material footprint per capita,Metal ores excluding precious metals,Normal value,Units,Metric tons,0.6
1996,Material footprint per capita,Metal ores excluding precious metals,Normal value,Units,Metric tons,0.6
1997,Material footprint per capita,Metal ores excluding precious metals,Normal value,Units,Metric tons,0.7
1998,Material footprint per capita,Metal ores excluding precious metals,Normal value,Units,Metric tons,1.0
1999,Material footprint per capita,Metal ores excluding precious metals,Normal value,Units,Metric tons,1.0
2000,Material footprint per capita,Metal ores excluding precious metals,Normal value,Units,Metric tons,1.1
2001,Material footprint per capita,Metal ores excluding precious metals,Normal value,Units,Metric tons,1.1
2002,Material footprint per capita,Metal ores excluding precious metals,Normal value,Units,Metric tons,1.2
2003,Material footprint per capita,Metal ores excluding precious metals,Normal value,Units,Metric tons,1.1
2004,Material footprint per capita,Metal ores excluding precious metals,Normal value,Units,Metric tons,1.5
2005,Material footprint per capita,Metal ores excluding precious metals,Normal value,Units,Metric tons,1.4
2006,Material footprint per capita,Metal ores excluding precious metals,Normal value,Units,Metric tons,1.3
2007,Material footprint per capita,Metal ores excluding precious metals,Normal value,Units,Metric tons,1.3
2008,Material footprint per capita,Metal ores excluding precious metals,Normal value,Units,Metric tons,1.2
2009,Material footprint per capita,Metal ores excluding precious metals,Normal value,Units,Metric tons,1.0
2010,Material footprint per capita,Metal ores excluding precious metals,Normal value,Units,Metric tons,1.0
2011,Material footprint per capita,Metal ores excluding precious metals,Normal value,Units,Metric tons,1.0
2012,Material footprint per capita,Metal ores excluding precious metals,Normal value,Units,Metric tons,1.1
2013,Material footprint per capita,Metal ores excluding precious metals,Normal value,Units,Metric tons,1.2
2014,Material footprint per capita,Metal ores excluding precious metals,Normal value,Units,Metric tons,1.2
2015,Material footprint per capita,Metal ores excluding precious metals,Normal value,Units,Metric tons,1.1
2016,Material footprint per capita,Metal ores excluding precious metals,Normal value,Units,Metric tons,0.9
2017,Material footprint per capita,Metal ores excluding precious metals,Normal value,Units,Metric tons,0.9
2018,Material footprint per capita,Metal ores excluding precious metals,Normal value,Units,Metric tons,1.0
2019,Material footprint per capita,Metal ores excluding precious metals,Normal value,Units,Metric tons,1.0
2020,Material footprint per capita,Metal ores excluding precious metals,Normal value,Units,Metric tons,0.8
1990,Material footprint per capita,Non-metallic minerals,Normal value,Units,Metric tons,5.8
1991,Material footprint per capita,Non-metallic minerals,Normal value,Units,Metric tons,5.8
1992,Material footprint per capita,Non-metallic minerals,Normal value,Units,Metric tons,5.7
1993,Material footprint per capita,Non-metallic minerals,Normal value,Units,Metric tons,5.1
1994,Material footprint per capita,Non-metallic minerals,Normal value,Units,Metric tons,5.4
1995,Material footprint per capita,Non-metallic minerals,Normal value,Units,Metric tons,4.9
1996,Material footprint per capita,Non-metallic minerals,Normal value,Units,Metric tons,5.2
1997,Material footprint per capita,Non-metallic minerals,Normal value,Units,Metric tons,5.9
1998,Material footprint per capita,Non-metallic minerals,Normal value,Units,Metric tons,7.4
1999,Material footprint per capita,Non-metallic minerals,Normal value,Units,Metric tons,7.3
2000,Material footprint per capita,Non-metallic minerals,Normal value,Units,Metric tons,8.0
2001,Material footprint per capita,Non-metallic minerals,Normal value,Units,Metric tons,8.8
2002,Material footprint per capita,Non-metallic minerals,Normal value,Units,Metric tons,10.1
2003,Material footprint per capita,Non-metallic minerals,Normal value,Units,Metric tons,11.5
2004,Material footprint per capita,Non-metallic minerals,Normal value,Units,Metric tons,11.7
2005,Material footprint per capita,Non-metallic minerals,Normal value,Units,Metric tons,11.2
2006,Material footprint per capita,Non-metallic minerals,Normal value,Units,Metric tons,11.0
2007,Material footprint per capita,Non-metallic minerals,Normal value,Units,Metric tons,10.9
2008,Material footprint per capita,Non-metallic minerals,Normal value,Units,Metric tons,9.0
2009,Material footprint per capita,Non-metallic minerals,Normal value,Units,Metric tons,7.0
2010,Material footprint per capita,Non-metallic minerals,Normal value,Units,Metric tons,6.9
2011,Material footprint per capita,Non-metallic minerals,Normal value,Units,Metric tons,7.6
2012,Material footprint per capita,Non-metallic minerals,Normal value,Units,Metric tons,7.6
2013,Material footprint per capita,Non-metallic minerals,Normal value,Units,Metric tons,6.6
2014,Material footprint per capita,Non-metallic minerals,Normal value,Units,Metric tons,8.6
2015,Material footprint per capita,Non-metallic minerals,Normal value,Units,Metric tons,9.5
2016,Material footprint per capita,Non-metallic minerals,Normal value,Units,Metric tons,7.1
2017,Material footprint per capita,Non-metallic minerals,Normal value,Units,Metric tons,7.0
2018,Material footprint per capita,Non-metallic minerals,Normal value,Units,Metric tons,8.8
2019,Material footprint per capita,Non-metallic minerals,Normal value,Units,Metric tons,8.5
2020,Material footprint per capita,Non-metallic minerals,Normal value,Units,Metric tons,7.7
1990,Material footprint per capita,Fossil fuels,Normal value,Units,Metric tons,5.9
1991,Material footprint per capita,Fossil fuels,Normal value,Units,Metric tons,5.8
1992,Material footprint per capita,Fossil fuels,Normal value,Units,Metric tons,5.0
1993,Material footprint per capita,Fossil fuels,Normal value,Units,Metric tons,4.7
1994,Material footprint per capita,Fossil fuels,Normal value,Units,Metric tons,4.5
1995,Material footprint per capita,Fossil fuels,Normal value,Units,Metric tons,4.3
1996,Material footprint per capita,Fossil fuels,Normal value,Units,Metric tons,4.2
1997,Material footprint per capita,Fossil fuels,Normal value,Units,Metric tons,4.1
1998,Material footprint per capita,Fossil fuels,Normal value,Units,Metric tons,4.5
1999,Material footprint per capita,Fossil fuels,Normal value,Units,Metric tons,4.7
2000,Material footprint per capita,Fossil fuels,Normal value,Units,Metric tons,4.2
2001,Material footprint per capita,Fossil fuels,Normal value,Units,Metric tons,4.3
2002,Material footprint per capita,Fossil fuels,Normal value,Units,Metric tons,4.9
2003,Material footprint per capita,Fossil fuels,Normal value,Units,Metric tons,4.7
2004,Material footprint per capita,Fossil fuels,Normal value,Units,Metric tons,5.1
2005,Material footprint per capita,Fossil fuels,Normal value,Units,Metric tons,5.0
2006,Material footprint per capita,Fossil fuels,Normal value,Units,Metric tons,5.1
2007,Material footprint per capita,Fossil fuels,Normal value,Units,Metric tons,4.6
2008,Material footprint per capita,Fossil fuels,Normal value,Units,Metric tons,4.6
2009,Material footprint per capita,Fossil fuels,Normal value,Units,Metric tons,4.2
2010,Material footprint per capita,Fossil fuels,Normal value,Units,Metric tons,3.8
2011,Material footprint per capita,Fossil fuels,Normal value,Units,Metric tons,4.1
2012,Material footprint per capita,Fossil fuels,Normal value,Units,Metric tons,4.1
2013,Material footprint per capita,Fossil fuels,Normal value,Units,Metric tons,4.1
2014,Material footprint per capita,Fossil fuels,Normal value,Units,Metric tons,3.8
2015,Material footprint per capita,Fossil fuels,Normal value,Units,Metric tons,3.6
2016,Material footprint per capita,Fossil fuels,Normal value,Units,Metric tons,2.7
2017,Material footprint per capita,Fossil fuels,Normal value,Units,Metric tons,2.5
2018,Material footprint per capita,Fossil fuels,Normal value,Units,Metric tons,2.8
2019,Material footprint per capita,Fossil fuels,Normal value,Units,Metric tons,2.6
2020,Material footprint per capita,Fossil fuels,Normal value,Units,Metric tons,2.2
1990,Material footprint per unit of GDP,Biomass,Normal value,Units,Kilograms per constant USD,0.0794788194220028
1991,Material footprint per unit of GDP,Biomass,Normal value,Units,Kilograms per constant USD,0.0850455829432965
1992,Material footprint per unit of GDP,Biomass,Normal value,Units,Kilograms per constant USD,0.0874018013467814
1993,Material footprint per unit of GDP,Biomass,Normal value,Units,Kilograms per constant USD,0.084763145064441
1994,Material footprint per unit of GDP,Biomass,Normal value,Units,Kilograms per constant USD,0.0823989620822569
1995,Material footprint per unit of GDP,Biomass,Normal value,Units,Kilograms per constant USD,0.0767658727800696
1996,Material footprint per unit of GDP,Biomass,Normal value,Units,Kilograms per constant USD,0.0858922412583087
1997,Material footprint per unit of GDP,Biomass,Normal value,Units,Kilograms per constant USD,0.0920730319044359
1998,Material footprint per unit of GDP,Biomass,Normal value,Units,Kilograms per constant USD,0.0988189733065432
1999,Material footprint per unit of GDP,Biomass,Normal value,Units,Kilograms per constant USD,0.0921374169767495
2000,Material footprint per unit of GDP,Biomass,Normal value,Units,Kilograms per constant USD,0.0885325364791936
2001,Material footprint per unit of GDP,Biomass,Normal value,Units,Kilograms per constant USD,0.0823265558673214
2002,Material footprint per unit of GDP,Biomass,Normal value,Units,Kilograms per constant USD,0.0922999235086814
2003,Material footprint per unit of GDP,Biomass,Normal value,Units,Kilograms per constant USD,0.087905375109048
2004,Material footprint per unit of GDP,Biomass,Normal value,Units,Kilograms per constant USD,0.1038691456028073
2005,Material footprint per unit of GDP,Biomass,Normal value,Units,Kilograms per constant USD,0.1016990224344762
2006,Material footprint per unit of GDP,Biomass,Normal value,Units,Kilograms per constant USD,0.0931985183122341
2007,Material footprint per unit of GDP,Biomass,Normal value,Units,Kilograms per constant USD,0.0915317751517878
2008,Material footprint per unit of GDP,Biomass,Normal value,Units,Kilograms per constant USD,0.0889120993974002
2009,Material footprint per unit of GDP,Biomass,Normal value,Units,Kilograms per constant USD,0.0906074891712092
2010,Material footprint per unit of GDP,Biomass,Normal value,Units,Kilograms per constant USD,0.0872731978081828
2011,Material footprint per unit of GDP,Biomass,Normal value,Units,Kilograms per constant USD,0.0872575276460783
2012,Material footprint per unit of GDP,Biomass,Normal value,Units,Kilograms per constant USD,0.0919177437103719
2013,Material footprint per unit of GDP,Biomass,Normal value,Units,Kilograms per constant USD,0.0891082367725661
2014,Material footprint per unit of GDP,Biomass,Normal value,Units,Kilograms per constant USD,0.0958197304280511
2015,Material footprint per unit of GDP,Biomass,Normal value,Units,Kilograms per constant USD,0.0913951498550988
2016,Material footprint per unit of GDP,Biomass,Normal value,Units,Kilograms per constant USD,0.0801137335370045
2017,Material footprint per unit of GDP,Biomass,Normal value,Units,Kilograms per constant USD,0.0787150671078091
2018,Material footprint per unit of GDP,Biomass,Normal value,Units,Kilograms per constant USD,0.0794310899639773
2019,Material footprint per unit of GDP,Biomass,Normal value,Units,Kilograms per constant USD,0.0813128616123353
2020,Material footprint per unit of GDP,Biomass,Normal value,Units,Kilograms per constant USD,0.0831362766961857
1990,Material footprint per unit of GDP,Metal ores excluding precious metals,Normal value,Units,Kilograms per constant USD,0.014164444255883
1991,Material footprint per unit of GDP,Metal ores excluding precious metals,Normal value,Units,Kilograms per constant USD,0.014294002263309
1992,Material footprint per unit of GDP,Metal ores excluding precious metals,Normal value,Units,Kilograms per constant USD,0.0119015556376383
1993,Material footprint per unit of GDP,Metal ores excluding precious metals,Normal value,Units,Kilograms per constant USD,0.0113084364590928
1994,Material footprint per unit of GDP,Metal ores excluding precious metals,Normal value,Units,Kilograms per constant USD,0.0108735399907182
1995,Material footprint per unit of GDP,Metal ores excluding precious metals,Normal value,Units,Kilograms per constant USD,0.0100023370242525
1996,Material footprint per unit of GDP,Metal ores excluding precious metals,Normal value,Units,Kilograms per constant USD,0.010818679937156
1997,Material footprint per unit of GDP,Metal ores excluding precious metals,Normal value,Units,Kilograms per constant USD,0.0125640022983082
1998,Material footprint per unit of GDP,Metal ores excluding precious metals,Normal value,Units,Kilograms per constant USD,0.0172125165565548
1999,Material footprint per unit of GDP,Metal ores excluding precious metals,Normal value,Units,Kilograms per constant USD,0.0164876121050487
2000,Material footprint per unit of GDP,Metal ores excluding precious metals,Normal value,Units,Kilograms per constant USD,0.018236339399133
2001,Material footprint per unit of GDP,Metal ores excluding precious metals,Normal value,Units,Kilograms per constant USD,0.0184343618343298
2002,Material footprint per unit of GDP,Metal ores excluding precious metals,Normal value,Units,Kilograms per constant USD,0.0208543476854844
2003,Material footprint per unit of GDP,Metal ores excluding precious metals,Normal value,Units,Kilograms per constant USD,0.0188124602852442
2004,Material footprint per unit of GDP,Metal ores excluding precious metals,Normal value,Units,Kilograms per constant USD,0.0246832080698842
2005,Material footprint per unit of GDP,Metal ores excluding precious metals,Normal value,Units,Kilograms per constant USD,0.0241772970099721
2006,Material footprint per unit of GDP,Metal ores excluding precious metals,Normal value,Units,Kilograms per constant USD,0.0230434653621367
2007,Material footprint per unit of GDP,Metal ores excluding precious metals,Normal value,Units,Kilograms per constant USD,0.0229383067674334
2008,Material footprint per unit of GDP,Metal ores excluding precious metals,Normal value,Units,Kilograms per constant USD,0.0210320133816614
2009,Material footprint per unit of GDP,Metal ores excluding precious metals,Normal value,Units,Kilograms per constant USD,0.019730536817852
2010,Material footprint per unit of GDP,Metal ores excluding precious metals,Normal value,Units,Kilograms per constant USD,0.0197223649956356
2011,Material footprint per unit of GDP,Metal ores excluding precious metals,Normal value,Units,Kilograms per constant USD,0.0206235009238981
2012,Material footprint per unit of GDP,Metal ores excluding precious metals,Normal value,Units,Kilograms per constant USD,0.0226975340898183
2013,Material footprint per unit of GDP,Metal ores excluding precious metals,Normal value,Units,Kilograms per constant USD,0.0246971048685143
2014,Material footprint per unit of GDP,Metal ores excluding precious metals,Normal value,Units,Kilograms per constant USD,0.0239602189612175
2015,Material footprint per unit of GDP,Metal ores excluding precious metals,Normal value,Units,Kilograms per constant USD,0.0221657953797187
2016,Material footprint per unit of GDP,Metal ores excluding precious metals,Normal value,Units,Kilograms per constant USD,0.0184165652525566
2017,Material footprint per unit of GDP,Metal ores excluding precious metals,Normal value,Units,Kilograms per constant USD,0.018548953875758
2018,Material footprint per unit of GDP,Metal ores excluding precious metals,Normal value,Units,Kilograms per constant USD,0.0203401650934157
2019,Material footprint per unit of GDP,Metal ores excluding precious metals,Normal value,Units,Kilograms per constant USD,0.0203697520584855
2020,Material footprint per unit of GDP,Metal ores excluding precious metals,Normal value,Units,Kilograms per constant USD,0.0202678325458007
1990,Material footprint per unit of GDP,Non-metallic minerals,Normal value,Units,Kilograms per constant USD,0.0935903983389475
1991,Material footprint per unit of GDP,Non-metallic minerals,Normal value,Units,Kilograms per constant USD,0.1013268315780481
1992,Material footprint per unit of GDP,Non-metallic minerals,Normal value,Units,Kilograms per constant USD,0.1020874650197002
1993,Material footprint per unit of GDP,Non-metallic minerals,Normal value,Units,Kilograms per constant USD,0.0925520143363491
1994,Material footprint per unit of GDP,Non-metallic minerals,Normal value,Units,Kilograms per constant USD,0.0963356050514232
1995,Material footprint per unit of GDP,Non-metallic minerals,Normal value,Units,Kilograms per constant USD,0.0885934915362962
1996,Material footprint per unit of GDP,Non-metallic minerals,Normal value,Units,Kilograms per constant USD,0.0967705388607389
1997,Material footprint per unit of GDP,Non-metallic minerals,Normal value,Units,Kilograms per constant USD,0.1033723200841357
1998,Material footprint per unit of GDP,Non-metallic minerals,Normal value,Units,Kilograms per constant USD,0.1283185801066337
1999,Material footprint per unit of GDP,Non-metallic minerals,Normal value,Units,Kilograms per constant USD,0.1239481649270366
2000,Material footprint per unit of GDP,Non-metallic minerals,Normal value,Units,Kilograms per constant USD,0.1347315952001745
2001,Material footprint per unit of GDP,Non-metallic minerals,Normal value,Units,Kilograms per constant USD,0.1465038041719721
2002,Material footprint per unit of GDP,Non-metallic minerals,Normal value,Units,Kilograms per constant USD,0.1699319408242992
2003,Material footprint per unit of GDP,Non-metallic minerals,Normal value,Units,Kilograms per constant USD,0.1913286548831236
2004,Material footprint per unit of GDP,Non-metallic minerals,Normal value,Units,Kilograms per constant USD,0.197719538002512
2005,Material footprint per unit of GDP,Non-metallic minerals,Normal value,Units,Kilograms per constant USD,0.1909913414815603
2006,Material footprint per unit of GDP,Non-metallic minerals,Normal value,Units,Kilograms per constant USD,0.1879616607862159
2007,Material footprint per unit of GDP,Non-metallic minerals,Normal value,Units,Kilograms per constant USD,0.1879254159424538
2008,Material footprint per unit of GDP,Non-metallic minerals,Normal value,Units,Kilograms per constant USD,0.1621111484997722
2009,Material footprint per unit of GDP,Non-metallic minerals,Normal value,Units,Kilograms per constant USD,0.1352715457997775
2010,Material footprint per unit of GDP,Non-metallic minerals,Normal value,Units,Kilograms per constant USD,0.1341960842770695
2011,Material footprint per unit of GDP,Non-metallic minerals,Normal value,Units,Kilograms per constant USD,0.1496778797825149
2012,Material footprint per unit of GDP,Non-metallic minerals,Normal value,Units,Kilograms per constant USD,0.1501670483974009
2013,Material footprint per unit of GDP,Non-metallic minerals,Normal value,Units,Kilograms per constant USD,0.1313261793551907
2014,Material footprint per unit of GDP,Non-metallic minerals,Normal value,Units,Kilograms per constant USD,0.1701144049043483
2015,Material footprint per unit of GDP,Non-metallic minerals,Normal value,Units,Kilograms per constant USD,0.1858134374570824
2016,Material footprint per unit of GDP,Non-metallic minerals,Normal value,Units,Kilograms per constant USD,0.1405282802247811
2017,Material footprint per unit of GDP,Non-metallic minerals,Normal value,Units,Kilograms per constant USD,0.1388159639719053
2018,Material footprint per unit of GDP,Non-metallic minerals,Normal value,Units,Kilograms per constant USD,0.1766370877868801
2019,Material footprint per unit of GDP,Non-metallic minerals,Normal value,Units,Kilograms per constant USD,0.1730949746658338
2020,Material footprint per unit of GDP,Non-metallic minerals,Normal value,Units,Kilograms per constant USD,0.1868126475314311
1990,Material footprint per unit of GDP,Fossil fuels,Normal value,Units,Kilograms per constant USD,0.0949014298564559
1991,Material footprint per unit of GDP,Fossil fuels,Normal value,Units,Kilograms per constant USD,0.1008933966682188
1992,Material footprint per unit of GDP,Fossil fuels,Normal value,Units,Kilograms per constant USD,0.08990446129942
1993,Material footprint per unit of GDP,Fossil fuels,Normal value,Units,Kilograms per constant USD,0.0857963511565726
1994,Material footprint per unit of GDP,Fossil fuels,Normal value,Units,Kilograms per constant USD,0.0804026914676847
1995,Material footprint per unit of GDP,Fossil fuels,Normal value,Units,Kilograms per constant USD,0.0779495476796452
1996,Material footprint per unit of GDP,Fossil fuels,Normal value,Units,Kilograms per constant USD,0.076808513739008
1997,Material footprint per unit of GDP,Fossil fuels,Normal value,Units,Kilograms per constant USD,0.0728735246473376
1998,Material footprint per unit of GDP,Fossil fuels,Normal value,Units,Kilograms per constant USD,0.0777637823768971
1999,Material footprint per unit of GDP,Fossil fuels,Normal value,Units,Kilograms per constant USD,0.0802131860663957
2000,Material footprint per unit of GDP,Fossil fuels,Normal value,Units,Kilograms per constant USD,0.0709696344563637
2001,Material footprint per unit of GDP,Fossil fuels,Normal value,Units,Kilograms per constant USD,0.0712206833866872
2002,Material footprint per unit of GDP,Fossil fuels,Normal value,Units,Kilograms per constant USD,0.0814778002277493
2003,Material footprint per unit of GDP,Fossil fuels,Normal value,Units,Kilograms per constant USD,0.0789104777242196
2004,Material footprint per unit of GDP,Fossil fuels,Normal value,Units,Kilograms per constant USD,0.0858692550668227
2005,Material footprint per unit of GDP,Fossil fuels,Normal value,Units,Kilograms per constant USD,0.0843121863038151
2006,Material footprint per unit of GDP,Fossil fuels,Normal value,Units,Kilograms per constant USD,0.0866879459100887
2007,Material footprint per unit of GDP,Fossil fuels,Normal value,Units,Kilograms per constant USD,0.0800900927245852
2008,Material footprint per unit of GDP,Fossil fuels,Normal value,Units,Kilograms per constant USD,0.0829775512438494
2009,Material footprint per unit of GDP,Fossil fuels,Normal value,Units,Kilograms per constant USD,0.0802851797303656
2010,Material footprint per unit of GDP,Fossil fuels,Normal value,Units,Kilograms per constant USD,0.0729008715333976
2011,Material footprint per unit of GDP,Fossil fuels,Normal value,Units,Kilograms per constant USD,0.08089482935283
2012,Material footprint per unit of GDP,Fossil fuels,Normal value,Units,Kilograms per constant USD,0.0821688275012049
2013,Material footprint per unit of GDP,Fossil fuels,Normal value,Units,Kilograms per constant USD,0.0825007717865427
2014,Material footprint per unit of GDP,Fossil fuels,Normal value,Units,Kilograms per constant USD,0.0755268210703751
2015,Material footprint per unit of GDP,Fossil fuels,Normal value,Units,Kilograms per constant USD,0.0706344634656561
2016,Material footprint per unit of GDP,Fossil fuels,Normal value,Units,Kilograms per constant USD,0.0538219345011372
2017,Material footprint per unit of GDP,Fossil fuels,Normal value,Units,Kilograms per constant USD,0.0504291788147283
2018,Material footprint per unit of GDP,Fossil fuels,Normal value,Units,Kilograms per constant USD,0.0563508717359344
2019,Material footprint per unit of GDP,Fossil fuels,Normal value,Units,Kilograms per constant USD,0.0537394779860144
2020,Material footprint per unit of GDP,Fossil fuels,Normal value,Units,Kilograms per constant USD,0.0525865346772881
1990,Material footprint per unit of GDP,Biomass,Definition differs,Units,Tons per GDP (millions of pounds),225.4
1991,Material footprint per unit of GDP,Biomass,Definition differs,Units,Tons per GDP (millions of pounds),225.3
1992,Material footprint per unit of GDP,Biomass,Definition differs,Units,Tons per GDP (millions of pounds),223.6
1993,Material footprint per unit of GDP,Biomass,Definition differs,Units,Tons per GDP (millions of pounds),210.2
1994,Material footprint per unit of GDP,Biomass,Definition differs,Units,Tons per GDP (millions of pounds),200.8
1995,Material footprint per unit of GDP,Biomass,Definition differs,Units,Tons per GDP (millions of pounds),181.8
1996,Material footprint per unit of GDP,Biomass,Definition differs,Units,Tons per GDP (millions of pounds),194.0
1997,Material footprint per unit of GDP,Biomass,Definition differs,Units,Tons per GDP (millions of pounds),207.7
1998,Material footprint per unit of GDP,Biomass,Definition differs,Units,Tons per GDP (millions of pounds),219.5
1999,Material footprint per unit of GDP,Biomass,Definition differs,Units,Tons per GDP (millions of pounds),201.8
2000,Material footprint per unit of GDP,Biomass,Definition differs,Units,Tons per GDP (millions of pounds),191.4
2001,Material footprint per unit of GDP,Biomass,Definition differs,Units,Tons per GDP (millions of pounds),174.8
2002,Material footprint per unit of GDP,Biomass,Definition differs,Units,Tons per GDP (millions of pounds),191.7
2003,Material footprint per unit of GDP,Biomass,Definition differs,Units,Tons per GDP (millions of pounds),178.1
2004,Material footprint per unit of GDP,Biomass,Definition differs,Units,Tons per GDP (millions of pounds),205.0
2005,Material footprint per unit of GDP,Biomass,Definition differs,Units,Tons per GDP (millions of pounds),194.8
2006,Material footprint per unit of GDP,Biomass,Definition differs,Units,Tons per GDP (millions of pounds),173.3
2007,Material footprint per unit of GDP,Biomass,Definition differs,Units,Tons per GDP (millions of pounds),166.4
2008,Material footprint per unit of GDP,Biomass,Definition differs,Units,Tons per GDP (millions of pounds),156.4
2009,Material footprint per unit of GDP,Biomass,Definition differs,Units,Tons per GDP (millions of pounds),156.4
2010,Material footprint per unit of GDP,Biomass,Definition differs,Units,Tons per GDP (millions of pounds),148.5
2011,Material footprint per unit of GDP,Biomass,Definition differs,Units,Tons per GDP (millions of pounds),145.4
2012,Material footprint per unit of GDP,Biomass,Definition differs,Units,Tons per GDP (millions of pounds),150.9
2013,Material footprint per unit of GDP,Biomass,Definition differs,Units,Tons per GDP (millions of pounds),143.2
2014,Material footprint per unit of GDP,Biomass,Definition differs,Units,Tons per GDP (millions of pounds),152.1
2015,Material footprint per unit of GDP,Biomass,Definition differs,Units,Tons per GDP (millions of pounds),144.0
2016,Material footprint per unit of GDP,Biomass,Definition differs,Units,Tons per GDP (millions of pounds),123.9
2017,Material footprint per unit of GDP,Biomass,Definition differs,Units,Tons per GDP (millions of pounds),119.6
2018,Material footprint per unit of GDP,Biomass,Definition differs,Units,Tons per GDP (millions of pounds),118.6
2019,Material footprint per unit of GDP,Biomass,Definition differs,Units,Tons per GDP (millions of pounds),118.9
2020,Material footprint per unit of GDP,Biomass,Definition differs,Units,Tons per GDP (millions of pounds),114.8
1990,Material footprint per unit of GDP,Metal ores excluding precious metals,Definition differs,Units,Tons per GDP (millions of pounds),40.2
1991,Material footprint per unit of GDP,Metal ores excluding precious metals,Definition differs,Units,Tons per GDP (millions of pounds),37.9
1992,Material footprint per unit of GDP,Metal ores excluding precious metals,Definition differs,Units,Tons per GDP (millions of pounds),30.5
1993,Material footprint per unit of GDP,Metal ores excluding precious metals,Definition differs,Units,Tons per GDP (millions of pounds),28.0
1994,Material footprint per unit of GDP,Metal ores excluding precious metals,Definition differs,Units,Tons per GDP (millions of pounds),26.5
1995,Material footprint per unit of GDP,Metal ores excluding precious metals,Definition differs,Units,Tons per GDP (millions of pounds),23.7
1996,Material footprint per unit of GDP,Metal ores excluding precious metals,Definition differs,Units,Tons per GDP (millions of pounds),24.4
1997,Material footprint per unit of GDP,Metal ores excluding precious metals,Definition differs,Units,Tons per GDP (millions of pounds),28.3
1998,Material footprint per unit of GDP,Metal ores excluding precious metals,Definition differs,Units,Tons per GDP (millions of pounds),38.2
1999,Material footprint per unit of GDP,Metal ores excluding precious metals,Definition differs,Units,Tons per GDP (millions of pounds),36.1
2000,Material footprint per unit of GDP,Metal ores excluding precious metals,Definition differs,Units,Tons per GDP (millions of pounds),39.4
2001,Material footprint per unit of GDP,Metal ores excluding precious metals,Definition differs,Units,Tons per GDP (millions of pounds),39.1
2002,Material footprint per unit of GDP,Metal ores excluding precious metals,Definition differs,Units,Tons per GDP (millions of pounds),43.3
2003,Material footprint per unit of GDP,Metal ores excluding precious metals,Definition differs,Units,Tons per GDP (millions of pounds),38.1
2004,Material footprint per unit of GDP,Metal ores excluding precious metals,Definition differs,Units,Tons per GDP (millions of pounds),48.7
2005,Material footprint per unit of GDP,Metal ores excluding precious metals,Definition differs,Units,Tons per GDP (millions of pounds),46.3
2006,Material footprint per unit of GDP,Metal ores excluding precious metals,Definition differs,Units,Tons per GDP (millions of pounds),42.9
2007,Material footprint per unit of GDP,Metal ores excluding precious metals,Definition differs,Units,Tons per GDP (millions of pounds),41.7
2008,Material footprint per unit of GDP,Metal ores excluding precious metals,Definition differs,Units,Tons per GDP (millions of pounds),37.0
2009,Material footprint per unit of GDP,Metal ores excluding precious metals,Definition differs,Units,Tons per GDP (millions of pounds),34.1
2010,Material footprint per unit of GDP,Metal ores excluding precious metals,Definition differs,Units,Tons per GDP (millions of pounds),33.6
2011,Material footprint per unit of GDP,Metal ores excluding precious metals,Definition differs,Units,Tons per GDP (millions of pounds),34.4
2012,Material footprint per unit of GDP,Metal ores excluding precious metals,Definition differs,Units,Tons per GDP (millions of pounds),37.3
2013,Material footprint per unit of GDP,Metal ores excluding precious metals,Definition differs,Units,Tons per GDP (millions of pounds),39.7
2014,Material footprint per unit of GDP,Metal ores excluding precious metals,Definition differs,Units,Tons per GDP (millions of pounds),38.0
2015,Material footprint per unit of GDP,Metal ores excluding precious metals,Definition differs,Units,Tons per GDP (millions of pounds),34.9
2016,Material footprint per unit of GDP,Metal ores excluding precious metals,Definition differs,Units,Tons per GDP (millions of pounds),28.5
2017,Material footprint per unit of GDP,Metal ores excluding precious metals,Definition differs,Units,Tons per GDP (millions of pounds),28.2
2018,Material footprint per unit of GDP,Metal ores excluding precious metals,Definition differs,Units,Tons per GDP (millions of pounds),30.4
2019,Material footprint per unit of GDP,Metal ores excluding precious metals,Definition differs,Units,Tons per GDP (millions of pounds),29.8
2020,Material footprint per unit of GDP,Metal ores excluding precious metals,Definition differs,Units,Tons per GDP (millions of pounds),28.0
1990,Material footprint per unit of GDP,Non-metallic minerals,Definition differs,Units,Tons per GDP (millions of pounds),265.4
1991,Material footprint per unit of GDP,Non-metallic minerals,Definition differs,Units,Tons per GDP (millions of pounds),268.4
1992,Material footprint per unit of GDP,Non-metallic minerals,Definition differs,Units,Tons per GDP (millions of pounds),261.2
1993,Material footprint per unit of GDP,Non-metallic minerals,Definition differs,Units,Tons per GDP (millions of pounds),229.5
1994,Material footprint per unit of GDP,Non-metallic minerals,Definition differs,Units,Tons per GDP (millions of pounds),234.7
1995,Material footprint per unit of GDP,Non-metallic minerals,Definition differs,Units,Tons per GDP (millions of pounds),209.8
1996,Material footprint per unit of GDP,Non-metallic minerals,Definition differs,Units,Tons per GDP (millions of pounds),218.6
1997,Material footprint per unit of GDP,Non-metallic minerals,Definition differs,Units,Tons per GDP (millions of pounds),233.2
1998,Material footprint per unit of GDP,Non-metallic minerals,Definition differs,Units,Tons per GDP (millions of pounds),285.0
1999,Material footprint per unit of GDP,Non-metallic minerals,Definition differs,Units,Tons per GDP (millions of pounds),271.4
2000,Material footprint per unit of GDP,Non-metallic minerals,Definition differs,Units,Tons per GDP (millions of pounds),291.2
2001,Material footprint per unit of GDP,Non-metallic minerals,Definition differs,Units,Tons per GDP (millions of pounds),311.0
2002,Material footprint per unit of GDP,Non-metallic minerals,Definition differs,Units,Tons per GDP (millions of pounds),352.9
2003,Material footprint per unit of GDP,Non-metallic minerals,Definition differs,Units,Tons per GDP (millions of pounds),387.6
2004,Material footprint per unit of GDP,Non-metallic minerals,Definition differs,Units,Tons per GDP (millions of pounds),390.2
2005,Material footprint per unit of GDP,Non-metallic minerals,Definition differs,Units,Tons per GDP (millions of pounds),365.9
2006,Material footprint per unit of GDP,Non-metallic minerals,Definition differs,Units,Tons per GDP (millions of pounds),349.6
2007,Material footprint per unit of GDP,Non-metallic minerals,Definition differs,Units,Tons per GDP (millions of pounds),341.6
2008,Material footprint per unit of GDP,Non-metallic minerals,Definition differs,Units,Tons per GDP (millions of pounds),285.2
2009,Material footprint per unit of GDP,Non-metallic minerals,Definition differs,Units,Tons per GDP (millions of pounds),233.5
2010,Material footprint per unit of GDP,Non-metallic minerals,Definition differs,Units,Tons per GDP (millions of pounds),228.4
2011,Material footprint per unit of GDP,Non-metallic minerals,Definition differs,Units,Tons per GDP (millions of pounds),249.4
2012,Material footprint per unit of GDP,Non-metallic minerals,Definition differs,Units,Tons per GDP (millions of pounds),246.6
2013,Material footprint per unit of GDP,Non-metallic minerals,Definition differs,Units,Tons per GDP (millions of pounds),211.1
2014,Material footprint per unit of GDP,Non-metallic minerals,Definition differs,Units,Tons per GDP (millions of pounds),269.9
2015,Material footprint per unit of GDP,Non-metallic minerals,Definition differs,Units,Tons per GDP (millions of pounds),292.8
2016,Material footprint per unit of GDP,Non-metallic minerals,Definition differs,Units,Tons per GDP (millions of pounds),217.3
2017,Material footprint per unit of GDP,Non-metallic minerals,Definition differs,Units,Tons per GDP (millions of pounds),210.9
2018,Material footprint per unit of GDP,Non-metallic minerals,Definition differs,Units,Tons per GDP (millions of pounds),263.8
2019,Material footprint per unit of GDP,Non-metallic minerals,Definition differs,Units,Tons per GDP (millions of pounds),253.2
2020,Material footprint per unit of GDP,Non-metallic minerals,Definition differs,Units,Tons per GDP (millions of pounds),257.9
1990,Material footprint per unit of GDP,Fossil fuels,Definition differs,Units,Tons per GDP (millions of pounds),269.1
1991,Material footprint per unit of GDP,Fossil fuels,Definition differs,Units,Tons per GDP (millions of pounds),267.2
1992,Material footprint per unit of GDP,Fossil fuels,Definition differs,Units,Tons per GDP (millions of pounds),230.0
1993,Material footprint per unit of GDP,Fossil fuels,Definition differs,Units,Tons per GDP (millions of pounds),212.8
1994,Material footprint per unit of GDP,Fossil fuels,Definition differs,Units,Tons per GDP (millions of pounds),195.9
1995,Material footprint per unit of GDP,Fossil fuels,Definition differs,Units,Tons per GDP (millions of pounds),184.6
1996,Material footprint per unit of GDP,Fossil fuels,Definition differs,Units,Tons per GDP (millions of pounds),173.5
1997,Material footprint per unit of GDP,Fossil fuels,Definition differs,Units,Tons per GDP (millions of pounds),164.4
1998,Material footprint per unit of GDP,Fossil fuels,Definition differs,Units,Tons per GDP (millions of pounds),172.7
1999,Material footprint per unit of GDP,Fossil fuels,Definition differs,Units,Tons per GDP (millions of pounds),175.7
2000,Material footprint per unit of GDP,Fossil fuels,Definition differs,Units,Tons per GDP (millions of pounds),153.4
2001,Material footprint per unit of GDP,Fossil fuels,Definition differs,Units,Tons per GDP (millions of pounds),151.2
2002,Material footprint per unit of GDP,Fossil fuels,Definition differs,Units,Tons per GDP (millions of pounds),169.2
2003,Material footprint per unit of GDP,Fossil fuels,Definition differs,Units,Tons per GDP (millions of pounds),159.9
2004,Material footprint per unit of GDP,Fossil fuels,Definition differs,Units,Tons per GDP (millions of pounds),169.5
2005,Material footprint per unit of GDP,Fossil fuels,Definition differs,Units,Tons per GDP (millions of pounds),161.5
2006,Material footprint per unit of GDP,Fossil fuels,Definition differs,Units,Tons per GDP (millions of pounds),161.2
2007,Material footprint per unit of GDP,Fossil fuels,Definition differs,Units,Tons per GDP (millions of pounds),145.6
2008,Material footprint per unit of GDP,Fossil fuels,Definition differs,Units,Tons per GDP (millions of pounds),146.0
2009,Material footprint per unit of GDP,Fossil fuels,Definition differs,Units,Tons per GDP (millions of pounds),138.6
2010,Material footprint per unit of GDP,Fossil fuels,Definition differs,Units,Tons per GDP (millions of pounds),124.1
2011,Material footprint per unit of GDP,Fossil fuels,Definition differs,Units,Tons per GDP (millions of pounds),134.8
2012,Material footprint per unit of GDP,Fossil fuels,Definition differs,Units,Tons per GDP (millions of pounds),134.9
2013,Material footprint per unit of GDP,Fossil fuels,Definition differs,Units,Tons per GDP (millions of pounds),132.6
2014,Material footprint per unit of GDP,Fossil fuels,Definition differs,Units,Tons per GDP (millions of pounds),119.9
2015,Material footprint per unit of GDP,Fossil fuels,Definition differs,Units,Tons per GDP (millions of pounds),111.3
2016,Material footprint per unit of GDP,Fossil fuels,Definition differs,Units,Tons per GDP (millions of pounds),83.2
2017,Material footprint per unit of GDP,Fossil fuels,Definition differs,Units,Tons per GDP (millions of pounds),76.6
2018,Material footprint per unit of GDP,Fossil fuels,Definition differs,Units,Tons per GDP (millions of pounds),84.2
2019,Material footprint per unit of GDP,Fossil fuels,Definition differs,Units,Tons per GDP (millions of pounds),78.6
2020,Material footprint per unit of GDP,Fossil fuels,Definition differs,Units,Tons per GDP (millions of pounds),72.6
