Year,Industry sector,Observation status,Unit multiplier,Unit measure,Value
1997,Accommodation and food services,Undefined,Thousand,Tonnes per million GBP (£),0.09
1998,Accommodation and food services,Undefined,Thousand,Tonnes per million GBP (£),0.09
1999,Accommodation and food services,Undefined,Thousand,Tonnes per million GBP (£),0.09
2000,Accommodation and food services,Undefined,Thousand,Tonnes per million GBP (£),0.09
2001,Accommodation and food services,Undefined,Thousand,Tonnes per million GBP (£),0.09
2002,Accommodation and food services,Undefined,Thousand,Tonnes per million GBP (£),0.07
2003,Accommodation and food services,Undefined,Thousand,Tonnes per million GBP (£),0.08
2004,Accommodation and food services,Undefined,Thousand,Tonnes per million GBP (£),0.07
2005,Accommodation and food services,Undefined,Thousand,Tonnes per million GBP (£),0.07
2006,Accommodation and food services,Undefined,Thousand,Tonnes per million GBP (£),0.06
2007,Accommodation and food services,Undefined,Thousand,Tonnes per million GBP (£),0.06
2008,Accommodation and food services,Undefined,Thousand,Tonnes per million GBP (£),0.07
2009,Accommodation and food services,Undefined,Thousand,Tonnes per million GBP (£),0.06
2010,Accommodation and food services,Undefined,Thousand,Tonnes per million GBP (£),0.06
2011,Accommodation and food services,Undefined,Thousand,Tonnes per million GBP (£),0.06
2012,Accommodation and food services,Undefined,Thousand,Tonnes per million GBP (£),0.06
2013,Accommodation and food services,Undefined,Thousand,Tonnes per million GBP (£),0.06
2014,Accommodation and food services,Undefined,Thousand,Tonnes per million GBP (£),0.05
2015,Accommodation and food services,Undefined,Thousand,Tonnes per million GBP (£),0.05
2016,Accommodation and food services,Undefined,Thousand,Tonnes per million GBP (£),0.06
2017,Accommodation and food services,Undefined,Thousand,Tonnes per million GBP (£),0.05
1997,Activities of households as employers; undifferentiated goods and services-producing activities of households for own use,Undefined,Thousand,Tonnes per million GBP (£),0.02
1998,Activities of households as employers; undifferentiated goods and services-producing activities of households for own use,Undefined,Thousand,Tonnes per million GBP (£),0.02
1999,Activities of households as employers; undifferentiated goods and services-producing activities of households for own use,Undefined,Thousand,Tonnes per million GBP (£),0.02
2000,Activities of households as employers; undifferentiated goods and services-producing activities of households for own use,Undefined,Thousand,Tonnes per million GBP (£),0.02
2001,Activities of households as employers; undifferentiated goods and services-producing activities of households for own use,Undefined,Thousand,Tonnes per million GBP (£),0.02
2002,Activities of households as employers; undifferentiated goods and services-producing activities of households for own use,Undefined,Thousand,Tonnes per million GBP (£),0.01
2003,Activities of households as employers; undifferentiated goods and services-producing activities of households for own use,Undefined,Thousand,Tonnes per million GBP (£),0.01
2004,Activities of households as employers; undifferentiated goods and services-producing activities of households for own use,Undefined,Thousand,Tonnes per million GBP (£),0.02
2005,Activities of households as employers; undifferentiated goods and services-producing activities of households for own use,Undefined,Thousand,Tonnes per million GBP (£),0.01
2006,Activities of households as employers; undifferentiated goods and services-producing activities of households for own use,Undefined,Thousand,Tonnes per million GBP (£),0.02
2007,Activities of households as employers; undifferentiated goods and services-producing activities of households for own use,Undefined,Thousand,Tonnes per million GBP (£),0.02
2008,Activities of households as employers; undifferentiated goods and services-producing activities of households for own use,Undefined,Thousand,Tonnes per million GBP (£),0.02
2009,Activities of households as employers; undifferentiated goods and services-producing activities of households for own use,Undefined,Thousand,Tonnes per million GBP (£),0.01
2010,Activities of households as employers; undifferentiated goods and services-producing activities of households for own use,Undefined,Thousand,Tonnes per million GBP (£),0.01
2011,Activities of households as employers; undifferentiated goods and services-producing activities of households for own use,Undefined,Thousand,Tonnes per million GBP (£),0.01
2012,Activities of households as employers; undifferentiated goods and services-producing activities of households for own use,Undefined,Thousand,Tonnes per million GBP (£),0.01
2013,Activities of households as employers; undifferentiated goods and services-producing activities of households for own use,Undefined,Thousand,Tonnes per million GBP (£),0.01
2014,Activities of households as employers; undifferentiated goods and services-producing activities of households for own use,Undefined,Thousand,Tonnes per million GBP (£),0.01
2015,Activities of households as employers; undifferentiated goods and services-producing activities of households for own use,Undefined,Thousand,Tonnes per million GBP (£),0.01
2016,Activities of households as employers; undifferentiated goods and services-producing activities of households for own use,Undefined,Thousand,Tonnes per million GBP (£),0.01
2017,Activities of households as employers; undifferentiated goods and services-producing activities of households for own use,Undefined,Thousand,Tonnes per million GBP (£),0.01
1997,Administrative and support service activities,Undefined,Thousand,Tonnes per million GBP (£),0.08
1998,Administrative and support service activities,Undefined,Thousand,Tonnes per million GBP (£),0.07
1999,Administrative and support service activities,Undefined,Thousand,Tonnes per million GBP (£),0.07
2000,Administrative and support service activities,Undefined,Thousand,Tonnes per million GBP (£),0.07
2001,Administrative and support service activities,Undefined,Thousand,Tonnes per million GBP (£),0.06
2002,Administrative and support service activities,Undefined,Thousand,Tonnes per million GBP (£),0.06
2003,Administrative and support service activities,Undefined,Thousand,Tonnes per million GBP (£),0.06
2004,Administrative and support service activities,Undefined,Thousand,Tonnes per million GBP (£),0.06
2005,Administrative and support service activities,Undefined,Thousand,Tonnes per million GBP (£),0.05
2006,Administrative and support service activities,Undefined,Thousand,Tonnes per million GBP (£),0.05
2007,Administrative and support service activities,Undefined,Thousand,Tonnes per million GBP (£),0.05
2008,Administrative and support service activities,Undefined,Thousand,Tonnes per million GBP (£),0.05
2009,Administrative and support service activities,Undefined,Thousand,Tonnes per million GBP (£),0.05
2010,Administrative and support service activities,Undefined,Thousand,Tonnes per million GBP (£),0.05
2011,Administrative and support service activities,Undefined,Thousand,Tonnes per million GBP (£),0.04
2012,Administrative and support service activities,Undefined,Thousand,Tonnes per million GBP (£),0.04
2013,Administrative and support service activities,Undefined,Thousand,Tonnes per million GBP (£),0.04
2014,Administrative and support service activities,Undefined,Thousand,Tonnes per million GBP (£),0.03
2015,Administrative and support service activities,Undefined,Thousand,Tonnes per million GBP (£),0.03
2016,Administrative and support service activities,Undefined,Thousand,Tonnes per million GBP (£),0.03
2017,Administrative and support service activities,Undefined,Thousand,Tonnes per million GBP (£),0.03
1997,"Agriculture, forestry and fishing",Undefined,Thousand,Tonnes per million GBP (£),0.85
1998,"Agriculture, forestry and fishing",Undefined,Thousand,Tonnes per million GBP (£),0.85
1999,"Agriculture, forestry and fishing",Undefined,Thousand,Tonnes per million GBP (£),0.8
2000,"Agriculture, forestry and fishing",Undefined,Thousand,Tonnes per million GBP (£),0.71
2001,"Agriculture, forestry and fishing",Undefined,Thousand,Tonnes per million GBP (£),0.74
2002,"Agriculture, forestry and fishing",Undefined,Thousand,Tonnes per million GBP (£),0.66
2003,"Agriculture, forestry and fishing",Undefined,Thousand,Tonnes per million GBP (£),0.76
2004,"Agriculture, forestry and fishing",Undefined,Thousand,Tonnes per million GBP (£),0.78
2005,"Agriculture, forestry and fishing",Undefined,Thousand,Tonnes per million GBP (£),0.72
2006,"Agriculture, forestry and fishing",Undefined,Thousand,Tonnes per million GBP (£),0.73
2007,"Agriculture, forestry and fishing",Undefined,Thousand,Tonnes per million GBP (£),0.74
2008,"Agriculture, forestry and fishing",Undefined,Thousand,Tonnes per million GBP (£),0.7
2009,"Agriculture, forestry and fishing",Undefined,Thousand,Tonnes per million GBP (£),0.73
2010,"Agriculture, forestry and fishing",Undefined,Thousand,Tonnes per million GBP (£),0.76
2011,"Agriculture, forestry and fishing",Undefined,Thousand,Tonnes per million GBP (£),0.68
2012,"Agriculture, forestry and fishing",Undefined,Thousand,Tonnes per million GBP (£),0.74
2013,"Agriculture, forestry and fishing",Undefined,Thousand,Tonnes per million GBP (£),0.75
2014,"Agriculture, forestry and fishing",Undefined,Thousand,Tonnes per million GBP (£),0.77
2015,"Agriculture, forestry and fishing",Undefined,Thousand,Tonnes per million GBP (£),0.66
2016,"Agriculture, forestry and fishing",Undefined,Thousand,Tonnes per million GBP (£),0.73
2017,"Agriculture, forestry and fishing",Undefined,Thousand,Tonnes per million GBP (£),0.74
1997,"Arts, entertainment and recreation",Undefined,Thousand,Tonnes per million GBP (£),0.08
1998,"Arts, entertainment and recreation",Undefined,Thousand,Tonnes per million GBP (£),0.08
1999,"Arts, entertainment and recreation",Undefined,Thousand,Tonnes per million GBP (£),0.07
2000,"Arts, entertainment and recreation",Undefined,Thousand,Tonnes per million GBP (£),0.07
2001,"Arts, entertainment and recreation",Undefined,Thousand,Tonnes per million GBP (£),0.07
2002,"Arts, entertainment and recreation",Undefined,Thousand,Tonnes per million GBP (£),0.06
2003,"Arts, entertainment and recreation",Undefined,Thousand,Tonnes per million GBP (£),0.05
2004,"Arts, entertainment and recreation",Undefined,Thousand,Tonnes per million GBP (£),0.05
2005,"Arts, entertainment and recreation",Undefined,Thousand,Tonnes per million GBP (£),0.05
2006,"Arts, entertainment and recreation",Undefined,Thousand,Tonnes per million GBP (£),0.05
2007,"Arts, entertainment and recreation",Undefined,Thousand,Tonnes per million GBP (£),0.05
2008,"Arts, entertainment and recreation",Undefined,Thousand,Tonnes per million GBP (£),0.05
2009,"Arts, entertainment and recreation",Undefined,Thousand,Tonnes per million GBP (£),0.05
2010,"Arts, entertainment and recreation",Undefined,Thousand,Tonnes per million GBP (£),0.05
2011,"Arts, entertainment and recreation",Undefined,Thousand,Tonnes per million GBP (£),0.05
2012,"Arts, entertainment and recreation",Undefined,Thousand,Tonnes per million GBP (£),0.05
2013,"Arts, entertainment and recreation",Undefined,Thousand,Tonnes per million GBP (£),0.05
2014,"Arts, entertainment and recreation",Undefined,Thousand,Tonnes per million GBP (£),0.05
2015,"Arts, entertainment and recreation",Undefined,Thousand,Tonnes per million GBP (£),0.05
2016,"Arts, entertainment and recreation",Undefined,Thousand,Tonnes per million GBP (£),0.05
2017,"Arts, entertainment and recreation",Undefined,Thousand,Tonnes per million GBP (£),0.05
1997,Construction,Undefined,Thousand,Tonnes per million GBP (£),0.13
1998,Construction,Undefined,Thousand,Tonnes per million GBP (£),0.13
1999,Construction,Undefined,Thousand,Tonnes per million GBP (£),0.13
2000,Construction,Undefined,Thousand,Tonnes per million GBP (£),0.13
2001,Construction,Undefined,Thousand,Tonnes per million GBP (£),0.13
2002,Construction,Undefined,Thousand,Tonnes per million GBP (£),0.13
2003,Construction,Undefined,Thousand,Tonnes per million GBP (£),0.12
2004,Construction,Undefined,Thousand,Tonnes per million GBP (£),0.12
2005,Construction,Undefined,Thousand,Tonnes per million GBP (£),0.12
2006,Construction,Undefined,Thousand,Tonnes per million GBP (£),0.12
2007,Construction,Undefined,Thousand,Tonnes per million GBP (£),0.13
2008,Construction,Undefined,Thousand,Tonnes per million GBP (£),0.13
2009,Construction,Undefined,Thousand,Tonnes per million GBP (£),0.13
2010,Construction,Undefined,Thousand,Tonnes per million GBP (£),0.12
2011,Construction,Undefined,Thousand,Tonnes per million GBP (£),0.12
2012,Construction,Undefined,Thousand,Tonnes per million GBP (£),0.13
2013,Construction,Undefined,Thousand,Tonnes per million GBP (£),0.12
2014,Construction,Undefined,Thousand,Tonnes per million GBP (£),0.11
2015,Construction,Undefined,Thousand,Tonnes per million GBP (£),0.12
2016,Construction,Undefined,Thousand,Tonnes per million GBP (£),0.11
2017,Construction,Undefined,Thousand,Tonnes per million GBP (£),0.11
1997,Education,Undefined,Thousand,Tonnes per million GBP (£),0.06
1998,Education,Undefined,Thousand,Tonnes per million GBP (£),0.06
1999,Education,Undefined,Thousand,Tonnes per million GBP (£),0.05
2000,Education,Undefined,Thousand,Tonnes per million GBP (£),0.05
2001,Education,Undefined,Thousand,Tonnes per million GBP (£),0.04
2002,Education,Undefined,Thousand,Tonnes per million GBP (£),0.04
2003,Education,Undefined,Thousand,Tonnes per million GBP (£),0.03
2004,Education,Undefined,Thousand,Tonnes per million GBP (£),0.03
2005,Education,Undefined,Thousand,Tonnes per million GBP (£),0.03
2006,Education,Undefined,Thousand,Tonnes per million GBP (£),0.03
2007,Education,Undefined,Thousand,Tonnes per million GBP (£),0.03
2008,Education,Undefined,Thousand,Tonnes per million GBP (£),0.04
2009,Education,Undefined,Thousand,Tonnes per million GBP (£),0.03
2010,Education,Undefined,Thousand,Tonnes per million GBP (£),0.04
2011,Education,Undefined,Thousand,Tonnes per million GBP (£),0.03
2012,Education,Undefined,Thousand,Tonnes per million GBP (£),0.03
2013,Education,Undefined,Thousand,Tonnes per million GBP (£),0.03
2014,Education,Undefined,Thousand,Tonnes per million GBP (£),0.03
2015,Education,Undefined,Thousand,Tonnes per million GBP (£),0.02
2016,Education,Undefined,Thousand,Tonnes per million GBP (£),0.03
2017,Education,Undefined,Thousand,Tonnes per million GBP (£),0.02
1997,"Electricity, gas, steam and air conditioning supply",Undefined,Thousand,Tonnes per million GBP (£),5.78
1998,"Electricity, gas, steam and air conditioning supply",Undefined,Thousand,Tonnes per million GBP (£),5.78
1999,"Electricity, gas, steam and air conditioning supply",Undefined,Thousand,Tonnes per million GBP (£),5.28
2000,"Electricity, gas, steam and air conditioning supply",Undefined,Thousand,Tonnes per million GBP (£),5.44
2001,"Electricity, gas, steam and air conditioning supply",Undefined,Thousand,Tonnes per million GBP (£),5.63
2002,"Electricity, gas, steam and air conditioning supply",Undefined,Thousand,Tonnes per million GBP (£),5.44
2003,"Electricity, gas, steam and air conditioning supply",Undefined,Thousand,Tonnes per million GBP (£),5.67
2004,"Electricity, gas, steam and air conditioning supply",Undefined,Thousand,Tonnes per million GBP (£),5.57
2005,"Electricity, gas, steam and air conditioning supply",Undefined,Thousand,Tonnes per million GBP (£),5.65
2006,"Electricity, gas, steam and air conditioning supply",Undefined,Thousand,Tonnes per million GBP (£),5.92
2007,"Electricity, gas, steam and air conditioning supply",Undefined,Thousand,Tonnes per million GBP (£),5.74
2008,"Electricity, gas, steam and air conditioning supply",Undefined,Thousand,Tonnes per million GBP (£),5.5
2009,"Electricity, gas, steam and air conditioning supply",Undefined,Thousand,Tonnes per million GBP (£),4.97
2010,"Electricity, gas, steam and air conditioning supply",Undefined,Thousand,Tonnes per million GBP (£),4.98
2011,"Electricity, gas, steam and air conditioning supply",Undefined,Thousand,Tonnes per million GBP (£),4.9
2012,"Electricity, gas, steam and air conditioning supply",Undefined,Thousand,Tonnes per million GBP (£),5.4
2013,"Electricity, gas, steam and air conditioning supply",Undefined,Thousand,Tonnes per million GBP (£),5.13
2014,"Electricity, gas, steam and air conditioning supply",Undefined,Thousand,Tonnes per million GBP (£),4.74
2015,"Electricity, gas, steam and air conditioning supply",Undefined,Thousand,Tonnes per million GBP (£),4.15
2016,"Electricity, gas, steam and air conditioning supply",Undefined,Thousand,Tonnes per million GBP (£),3.35
2017,"Electricity, gas, steam and air conditioning supply",Undefined,Thousand,Tonnes per million GBP (£),3.1
1997,Financial and insurance activities,Undefined,Thousand,Tonnes per million GBP (£),0.0
1998,Financial and insurance activities,Undefined,Thousand,Tonnes per million GBP (£),0.0
1999,Financial and insurance activities,Undefined,Thousand,Tonnes per million GBP (£),0.0
2000,Financial and insurance activities,Undefined,Thousand,Tonnes per million GBP (£),0.0
2001,Financial and insurance activities,Undefined,Thousand,Tonnes per million GBP (£),0.0
2002,Financial and insurance activities,Undefined,Thousand,Tonnes per million GBP (£),0.0
2003,Financial and insurance activities,Undefined,Thousand,Tonnes per million GBP (£),0.0
2004,Financial and insurance activities,Undefined,Thousand,Tonnes per million GBP (£),0.0
2005,Financial and insurance activities,Undefined,Thousand,Tonnes per million GBP (£),0.0
2006,Financial and insurance activities,Undefined,Thousand,Tonnes per million GBP (£),0.0
2007,Financial and insurance activities,Undefined,Thousand,Tonnes per million GBP (£),0.0
2008,Financial and insurance activities,Undefined,Thousand,Tonnes per million GBP (£),0.0
2009,Financial and insurance activities,Undefined,Thousand,Tonnes per million GBP (£),0.0
2010,Financial and insurance activities,Undefined,Thousand,Tonnes per million GBP (£),0.0
2011,Financial and insurance activities,Undefined,Thousand,Tonnes per million GBP (£),0.0
2012,Financial and insurance activities,Undefined,Thousand,Tonnes per million GBP (£),0.0
2013,Financial and insurance activities,Undefined,Thousand,Tonnes per million GBP (£),0.0
2014,Financial and insurance activities,Undefined,Thousand,Tonnes per million GBP (£),0.0
2015,Financial and insurance activities,Undefined,Thousand,Tonnes per million GBP (£),0.0
2016,Financial and insurance activities,Undefined,Thousand,Tonnes per million GBP (£),0.0
2017,Financial and insurance activities,Undefined,Thousand,Tonnes per million GBP (£),0.0
1997,Human health and social work activities,Undefined,Thousand,Tonnes per million GBP (£),0.07
1998,Human health and social work activities,Undefined,Thousand,Tonnes per million GBP (£),0.07
1999,Human health and social work activities,Undefined,Thousand,Tonnes per million GBP (£),0.06
2000,Human health and social work activities,Undefined,Thousand,Tonnes per million GBP (£),0.05
2001,Human health and social work activities,Undefined,Thousand,Tonnes per million GBP (£),0.06
2002,Human health and social work activities,Undefined,Thousand,Tonnes per million GBP (£),0.05
2003,Human health and social work activities,Undefined,Thousand,Tonnes per million GBP (£),0.04
2004,Human health and social work activities,Undefined,Thousand,Tonnes per million GBP (£),0.05
2005,Human health and social work activities,Undefined,Thousand,Tonnes per million GBP (£),0.04
2006,Human health and social work activities,Undefined,Thousand,Tonnes per million GBP (£),0.04
2007,Human health and social work activities,Undefined,Thousand,Tonnes per million GBP (£),0.04
2008,Human health and social work activities,Undefined,Thousand,Tonnes per million GBP (£),0.04
2009,Human health and social work activities,Undefined,Thousand,Tonnes per million GBP (£),0.04
2010,Human health and social work activities,Undefined,Thousand,Tonnes per million GBP (£),0.04
2011,Human health and social work activities,Undefined,Thousand,Tonnes per million GBP (£),0.03
2012,Human health and social work activities,Undefined,Thousand,Tonnes per million GBP (£),0.04
2013,Human health and social work activities,Undefined,Thousand,Tonnes per million GBP (£),0.04
2014,Human health and social work activities,Undefined,Thousand,Tonnes per million GBP (£),0.03
2015,Human health and social work activities,Undefined,Thousand,Tonnes per million GBP (£),0.04
2016,Human health and social work activities,Undefined,Thousand,Tonnes per million GBP (£),0.04
2017,Human health and social work activities,Undefined,Thousand,Tonnes per million GBP (£),0.03
1997,Information and communication,Undefined,Thousand,Tonnes per million GBP (£),0.04
1998,Information and communication,Undefined,Thousand,Tonnes per million GBP (£),0.03
1999,Information and communication,Undefined,Thousand,Tonnes per million GBP (£),0.03
2000,Information and communication,Undefined,Thousand,Tonnes per million GBP (£),0.03
2001,Information and communication,Undefined,Thousand,Tonnes per million GBP (£),0.02
2002,Information and communication,Undefined,Thousand,Tonnes per million GBP (£),0.02
2003,Information and communication,Undefined,Thousand,Tonnes per million GBP (£),0.02
2004,Information and communication,Undefined,Thousand,Tonnes per million GBP (£),0.02
2005,Information and communication,Undefined,Thousand,Tonnes per million GBP (£),0.02
2006,Information and communication,Undefined,Thousand,Tonnes per million GBP (£),0.02
2007,Information and communication,Undefined,Thousand,Tonnes per million GBP (£),0.02
2008,Information and communication,Undefined,Thousand,Tonnes per million GBP (£),0.02
2009,Information and communication,Undefined,Thousand,Tonnes per million GBP (£),0.01
2010,Information and communication,Undefined,Thousand,Tonnes per million GBP (£),0.01
2011,Information and communication,Undefined,Thousand,Tonnes per million GBP (£),0.01
2012,Information and communication,Undefined,Thousand,Tonnes per million GBP (£),0.01
2013,Information and communication,Undefined,Thousand,Tonnes per million GBP (£),0.01
2014,Information and communication,Undefined,Thousand,Tonnes per million GBP (£),0.01
2015,Information and communication,Undefined,Thousand,Tonnes per million GBP (£),0.01
2016,Information and communication,Undefined,Thousand,Tonnes per million GBP (£),0.01
2017,Information and communication,Undefined,Thousand,Tonnes per million GBP (£),0.01
1997,Manufacturing,Undefined,Thousand,Tonnes per million GBP (£),0.75
1998,Manufacturing,Undefined,Thousand,Tonnes per million GBP (£),0.71
1999,Manufacturing,Undefined,Thousand,Tonnes per million GBP (£),0.72
2000,Manufacturing,Undefined,Thousand,Tonnes per million GBP (£),0.68
2001,Manufacturing,Undefined,Thousand,Tonnes per million GBP (£),0.67
2002,Manufacturing,Undefined,Thousand,Tonnes per million GBP (£),0.65
2003,Manufacturing,Undefined,Thousand,Tonnes per million GBP (£),0.67
2004,Manufacturing,Undefined,Thousand,Tonnes per million GBP (£),0.65
2005,Manufacturing,Undefined,Thousand,Tonnes per million GBP (£),0.65
2006,Manufacturing,Undefined,Thousand,Tonnes per million GBP (£),0.62
2007,Manufacturing,Undefined,Thousand,Tonnes per million GBP (£),0.61
2008,Manufacturing,Undefined,Thousand,Tonnes per million GBP (£),0.59
2009,Manufacturing,Undefined,Thousand,Tonnes per million GBP (£),0.55
2010,Manufacturing,Undefined,Thousand,Tonnes per million GBP (£),0.55
2011,Manufacturing,Undefined,Thousand,Tonnes per million GBP (£),0.52
2012,Manufacturing,Undefined,Thousand,Tonnes per million GBP (£),0.51
2013,Manufacturing,Undefined,Thousand,Tonnes per million GBP (£),0.52
2014,Manufacturing,Undefined,Thousand,Tonnes per million GBP (£),0.5
2015,Manufacturing,Undefined,Thousand,Tonnes per million GBP (£),0.5
2016,Manufacturing,Undefined,Thousand,Tonnes per million GBP (£),0.46
2017,Manufacturing,Undefined,Thousand,Tonnes per million GBP (£),0.45
1997,Mining and quarrying,Undefined,Thousand,Tonnes per million GBP (£),0.75
1998,Mining and quarrying,Undefined,Thousand,Tonnes per million GBP (£),0.75
1999,Mining and quarrying,Undefined,Thousand,Tonnes per million GBP (£),0.71
2000,Mining and quarrying,Undefined,Thousand,Tonnes per million GBP (£),0.73
2001,Mining and quarrying,Undefined,Thousand,Tonnes per million GBP (£),0.78
2002,Mining and quarrying,Undefined,Thousand,Tonnes per million GBP (£),0.8
2003,Mining and quarrying,Undefined,Thousand,Tonnes per million GBP (£),0.78
2004,Mining and quarrying,Undefined,Thousand,Tonnes per million GBP (£),0.82
2005,Mining and quarrying,Undefined,Thousand,Tonnes per million GBP (£),0.89
2006,Mining and quarrying,Undefined,Thousand,Tonnes per million GBP (£),0.86
2007,Mining and quarrying,Undefined,Thousand,Tonnes per million GBP (£),0.88
2008,Mining and quarrying,Undefined,Thousand,Tonnes per million GBP (£),0.91
2009,Mining and quarrying,Undefined,Thousand,Tonnes per million GBP (£),0.98
2010,Mining and quarrying,Undefined,Thousand,Tonnes per million GBP (£),1.01
2011,Mining and quarrying,Undefined,Thousand,Tonnes per million GBP (£),1.04
2012,Mining and quarrying,Undefined,Thousand,Tonnes per million GBP (£),1.09
2013,Mining and quarrying,Undefined,Thousand,Tonnes per million GBP (£),1.09
2014,Mining and quarrying,Undefined,Thousand,Tonnes per million GBP (£),1.09
2015,Mining and quarrying,Undefined,Thousand,Tonnes per million GBP (£),1.1
2016,Mining and quarrying,Undefined,Thousand,Tonnes per million GBP (£),1.07
2017,Mining and quarrying,Undefined,Thousand,Tonnes per million GBP (£),1.05
1997,Other service activities,Undefined,Thousand,Tonnes per million GBP (£),0.05
1998,Other service activities,Undefined,Thousand,Tonnes per million GBP (£),0.05
1999,Other service activities,Undefined,Thousand,Tonnes per million GBP (£),0.05
2000,Other service activities,Undefined,Thousand,Tonnes per million GBP (£),0.05
2001,Other service activities,Undefined,Thousand,Tonnes per million GBP (£),0.05
2002,Other service activities,Undefined,Thousand,Tonnes per million GBP (£),0.04
2003,Other service activities,Undefined,Thousand,Tonnes per million GBP (£),0.05
2004,Other service activities,Undefined,Thousand,Tonnes per million GBP (£),0.04
2005,Other service activities,Undefined,Thousand,Tonnes per million GBP (£),0.04
2006,Other service activities,Undefined,Thousand,Tonnes per million GBP (£),0.04
2007,Other service activities,Undefined,Thousand,Tonnes per million GBP (£),0.04
2008,Other service activities,Undefined,Thousand,Tonnes per million GBP (£),0.04
2009,Other service activities,Undefined,Thousand,Tonnes per million GBP (£),0.04
2010,Other service activities,Undefined,Thousand,Tonnes per million GBP (£),0.04
2011,Other service activities,Undefined,Thousand,Tonnes per million GBP (£),0.03
2012,Other service activities,Undefined,Thousand,Tonnes per million GBP (£),0.04
2013,Other service activities,Undefined,Thousand,Tonnes per million GBP (£),0.04
2014,Other service activities,Undefined,Thousand,Tonnes per million GBP (£),0.03
2015,Other service activities,Undefined,Thousand,Tonnes per million GBP (£),0.03
2016,Other service activities,Undefined,Thousand,Tonnes per million GBP (£),0.03
2017,Other service activities,Undefined,Thousand,Tonnes per million GBP (£),0.03
1997,"Professional, scientific and technical activities",Undefined,Thousand,Tonnes per million GBP (£),0.05
1998,"Professional, scientific and technical activities",Undefined,Thousand,Tonnes per million GBP (£),0.04
1999,"Professional, scientific and technical activities",Undefined,Thousand,Tonnes per million GBP (£),0.04
2000,"Professional, scientific and technical activities",Undefined,Thousand,Tonnes per million GBP (£),0.04
2001,"Professional, scientific and technical activities",Undefined,Thousand,Tonnes per million GBP (£),0.04
2002,"Professional, scientific and technical activities",Undefined,Thousand,Tonnes per million GBP (£),0.03
2003,"Professional, scientific and technical activities",Undefined,Thousand,Tonnes per million GBP (£),0.03
2004,"Professional, scientific and technical activities",Undefined,Thousand,Tonnes per million GBP (£),0.03
2005,"Professional, scientific and technical activities",Undefined,Thousand,Tonnes per million GBP (£),0.03
2006,"Professional, scientific and technical activities",Undefined,Thousand,Tonnes per million GBP (£),0.02
2007,"Professional, scientific and technical activities",Undefined,Thousand,Tonnes per million GBP (£),0.02
2008,"Professional, scientific and technical activities",Undefined,Thousand,Tonnes per million GBP (£),0.02
2009,"Professional, scientific and technical activities",Undefined,Thousand,Tonnes per million GBP (£),0.02
2010,"Professional, scientific and technical activities",Undefined,Thousand,Tonnes per million GBP (£),0.02
2011,"Professional, scientific and technical activities",Undefined,Thousand,Tonnes per million GBP (£),0.02
2012,"Professional, scientific and technical activities",Undefined,Thousand,Tonnes per million GBP (£),0.02
2013,"Professional, scientific and technical activities",Undefined,Thousand,Tonnes per million GBP (£),0.02
2014,"Professional, scientific and technical activities",Undefined,Thousand,Tonnes per million GBP (£),0.01
2015,"Professional, scientific and technical activities",Undefined,Thousand,Tonnes per million GBP (£),0.01
2016,"Professional, scientific and technical activities",Undefined,Thousand,Tonnes per million GBP (£),0.01
2017,"Professional, scientific and technical activities",Undefined,Thousand,Tonnes per million GBP (£),0.01
1997,Public administration and defence; compulsory social security,Undefined,Thousand,Tonnes per million GBP (£),0.12
1998,Public administration and defence; compulsory social security,Undefined,Thousand,Tonnes per million GBP (£),0.11
1999,Public administration and defence; compulsory social security,Undefined,Thousand,Tonnes per million GBP (£),0.11
2000,Public administration and defence; compulsory social security,Undefined,Thousand,Tonnes per million GBP (£),0.11
2001,Public administration and defence; compulsory social security,Undefined,Thousand,Tonnes per million GBP (£),0.1
2002,Public administration and defence; compulsory social security,Undefined,Thousand,Tonnes per million GBP (£),0.09
2003,Public administration and defence; compulsory social security,Undefined,Thousand,Tonnes per million GBP (£),0.09
2004,Public administration and defence; compulsory social security,Undefined,Thousand,Tonnes per million GBP (£),0.09
2005,Public administration and defence; compulsory social security,Undefined,Thousand,Tonnes per million GBP (£),0.09
2006,Public administration and defence; compulsory social security,Undefined,Thousand,Tonnes per million GBP (£),0.08
2007,Public administration and defence; compulsory social security,Undefined,Thousand,Tonnes per million GBP (£),0.08
2008,Public administration and defence; compulsory social security,Undefined,Thousand,Tonnes per million GBP (£),0.07
2009,Public administration and defence; compulsory social security,Undefined,Thousand,Tonnes per million GBP (£),0.07
2010,Public administration and defence; compulsory social security,Undefined,Thousand,Tonnes per million GBP (£),0.07
2011,Public administration and defence; compulsory social security,Undefined,Thousand,Tonnes per million GBP (£),0.07
2012,Public administration and defence; compulsory social security,Undefined,Thousand,Tonnes per million GBP (£),0.07
2013,Public administration and defence; compulsory social security,Undefined,Thousand,Tonnes per million GBP (£),0.06
2014,Public administration and defence; compulsory social security,Undefined,Thousand,Tonnes per million GBP (£),0.06
2015,Public administration and defence; compulsory social security,Undefined,Thousand,Tonnes per million GBP (£),0.06
2016,Public administration and defence; compulsory social security,Undefined,Thousand,Tonnes per million GBP (£),0.06
2017,Public administration and defence; compulsory social security,Undefined,Thousand,Tonnes per million GBP (£),0.06
1997,Real estate activities,Undefined,Thousand,Tonnes per million GBP (£),0.0
1998,Real estate activities,Undefined,Thousand,Tonnes per million GBP (£),0.0
1999,Real estate activities,Undefined,Thousand,Tonnes per million GBP (£),0.01
2000,Real estate activities,Undefined,Thousand,Tonnes per million GBP (£),0.0
2001,Real estate activities,Undefined,Thousand,Tonnes per million GBP (£),0.0
2002,Real estate activities,Undefined,Thousand,Tonnes per million GBP (£),0.0
2003,Real estate activities,Undefined,Thousand,Tonnes per million GBP (£),0.0
2004,Real estate activities,Undefined,Thousand,Tonnes per million GBP (£),0.0
2005,Real estate activities,Undefined,Thousand,Tonnes per million GBP (£),0.0
2006,Real estate activities,Undefined,Thousand,Tonnes per million GBP (£),0.0
2007,Real estate activities,Undefined,Thousand,Tonnes per million GBP (£),0.0
2008,Real estate activities,Undefined,Thousand,Tonnes per million GBP (£),0.0
2009,Real estate activities,Undefined,Thousand,Tonnes per million GBP (£),0.0
2010,Real estate activities,Undefined,Thousand,Tonnes per million GBP (£),0.0
2011,Real estate activities,Undefined,Thousand,Tonnes per million GBP (£),0.0
2012,Real estate activities,Undefined,Thousand,Tonnes per million GBP (£),0.0
2013,Real estate activities,Undefined,Thousand,Tonnes per million GBP (£),0.0
2014,Real estate activities,Undefined,Thousand,Tonnes per million GBP (£),0.0
2015,Real estate activities,Undefined,Thousand,Tonnes per million GBP (£),0.0
2016,Real estate activities,Undefined,Thousand,Tonnes per million GBP (£),0.0
2017,Real estate activities,Undefined,Thousand,Tonnes per million GBP (£),0.0
1997,Transport and storage,Undefined,Thousand,Tonnes per million GBP (£),1.36
1998,Transport and storage,Undefined,Thousand,Tonnes per million GBP (£),1.35
1999,Transport and storage,Undefined,Thousand,Tonnes per million GBP (£),1.27
2000,Transport and storage,Undefined,Thousand,Tonnes per million GBP (£),1.23
2001,Transport and storage,Undefined,Thousand,Tonnes per million GBP (£),1.28
2002,Transport and storage,Undefined,Thousand,Tonnes per million GBP (£),1.28
2003,Transport and storage,Undefined,Thousand,Tonnes per million GBP (£),1.27
2004,Transport and storage,Undefined,Thousand,Tonnes per million GBP (£),1.3
2005,Transport and storage,Undefined,Thousand,Tonnes per million GBP (£),1.25
2006,Transport and storage,Undefined,Thousand,Tonnes per million GBP (£),1.18
2007,Transport and storage,Undefined,Thousand,Tonnes per million GBP (£),1.17
2008,Transport and storage,Undefined,Thousand,Tonnes per million GBP (£),1.17
2009,Transport and storage,Undefined,Thousand,Tonnes per million GBP (£),1.21
2010,Transport and storage,Undefined,Thousand,Tonnes per million GBP (£),1.21
2011,Transport and storage,Undefined,Thousand,Tonnes per million GBP (£),1.21
2012,Transport and storage,Undefined,Thousand,Tonnes per million GBP (£),1.14
2013,Transport and storage,Undefined,Thousand,Tonnes per million GBP (£),1.09
2014,Transport and storage,Undefined,Thousand,Tonnes per million GBP (£),1.08
2015,Transport and storage,Undefined,Thousand,Tonnes per million GBP (£),1.09
2016,Transport and storage,Undefined,Thousand,Tonnes per million GBP (£),1.1
2017,Transport and storage,Undefined,Thousand,Tonnes per million GBP (£),1.07
1997,"Water supply; sewerage, waste management and remediation activities",Undefined,Thousand,Tonnes per million GBP (£),0.28
1998,"Water supply; sewerage, waste management and remediation activities",Undefined,Thousand,Tonnes per million GBP (£),0.44
1999,"Water supply; sewerage, waste management and remediation activities",Undefined,Thousand,Tonnes per million GBP (£),0.29
2000,"Water supply; sewerage, waste management and remediation activities",Undefined,Thousand,Tonnes per million GBP (£),0.29
2001,"Water supply; sewerage, waste management and remediation activities",Undefined,Thousand,Tonnes per million GBP (£),0.3
2002,"Water supply; sewerage, waste management and remediation activities",Undefined,Thousand,Tonnes per million GBP (£),0.25
2003,"Water supply; sewerage, waste management and remediation activities",Undefined,Thousand,Tonnes per million GBP (£),0.22
2004,"Water supply; sewerage, waste management and remediation activities",Undefined,Thousand,Tonnes per million GBP (£),0.23
2005,"Water supply; sewerage, waste management and remediation activities",Undefined,Thousand,Tonnes per million GBP (£),0.22
2006,"Water supply; sewerage, waste management and remediation activities",Undefined,Thousand,Tonnes per million GBP (£),0.24
2007,"Water supply; sewerage, waste management and remediation activities",Undefined,Thousand,Tonnes per million GBP (£),0.22
2008,"Water supply; sewerage, waste management and remediation activities",Undefined,Thousand,Tonnes per million GBP (£),0.18
2009,"Water supply; sewerage, waste management and remediation activities",Undefined,Thousand,Tonnes per million GBP (£),0.19
2010,"Water supply; sewerage, waste management and remediation activities",Undefined,Thousand,Tonnes per million GBP (£),0.2
2011,"Water supply; sewerage, waste management and remediation activities",Undefined,Thousand,Tonnes per million GBP (£),0.19
2012,"Water supply; sewerage, waste management and remediation activities",Undefined,Thousand,Tonnes per million GBP (£),0.19
2013,"Water supply; sewerage, waste management and remediation activities",Undefined,Thousand,Tonnes per million GBP (£),0.18
2014,"Water supply; sewerage, waste management and remediation activities",Undefined,Thousand,Tonnes per million GBP (£),0.19
2015,"Water supply; sewerage, waste management and remediation activities",Undefined,Thousand,Tonnes per million GBP (£),0.2
2016,"Water supply; sewerage, waste management and remediation activities",Undefined,Thousand,Tonnes per million GBP (£),0.21
2017,"Water supply; sewerage, waste management and remediation activities",Undefined,Thousand,Tonnes per million GBP (£),0.21
1997,Wholesale and retail trade; repair of motor vehicles and motorcycles,Undefined,Thousand,Tonnes per million GBP (£),0.1
1998,Wholesale and retail trade; repair of motor vehicles and motorcycles,Undefined,Thousand,Tonnes per million GBP (£),0.1
1999,Wholesale and retail trade; repair of motor vehicles and motorcycles,Undefined,Thousand,Tonnes per million GBP (£),0.1
2000,Wholesale and retail trade; repair of motor vehicles and motorcycles,Undefined,Thousand,Tonnes per million GBP (£),0.1
2001,Wholesale and retail trade; repair of motor vehicles and motorcycles,Undefined,Thousand,Tonnes per million GBP (£),0.09
2002,Wholesale and retail trade; repair of motor vehicles and motorcycles,Undefined,Thousand,Tonnes per million GBP (£),0.08
2003,Wholesale and retail trade; repair of motor vehicles and motorcycles,Undefined,Thousand,Tonnes per million GBP (£),0.08
2004,Wholesale and retail trade; repair of motor vehicles and motorcycles,Undefined,Thousand,Tonnes per million GBP (£),0.08
2005,Wholesale and retail trade; repair of motor vehicles and motorcycles,Undefined,Thousand,Tonnes per million GBP (£),0.08
2006,Wholesale and retail trade; repair of motor vehicles and motorcycles,Undefined,Thousand,Tonnes per million GBP (£),0.08
2007,Wholesale and retail trade; repair of motor vehicles and motorcycles,Undefined,Thousand,Tonnes per million GBP (£),0.07
2008,Wholesale and retail trade; repair of motor vehicles and motorcycles,Undefined,Thousand,Tonnes per million GBP (£),0.08
2009,Wholesale and retail trade; repair of motor vehicles and motorcycles,Undefined,Thousand,Tonnes per million GBP (£),0.08
2010,Wholesale and retail trade; repair of motor vehicles and motorcycles,Undefined,Thousand,Tonnes per million GBP (£),0.08
2011,Wholesale and retail trade; repair of motor vehicles and motorcycles,Undefined,Thousand,Tonnes per million GBP (£),0.08
2012,Wholesale and retail trade; repair of motor vehicles and motorcycles,Undefined,Thousand,Tonnes per million GBP (£),0.08
2013,Wholesale and retail trade; repair of motor vehicles and motorcycles,Undefined,Thousand,Tonnes per million GBP (£),0.07
2014,Wholesale and retail trade; repair of motor vehicles and motorcycles,Undefined,Thousand,Tonnes per million GBP (£),0.07
2015,Wholesale and retail trade; repair of motor vehicles and motorcycles,Undefined,Thousand,Tonnes per million GBP (£),0.07
2016,Wholesale and retail trade; repair of motor vehicles and motorcycles,Undefined,Thousand,Tonnes per million GBP (£),0.07
2017,Wholesale and retail trade; repair of motor vehicles and motorcycles,Undefined,Thousand,Tonnes per million GBP (£),0.07
1997,,Undefined,Thousand,Tonnes per million GBP (£),0.51
1998,,Undefined,Thousand,Tonnes per million GBP (£),0.5
1999,,Undefined,Thousand,Tonnes per million GBP (£),0.48
2000,,Undefined,Thousand,Tonnes per million GBP (£),0.47
2001,,Undefined,Thousand,Tonnes per million GBP (£),0.46
2002,,Undefined,Thousand,Tonnes per million GBP (£),0.44
2003,,Undefined,Thousand,Tonnes per million GBP (£),0.44
2004,,Undefined,Thousand,Tonnes per million GBP (£),0.44
2005,,Undefined,Thousand,Tonnes per million GBP (£),0.42
2006,,Undefined,Thousand,Tonnes per million GBP (£),0.41
2007,,Undefined,Thousand,Tonnes per million GBP (£),0.39
2008,,Undefined,Thousand,Tonnes per million GBP (£),0.38
2009,,Undefined,Thousand,Tonnes per million GBP (£),0.37
2010,,Undefined,Thousand,Tonnes per million GBP (£),0.37
2011,,Undefined,Thousand,Tonnes per million GBP (£),0.34
2012,,Undefined,Thousand,Tonnes per million GBP (£),0.35
2013,,Undefined,Thousand,Tonnes per million GBP (£),0.34
2014,,Undefined,Thousand,Tonnes per million GBP (£),0.31
2015,,Undefined,Thousand,Tonnes per million GBP (£),0.3
2016,,Undefined,Thousand,Tonnes per million GBP (£),0.28
2017,,Undefined,Thousand,Tonnes per million GBP (£),0.27
